--
-- PostgreSQL database dump
--

-- Dumped from database version 12.9 (Ubuntu 12.9-2.heroku1+1)
-- Dumped by pg_dump version 12.1

SET statement_timeout = 0;
SET lock_timeout = 0;
SET idle_in_transaction_session_timeout = 0;
SET client_encoding = 'UTF8';
SET standard_conforming_strings = on;
SELECT pg_catalog.set_config('search_path', '', false);
SET check_function_bodies = false;
SET xmloption = content;
SET client_min_messages = warning;
SET row_security = off;

SET default_tablespace = '';


--
-- Name: department; Type: TABLE; Schema: public; Owner: -
--

CREATE TABLE public.department (
    id bigint NOT NULL,
    disable boolean DEFAULT false,
    name character varying(255) NOT NULL
);


--
-- Name: department_id_seq; Type: SEQUENCE; Schema: public; Owner: -
--

CREATE SEQUENCE public.department_id_seq
    START WITH 1
    INCREMENT BY 1
    NO MINVALUE
    NO MAXVALUE
    CACHE 1;


--
-- Name: department_id_seq; Type: SEQUENCE OWNED BY; Schema: public; Owner: -
--

ALTER SEQUENCE public.department_id_seq OWNED BY public.department.id;


--
-- Name: groups; Type: TABLE; Schema: public; Owner: -
--

CREATE TABLE public.groups (
    id bigint NOT NULL,
    disable boolean DEFAULT false,
    title character varying(35) NOT NULL
);


--
-- Name: groups_id_seq; Type: SEQUENCE; Schema: public; Owner: -
--

CREATE SEQUENCE public.groups_id_seq
    START WITH 1
    INCREMENT BY 1
    NO MINVALUE
    NO MAXVALUE
    CACHE 1;


--
-- Name: groups_id_seq; Type: SEQUENCE OWNED BY; Schema: public; Owner: -
--

ALTER SEQUENCE public.groups_id_seq OWNED BY public.groups.id;


--
-- Name: lessons; Type: TABLE; Schema: public; Owner: -
--

CREATE TABLE public.lessons (
    id bigint NOT NULL,
    hours integer NOT NULL,
    lessontype character varying(255) NOT NULL,
    subject_for_site character varying(255) NOT NULL,
    group_id integer NOT NULL,
    subject_id integer NOT NULL,
    teacher_id integer NOT NULL,
    grouped boolean DEFAULT false,
    semester_id integer NOT NULL,
    link_to_meeting character varying(255),
    CONSTRAINT lessons_hours_check CHECK ((hours >= 1))
);


--
-- Name: lessons_group_id_seq; Type: SEQUENCE; Schema: public; Owner: -
--

CREATE SEQUENCE public.lessons_group_id_seq
    AS integer
    START WITH 1
    INCREMENT BY 1
    NO MINVALUE
    NO MAXVALUE
    CACHE 1;


--
-- Name: lessons_group_id_seq; Type: SEQUENCE OWNED BY; Schema: public; Owner: -
--

ALTER SEQUENCE public.lessons_group_id_seq OWNED BY public.lessons.group_id;


--
-- Name: lessons_id_seq; Type: SEQUENCE; Schema: public; Owner: -
--

CREATE SEQUENCE public.lessons_id_seq
    START WITH 1
    INCREMENT BY 1
    NO MINVALUE
    NO MAXVALUE
    CACHE 1;


--
-- Name: lessons_id_seq; Type: SEQUENCE OWNED BY; Schema: public; Owner: -
--

ALTER SEQUENCE public.lessons_id_seq OWNED BY public.lessons.id;


--
-- Name: lessons_semester_id_seq; Type: SEQUENCE; Schema: public; Owner: -
--

CREATE SEQUENCE public.lessons_semester_id_seq
    AS integer
    START WITH 1
    INCREMENT BY 1
    NO MINVALUE
    NO MAXVALUE
    CACHE 1;


--
-- Name: lessons_semester_id_seq; Type: SEQUENCE OWNED BY; Schema: public; Owner: -
--

ALTER SEQUENCE public.lessons_semester_id_seq OWNED BY public.lessons.semester_id;


--
-- Name: lessons_subject_id_seq; Type: SEQUENCE; Schema: public; Owner: -
--

CREATE SEQUENCE public.lessons_subject_id_seq
    AS integer
    START WITH 1
    INCREMENT BY 1
    NO MINVALUE
    NO MAXVALUE
    CACHE 1;


--
-- Name: lessons_subject_id_seq; Type: SEQUENCE OWNED BY; Schema: public; Owner: -
--

ALTER SEQUENCE public.lessons_subject_id_seq OWNED BY public.lessons.subject_id;


--
-- Name: lessons_teacher_id_seq; Type: SEQUENCE; Schema: public; Owner: -
--

CREATE SEQUENCE public.lessons_teacher_id_seq
    AS integer
    START WITH 1
    INCREMENT BY 1
    NO MINVALUE
    NO MAXVALUE
    CACHE 1;


--
-- Name: lessons_teacher_id_seq; Type: SEQUENCE OWNED BY; Schema: public; Owner: -
--

ALTER SEQUENCE public.lessons_teacher_id_seq OWNED BY public.lessons.teacher_id;


--
-- Name: periods; Type: TABLE; Schema: public; Owner: -
--

CREATE TABLE public.periods (
    id bigint NOT NULL,
    end_time time without time zone NOT NULL,
    name character varying(35) NOT NULL,
    start_time time without time zone NOT NULL
);


--
-- Name: periods_id_seq; Type: SEQUENCE; Schema: public; Owner: -
--

CREATE SEQUENCE public.periods_id_seq
    START WITH 1
    INCREMENT BY 1
    NO MINVALUE
    NO MAXVALUE
    CACHE 1;


--
-- Name: periods_id_seq; Type: SEQUENCE OWNED BY; Schema: public; Owner: -
--

ALTER SEQUENCE public.periods_id_seq OWNED BY public.periods.id;


--
-- Name: room_types; Type: TABLE; Schema: public; Owner: -
--

CREATE TABLE public.room_types (
    id bigint NOT NULL,
    description character varying(40) NOT NULL
);


--
-- Name: room_types_id_seq; Type: SEQUENCE; Schema: public; Owner: -
--

CREATE SEQUENCE public.room_types_id_seq
    START WITH 1
    INCREMENT BY 1
    NO MINVALUE
    NO MAXVALUE
    CACHE 1;


--
-- Name: room_types_id_seq; Type: SEQUENCE OWNED BY; Schema: public; Owner: -
--

ALTER SEQUENCE public.room_types_id_seq OWNED BY public.room_types.id;


--
-- Name: rooms; Type: TABLE; Schema: public; Owner: -
--

CREATE TABLE public.rooms (
    id bigint NOT NULL,
    disable boolean DEFAULT false,
    name character varying(35) NOT NULL,
    room_type_id integer NOT NULL
);


--
-- Name: rooms_id_seq; Type: SEQUENCE; Schema: public; Owner: -
--

CREATE SEQUENCE public.rooms_id_seq
    START WITH 1
    INCREMENT BY 1
    NO MINVALUE
    NO MAXVALUE
    CACHE 1;


--
-- Name: rooms_id_seq; Type: SEQUENCE OWNED BY; Schema: public; Owner: -
--

ALTER SEQUENCE public.rooms_id_seq OWNED BY public.rooms.id;


--
-- Name: rooms_room_type_id_seq; Type: SEQUENCE; Schema: public; Owner: -
--

CREATE SEQUENCE public.rooms_room_type_id_seq
    AS integer
    START WITH 1
    INCREMENT BY 1
    NO MINVALUE
    NO MAXVALUE
    CACHE 1;


--
-- Name: rooms_room_type_id_seq; Type: SEQUENCE OWNED BY; Schema: public; Owner: -
--

ALTER SEQUENCE public.rooms_room_type_id_seq OWNED BY public.rooms.room_type_id;


--
-- Name: schedules; Type: TABLE; Schema: public; Owner: -
--

CREATE TABLE public.schedules (
    id bigint NOT NULL,
    day_of_week character varying(35) NOT NULL,
    evenodd character varying(255) NOT NULL,
    lesson_id integer NOT NULL,
    period_id integer NOT NULL,
    room_id integer NOT NULL
);


--
-- Name: schedules_id_seq; Type: SEQUENCE; Schema: public; Owner: -
--

CREATE SEQUENCE public.schedules_id_seq
    START WITH 1
    INCREMENT BY 1
    NO MINVALUE
    NO MAXVALUE
    CACHE 1;


--
-- Name: schedules_id_seq; Type: SEQUENCE OWNED BY; Schema: public; Owner: -
--

ALTER SEQUENCE public.schedules_id_seq OWNED BY public.schedules.id;


--
-- Name: schedules_lesson_id_seq; Type: SEQUENCE; Schema: public; Owner: -
--

CREATE SEQUENCE public.schedules_lesson_id_seq
    AS integer
    START WITH 1
    INCREMENT BY 1
    NO MINVALUE
    NO MAXVALUE
    CACHE 1;


--
-- Name: schedules_lesson_id_seq; Type: SEQUENCE OWNED BY; Schema: public; Owner: -
--

ALTER SEQUENCE public.schedules_lesson_id_seq OWNED BY public.schedules.lesson_id;


--
-- Name: schedules_period_id_seq; Type: SEQUENCE; Schema: public; Owner: -
--

CREATE SEQUENCE public.schedules_period_id_seq
    AS integer
    START WITH 1
    INCREMENT BY 1
    NO MINVALUE
    NO MAXVALUE
    CACHE 1;


--
-- Name: schedules_period_id_seq; Type: SEQUENCE OWNED BY; Schema: public; Owner: -
--

ALTER SEQUENCE public.schedules_period_id_seq OWNED BY public.schedules.period_id;


--
-- Name: schedules_room_id_seq; Type: SEQUENCE; Schema: public; Owner: -
--

CREATE SEQUENCE public.schedules_room_id_seq
    AS integer
    START WITH 1
    INCREMENT BY 1
    NO MINVALUE
    NO MAXVALUE
    CACHE 1;


--
-- Name: schedules_room_id_seq; Type: SEQUENCE OWNED BY; Schema: public; Owner: -
--

ALTER SEQUENCE public.schedules_room_id_seq OWNED BY public.schedules.room_id;


--
-- Name: semester_day; Type: TABLE; Schema: public; Owner: -
--

CREATE TABLE public.semester_day (
    semester_id integer NOT NULL,
    day character varying(255)
);


--
-- Name: semester_day_semester_id_seq; Type: SEQUENCE; Schema: public; Owner: -
--

CREATE SEQUENCE public.semester_day_semester_id_seq
    AS integer
    START WITH 1
    INCREMENT BY 1
    NO MINVALUE
    NO MAXVALUE
    CACHE 1;


--
-- Name: semester_day_semester_id_seq; Type: SEQUENCE OWNED BY; Schema: public; Owner: -
--

ALTER SEQUENCE public.semester_day_semester_id_seq OWNED BY public.semester_day.semester_id;


--
-- Name: semester_group; Type: TABLE; Schema: public; Owner: -
--

CREATE TABLE public.semester_group (
    semester_id integer NOT NULL,
    group_id integer NOT NULL
);


--
-- Name: semester_period; Type: TABLE; Schema: public; Owner: -
--

CREATE TABLE public.semester_period (
    semester_id integer NOT NULL,
    period_id integer NOT NULL
);


--
-- Name: semester_period_period_id_seq; Type: SEQUENCE; Schema: public; Owner: -
--

CREATE SEQUENCE public.semester_period_period_id_seq
    AS integer
    START WITH 1
    INCREMENT BY 1
    NO MINVALUE
    NO MAXVALUE
    CACHE 1;


--
-- Name: semester_period_period_id_seq; Type: SEQUENCE OWNED BY; Schema: public; Owner: -
--

ALTER SEQUENCE public.semester_period_period_id_seq OWNED BY public.semester_period.period_id;


--
-- Name: semester_period_semester_id_seq; Type: SEQUENCE; Schema: public; Owner: -
--

CREATE SEQUENCE public.semester_period_semester_id_seq
    AS integer
    START WITH 1
    INCREMENT BY 1
    NO MINVALUE
    NO MAXVALUE
    CACHE 1;


--
-- Name: semester_period_semester_id_seq; Type: SEQUENCE OWNED BY; Schema: public; Owner: -
--

ALTER SEQUENCE public.semester_period_semester_id_seq OWNED BY public.semester_period.semester_id;


--
-- Name: semesters; Type: TABLE; Schema: public; Owner: -
--

CREATE TABLE public.semesters (
    id bigint NOT NULL,
    current_semester boolean DEFAULT false,
    description character varying(255),
    disable boolean DEFAULT false,
    end_day date NOT NULL,
    start_day date NOT NULL,
    year integer NOT NULL,
    default_semester boolean DEFAULT false,
    CONSTRAINT semesters_year_check CHECK ((year >= 1999))
);


--
-- Name: semesters_id_seq; Type: SEQUENCE; Schema: public; Owner: -
--

CREATE SEQUENCE public.semesters_id_seq
    START WITH 1
    INCREMENT BY 1
    NO MINVALUE
    NO MAXVALUE
    CACHE 1;


--
-- Name: semesters_id_seq; Type: SEQUENCE OWNED BY; Schema: public; Owner: -
--

ALTER SEQUENCE public.semesters_id_seq OWNED BY public.semesters.id;


--
-- Name: students; Type: TABLE; Schema: public; Owner: -
--

CREATE TABLE public.students (
    id bigint NOT NULL,
    email character varying(40) NOT NULL,
    name character varying(35) NOT NULL,
    patronymic character varying(35) NOT NULL,
    surname character varying(35) NOT NULL,
    group_id bigint NOT NULL
);


--
-- Name: students_id_seq; Type: SEQUENCE; Schema: public; Owner: -
--

CREATE SEQUENCE public.students_id_seq
    START WITH 1
    INCREMENT BY 1
    NO MINVALUE
    NO MAXVALUE
    CACHE 1;


--
-- Name: students_id_seq; Type: SEQUENCE OWNED BY; Schema: public; Owner: -
--

ALTER SEQUENCE public.students_id_seq OWNED BY public.students.id;


--
-- Name: subjects; Type: TABLE; Schema: public; Owner: -
--

CREATE TABLE public.subjects (
    id bigint NOT NULL,
    disable boolean DEFAULT false,
    name character varying(80) NOT NULL
);


--
-- Name: subjects_id_seq; Type: SEQUENCE; Schema: public; Owner: -
--

CREATE SEQUENCE public.subjects_id_seq
    START WITH 1
    INCREMENT BY 1
    NO MINVALUE
    NO MAXVALUE
    CACHE 1;


--
-- Name: subjects_id_seq; Type: SEQUENCE OWNED BY; Schema: public; Owner: -
--

ALTER SEQUENCE public.subjects_id_seq OWNED BY public.subjects.id;


--
-- Name: teachers; Type: TABLE; Schema: public; Owner: -
--

CREATE TABLE public.teachers (
    id bigint NOT NULL,
    disable boolean DEFAULT false,
    name character varying(35) NOT NULL,
    patronymic character varying(35) NOT NULL,
    "position" character varying(35) NOT NULL,
    surname character varying(35) NOT NULL,
    user_id integer,
    department_id bigint
);


--
-- Name: teachers_id_seq; Type: SEQUENCE; Schema: public; Owner: -
--

CREATE SEQUENCE public.teachers_id_seq
    START WITH 1
    INCREMENT BY 1
    NO MINVALUE
    NO MAXVALUE
    CACHE 1;


--
-- Name: teachers_id_seq; Type: SEQUENCE OWNED BY; Schema: public; Owner: -
--

ALTER SEQUENCE public.teachers_id_seq OWNED BY public.teachers.id;


--
-- Name: temporary_schedule; Type: TABLE; Schema: public; Owner: -
--

CREATE TABLE public.temporary_schedule (
    id bigint NOT NULL,
    date date NOT NULL,
    grouped boolean DEFAULT false,
    lesson_id bigint,
    lessontype character varying(255),
    subject_for_site character varying(255),
    teacher_for_site character varying(255),
    vacation boolean DEFAULT false,
    group_id integer NOT NULL,
    period_id integer NOT NULL,
    room_id integer NOT NULL,
    semester_id integer NOT NULL,
    subject_id integer NOT NULL,
    teacher_id integer NOT NULL,
    notification boolean DEFAULT false,
    schedule_id bigint,
    link_to_meeting character varying(255)
);


--
-- Name: temporary_schedule_group_id_seq; Type: SEQUENCE; Schema: public; Owner: -
--

CREATE SEQUENCE public.temporary_schedule_group_id_seq
    AS integer
    START WITH 1
    INCREMENT BY 1
    NO MINVALUE
    NO MAXVALUE
    CACHE 1;


--
-- Name: temporary_schedule_group_id_seq; Type: SEQUENCE OWNED BY; Schema: public; Owner: -
--

ALTER SEQUENCE public.temporary_schedule_group_id_seq OWNED BY public.temporary_schedule.group_id;


--
-- Name: temporary_schedule_id_seq; Type: SEQUENCE; Schema: public; Owner: -
--

CREATE SEQUENCE public.temporary_schedule_id_seq
    START WITH 1
    INCREMENT BY 1
    NO MINVALUE
    NO MAXVALUE
    CACHE 1;


--
-- Name: temporary_schedule_id_seq; Type: SEQUENCE OWNED BY; Schema: public; Owner: -
--

ALTER SEQUENCE public.temporary_schedule_id_seq OWNED BY public.temporary_schedule.id;


--
-- Name: temporary_schedule_period_id_seq; Type: SEQUENCE; Schema: public; Owner: -
--

CREATE SEQUENCE public.temporary_schedule_period_id_seq
    AS integer
    START WITH 1
    INCREMENT BY 1
    NO MINVALUE
    NO MAXVALUE
    CACHE 1;


--
-- Name: temporary_schedule_period_id_seq; Type: SEQUENCE OWNED BY; Schema: public; Owner: -
--

ALTER SEQUENCE public.temporary_schedule_period_id_seq OWNED BY public.temporary_schedule.period_id;


--
-- Name: temporary_schedule_room_id_seq; Type: SEQUENCE; Schema: public; Owner: -
--

CREATE SEQUENCE public.temporary_schedule_room_id_seq
    AS integer
    START WITH 1
    INCREMENT BY 1
    NO MINVALUE
    NO MAXVALUE
    CACHE 1;


--
-- Name: temporary_schedule_room_id_seq; Type: SEQUENCE OWNED BY; Schema: public; Owner: -
--

ALTER SEQUENCE public.temporary_schedule_room_id_seq OWNED BY public.temporary_schedule.room_id;


--
-- Name: temporary_schedule_semester_id_seq; Type: SEQUENCE; Schema: public; Owner: -
--

CREATE SEQUENCE public.temporary_schedule_semester_id_seq
    AS integer
    START WITH 1
    INCREMENT BY 1
    NO MINVALUE
    NO MAXVALUE
    CACHE 1;


--
-- Name: temporary_schedule_semester_id_seq; Type: SEQUENCE OWNED BY; Schema: public; Owner: -
--

ALTER SEQUENCE public.temporary_schedule_semester_id_seq OWNED BY public.temporary_schedule.semester_id;


--
-- Name: temporary_schedule_subject_id_seq; Type: SEQUENCE; Schema: public; Owner: -
--

CREATE SEQUENCE public.temporary_schedule_subject_id_seq
    AS integer
    START WITH 1
    INCREMENT BY 1
    NO MINVALUE
    NO MAXVALUE
    CACHE 1;


--
-- Name: temporary_schedule_subject_id_seq; Type: SEQUENCE OWNED BY; Schema: public; Owner: -
--

ALTER SEQUENCE public.temporary_schedule_subject_id_seq OWNED BY public.temporary_schedule.subject_id;


--
-- Name: temporary_schedule_teacher_id_seq; Type: SEQUENCE; Schema: public; Owner: -
--

CREATE SEQUENCE public.temporary_schedule_teacher_id_seq
    AS integer
    START WITH 1
    INCREMENT BY 1
    NO MINVALUE
    NO MAXVALUE
    CACHE 1;


--
-- Name: temporary_schedule_teacher_id_seq; Type: SEQUENCE OWNED BY; Schema: public; Owner: -
--

ALTER SEQUENCE public.temporary_schedule_teacher_id_seq OWNED BY public.temporary_schedule.teacher_id;


--
-- Name: users; Type: TABLE; Schema: public; Owner: -
--

CREATE TABLE public.users (
    id bigint NOT NULL,
    email character varying(40) NOT NULL,
    password character varying(255) NOT NULL,
    role character varying(32) DEFAULT 'ROLE_USER'::character varying,
    token character varying(255)
);


--
-- Name: users_id_seq; Type: SEQUENCE; Schema: public; Owner: -
--

CREATE SEQUENCE public.users_id_seq
    START WITH 1
    INCREMENT BY 1
    NO MINVALUE
    NO MAXVALUE
    CACHE 1;


--
-- Name: users_id_seq; Type: SEQUENCE OWNED BY; Schema: public; Owner: -
--

ALTER SEQUENCE public.users_id_seq OWNED BY public.users.id;


--
-- Name: department id; Type: DEFAULT; Schema: public; Owner: -
--

ALTER TABLE ONLY public.department ALTER COLUMN id SET DEFAULT nextval('public.department_id_seq'::regclass);


--
-- Name: groups id; Type: DEFAULT; Schema: public; Owner: -
--

ALTER TABLE ONLY public.groups ALTER COLUMN id SET DEFAULT nextval('public.groups_id_seq'::regclass);


--
-- Name: lessons id; Type: DEFAULT; Schema: public; Owner: -
--

ALTER TABLE ONLY public.lessons ALTER COLUMN id SET DEFAULT nextval('public.lessons_id_seq'::regclass);


--
-- Name: lessons group_id; Type: DEFAULT; Schema: public; Owner: -
--

ALTER TABLE ONLY public.lessons ALTER COLUMN group_id SET DEFAULT nextval('public.lessons_group_id_seq'::regclass);


--
-- Name: lessons subject_id; Type: DEFAULT; Schema: public; Owner: -
--

ALTER TABLE ONLY public.lessons ALTER COLUMN subject_id SET DEFAULT nextval('public.lessons_subject_id_seq'::regclass);


--
-- Name: lessons teacher_id; Type: DEFAULT; Schema: public; Owner: -
--

ALTER TABLE ONLY public.lessons ALTER COLUMN teacher_id SET DEFAULT nextval('public.lessons_teacher_id_seq'::regclass);


--
-- Name: lessons semester_id; Type: DEFAULT; Schema: public; Owner: -
--

ALTER TABLE ONLY public.lessons ALTER COLUMN semester_id SET DEFAULT nextval('public.lessons_semester_id_seq'::regclass);


--
-- Name: periods id; Type: DEFAULT; Schema: public; Owner: -
--

ALTER TABLE ONLY public.periods ALTER COLUMN id SET DEFAULT nextval('public.periods_id_seq'::regclass);


--
-- Name: room_types id; Type: DEFAULT; Schema: public; Owner: -
--

ALTER TABLE ONLY public.room_types ALTER COLUMN id SET DEFAULT nextval('public.room_types_id_seq'::regclass);


--
-- Name: rooms id; Type: DEFAULT; Schema: public; Owner: -
--

ALTER TABLE ONLY public.rooms ALTER COLUMN id SET DEFAULT nextval('public.rooms_id_seq'::regclass);


--
-- Name: rooms room_type_id; Type: DEFAULT; Schema: public; Owner: -
--

ALTER TABLE ONLY public.rooms ALTER COLUMN room_type_id SET DEFAULT nextval('public.rooms_room_type_id_seq'::regclass);


--
-- Name: schedules id; Type: DEFAULT; Schema: public; Owner: -
--

ALTER TABLE ONLY public.schedules ALTER COLUMN id SET DEFAULT nextval('public.schedules_id_seq'::regclass);


--
-- Name: schedules lesson_id; Type: DEFAULT; Schema: public; Owner: -
--

ALTER TABLE ONLY public.schedules ALTER COLUMN lesson_id SET DEFAULT nextval('public.schedules_lesson_id_seq'::regclass);


--
-- Name: schedules period_id; Type: DEFAULT; Schema: public; Owner: -
--

ALTER TABLE ONLY public.schedules ALTER COLUMN period_id SET DEFAULT nextval('public.schedules_period_id_seq'::regclass);


--
-- Name: schedules room_id; Type: DEFAULT; Schema: public; Owner: -
--

ALTER TABLE ONLY public.schedules ALTER COLUMN room_id SET DEFAULT nextval('public.schedules_room_id_seq'::regclass);


--
-- Name: semester_day semester_id; Type: DEFAULT; Schema: public; Owner: -
--

ALTER TABLE ONLY public.semester_day ALTER COLUMN semester_id SET DEFAULT nextval('public.semester_day_semester_id_seq'::regclass);


--
-- Name: semester_period semester_id; Type: DEFAULT; Schema: public; Owner: -
--

ALTER TABLE ONLY public.semester_period ALTER COLUMN semester_id SET DEFAULT nextval('public.semester_period_semester_id_seq'::regclass);


--
-- Name: semester_period period_id; Type: DEFAULT; Schema: public; Owner: -
--

ALTER TABLE ONLY public.semester_period ALTER COLUMN period_id SET DEFAULT nextval('public.semester_period_period_id_seq'::regclass);


--
-- Name: semesters id; Type: DEFAULT; Schema: public; Owner: -
--

ALTER TABLE ONLY public.semesters ALTER COLUMN id SET DEFAULT nextval('public.semesters_id_seq'::regclass);


--
-- Name: students id; Type: DEFAULT; Schema: public; Owner: -
--

ALTER TABLE ONLY public.students ALTER COLUMN id SET DEFAULT nextval('public.students_id_seq'::regclass);


--
-- Name: subjects id; Type: DEFAULT; Schema: public; Owner: -
--

ALTER TABLE ONLY public.subjects ALTER COLUMN id SET DEFAULT nextval('public.subjects_id_seq'::regclass);


--
-- Name: teachers id; Type: DEFAULT; Schema: public; Owner: -
--

ALTER TABLE ONLY public.teachers ALTER COLUMN id SET DEFAULT nextval('public.teachers_id_seq'::regclass);


--
-- Name: temporary_schedule id; Type: DEFAULT; Schema: public; Owner: -
--

ALTER TABLE ONLY public.temporary_schedule ALTER COLUMN id SET DEFAULT nextval('public.temporary_schedule_id_seq'::regclass);


--
-- Name: temporary_schedule group_id; Type: DEFAULT; Schema: public; Owner: -
--

ALTER TABLE ONLY public.temporary_schedule ALTER COLUMN group_id SET DEFAULT nextval('public.temporary_schedule_group_id_seq'::regclass);


--
-- Name: temporary_schedule period_id; Type: DEFAULT; Schema: public; Owner: -
--

ALTER TABLE ONLY public.temporary_schedule ALTER COLUMN period_id SET DEFAULT nextval('public.temporary_schedule_period_id_seq'::regclass);


--
-- Name: temporary_schedule room_id; Type: DEFAULT; Schema: public; Owner: -
--

ALTER TABLE ONLY public.temporary_schedule ALTER COLUMN room_id SET DEFAULT nextval('public.temporary_schedule_room_id_seq'::regclass);


--
-- Name: temporary_schedule semester_id; Type: DEFAULT; Schema: public; Owner: -
--

ALTER TABLE ONLY public.temporary_schedule ALTER COLUMN semester_id SET DEFAULT nextval('public.temporary_schedule_semester_id_seq'::regclass);


--
-- Name: temporary_schedule subject_id; Type: DEFAULT; Schema: public; Owner: -
--

ALTER TABLE ONLY public.temporary_schedule ALTER COLUMN subject_id SET DEFAULT nextval('public.temporary_schedule_subject_id_seq'::regclass);


--
-- Name: temporary_schedule teacher_id; Type: DEFAULT; Schema: public; Owner: -
--

ALTER TABLE ONLY public.temporary_schedule ALTER COLUMN teacher_id SET DEFAULT nextval('public.temporary_schedule_teacher_id_seq'::regclass);


--
-- Name: users id; Type: DEFAULT; Schema: public; Owner: -
--

ALTER TABLE ONLY public.users ALTER COLUMN id SET DEFAULT nextval('public.users_id_seq'::regclass);


--
-- Data for Name: department; Type: TABLE DATA; Schema: public; Owner: -
--

COPY public.department (id, disable, name) FROM stdin;
1	f	Математичного моделювання
3	f	Математичного аналізу
4	f	Прикладної математики та інформаційних технологій
5	f	Диференціальних рівнянь
6	f	Алгебри та інформатики
8	f	Test
\.


--
-- Data for Name: groups; Type: TABLE DATA; Schema: public; Owner: -
--

COPY public.groups (id, disable, title) FROM stdin;
7	t	342
9	t	422
11	t	512
17	t	Ch-099.UI
6	t	102
15	t	117
14	t	121-A
4	t	201
1	t	317
10	t	321
3	t	405
18	t	599
52	f	21 (201-Б)
57	f	27 (205)
36	f	28 (301-А)
37	f	29 (301-Б)
53	f	23 (207)
40	f	32 (302)
43	f	35 (306)
44	f	36 (305)
45	f	37 (401-А)
46	f	38 (401-Б)
50	f	42 (407)
68	f	43 (402)
58	f	49 (501)
60	f	50 (507)
59	f	51 (502)
61	f	52 (505)
62	f	53 (506)
63	f	54 (601)
65	f	55 (607)
64	f	56 (602)
66	f	57 (605)
67	f	58 (606)
38	f	30 (321)
41	f	33 (322)
49	f	41 (421)
51	f	20 (201-А)
29	f	12 (101-Б)
27	f	15 (102-А)
26	f	16 (102-Б)
70	f	45 (422)
33	f	17 (108)
31	f	18 (106)
28	f	19 (105)
84	f	22 (211)
55	f	25 (208)
56	f	26 (206)
39	f	31 (307)
42	f	34 (308)
71	f	48 (405)
85	f	13 (111-Б)
5	f	13 (111-А)
86	f	14 (107-А)
32	f	14 (107-Б)
47	t	39 (411-А)
48	t	40 (411-Б)
69	t	44 (412)
87	f	24 (202-Б)
54	f	24 (202-А)
73	f	47 (406)
72	f	46 (406*)
25	t	test 1
90	f	test
30	f	11 (101-А)
\.


--
-- Data for Name: lessons; Type: TABLE DATA; Schema: public; Owner: -
--

COPY public.lessons (id, hours, lessontype, subject_for_site, group_id, subject_id, teacher_id, grouped, semester_id, link_to_meeting) FROM stdin;
2400	1	LABORATORY	Методи обчислень	73	83	84	f	47	https://zoom.us
2398	1	LABORATORY	Методи обчислень	72	83	84	f	47	https://zoom.us
2250	4	LECTURE	Вибрані питання Ріманової геометрії	71	265	44	t	47	https://zoom.us
744	2	LECTURE	Програмування	30	15	41	f	12	https://zoom.us
2111	2	PRACTICAL	Диференціальні рівняння.	57	261	77	t	47	https://zoom.us
2238	3	LECTURE	Здоров'язбережувальні техн.та домедична допомога	42	263	74	t	47	https://zoom.us
2239	3	LECTURE	Здоров'язбережувальні техн.та домедична допомога	43	263	74	t	47	https://zoom.us
2240	3	LECTURE	Здоров'язбережувальні техн.та домедична допомога	44	263	74	t	47	https://zoom.us
2241	2	LECTURE	Основи інклюзивної освіти	43	264	95	t	47	https://zoom.us
2242	2	LECTURE	Основи інклюзивної освіти	42	264	95	t	47	https://zoom.us
2243	2	LECTURE	Основи інклюзивної освіти	72	264	95	t	47	https://zoom.us
2244	2	LECTURE	Основи інклюзивної освіти	73	264	95	t	47	https://zoom.us
2350	2	LABORATORY	Теорія керування	45	72	38	f	47	https://zoom.us
2375	2	LABORATORY	Frontend-розробка Web-додатків	68	78	146	f	47	https://zoom.us
2439	1	LECTURE	Сіткове планування	58	112	35	t	47	https://zoom.us
2440	1	LECTURE	Сіткове планування	60	112	35	t	47	https://zoom.us
2443	2	LECTURE	Педагогіка і психологія вищої школи	58	105	97	t	47	https://zoom.us
2444	2	LECTURE	Педагогіка і психологія вищої школи	60	105	97	t	47	https://zoom.us
2445	2	LECTURE	Педагогіка і психологія вищої школи	59	105	97	t	47	https://zoom.us
2446	2	LECTURE	Педагогіка і психологія вищої школи	61	105	97	t	47	https://zoom.us
2461	1	LECTURE	Програмні засоби управління проектами	58	111	61	t	47	https://zoom.us
2462	1	LECTURE	Програмні засоби управління проектами	60	111	61	t	47	https://zoom.us
2470	1	LECTURE	Прогнозування в системному аналізі	58	272	36	t	47	https://zoom.us
2471	1	LECTURE	Прогнозування в системному аналізі	60	272	36	t	47	https://zoom.us
2476	1	LABORATORY	Системи машинного навчання	58	237	64	t	47	https://zoom.us
2477	1	LABORATORY	Системи машинного навчання	60	237	64	t	47	https://zoom.us
2478	2	LECTURE	Стохаст.задачі оптим.керув.та їх реалізація на ПК	58	273	38	t	47	https://zoom.us
2479	2	LECTURE	Стохаст.задачі оптим.керув.та їх реалізація на ПК	60	273	38	t	47	https://zoom.us
2480	1	LABORATORY	Стохаст.задачі оптим.керув.та їх реалізація на ПК	58	273	38	f	47	https://zoom.us
2481	1	LABORATORY	Стохаст.задачі оптим.керув.та їх реалізація на ПК	60	273	38	f	47	https://zoom.us
2483	2	LABORATORY	Методи DataScience	59	274	66	f	47	https://zoom.us
2484	2	LECTURE	Розробка крос-платформених додатків	59	118	71	f	47	https://zoom.us
2493	1	LABORATORY	Комп'ютерне моделювання екоголо-економ.систем	59	242	81	f	47	https://zoom.us
2494	1	LECTURE	Інтелектуальні системи екологічного моніторингу	59	120	85	f	47	https://zoom.us
2498	2	LECTURE	Іклюзивна педагогіка	61	276	95	t	47	https://zoom.us
2499	2	LECTURE	Іклюзивна педагогіка	62	276	95	t	47	https://zoom.us
2510	2	LECTURE	Зображення геометричних фігур у просторі	61	129	48	t	47	https://zoom.us
2511	2	LECTURE	Зображення геометричних фігур у просторі	62	129	48	t	47	https://zoom.us
2451	1	LECTURE	Мережеві інформаційні технології	58	108	70	f	47	https://zoom.us
1921	1	LECTURE	Актуальні питання історії та культури України	28	257	51	f	47	https://zoom.us
1721	2	PRACTICAL	Фізичне виховання	30	13	164	t	47	https://zoom.us
1730	2	PRACTICAL	Фізичне виховання	31	13	164	t	47	https://zoom.us
2514	2	LECTURE	Професійне та особистісне становлення вчителя ЗНЗ	62	121	94	f	47	https://zoom.us
2529	2	LECTURE	Випадкові процеси	50	74	166	f	47	https://zoom.us
2530	2	LABORATORY	Випадкові процеси	50	74	166	f	47	https://zoom.us
1938	2	LABORATORY	Комп'ютерні мережі	51	50	107	f	47	https://zoom.us
2249	4	LECTURE	Вибрані питання Ріманової геометрії	43	265	44	t	47	https://zoom.us
2399	1	LABORATORY	Методи обчислень	71	83	84	f	47	https://zoom.us
2251	4	PRACTICAL	Вибрані питання Ріманової геометрії	71	265	44	t	47	https://zoom.us
2252	4	PRACTICAL	Вибрані питання Ріманової геометрії	43	265	44	t	47	https://zoom.us
150	2	PRACTICAL	Іноземна мова	29	18	96	f	9	https://zoom.us
158	1	PRACTICAL	Актуальні питання історії та кул.України	29	19	51	f	9	https://zoom.us
159	1	PRACTICAL	Актуальні питання історії та кул.України	5	19	51	f	9	https://zoom.us
162	1	PRACTICAL	Актуальні питання історії та кул.України	28	19	51	f	9	https://zoom.us
164	1	PRACTICAL	Актуальні питання історії та кул.України	32	19	51	f	9	https://zoom.us
165	1	PRACTICAL	Актуальні питання історії та кул.України	33	19	51	f	9	https://zoom.us
989	1	LECTURE	Програмування та підтримка Веб-застосунків	36	198	42	f	12	https://zoom.us
167	2	LECTURE	Актуальні питання історії та кул.України	5	19	51	f	9	https://zoom.us
171	2	LECTURE	Актуальні питання історії та кул.України	31	19	51	f	9	https://zoom.us
172	2	LECTURE	Актуальні питання історії та кул.України	32	19	51	f	9	https://zoom.us
187	2	LABORATORY	Програмування	32	15	33	f	9	https://zoom.us
124	2	PRACTICAL	Програмування	27	15	60	f	9	https://zoom.us
184	3	PRACTICAL	Математичний аналіз	32	55	22	f	9	https://zoom.us
121	2	LABORATORY	Програмування	26	15	60	f	9	https://zoom.us
85	2	PRACTICAL	Іноземна мова	30	18	87	f	9	https://zoom.us
183	2	LECTURE	Алгебра і геометрія	32	14	43	f	9	https://zoom.us
188	2	LECTURE	Математичний аналіз	32	16	22	f	9	https://zoom.us
189	2	PRACTICAL	Дискретна математика	32	17	52	f	9	https://zoom.us
192	3	PRACTICAL	Математичний аналіз	31	16	28	f	9	https://zoom.us
990	2	LABORATORY	Програмування та підтримка Веб-застосунків	36	198	42	f	12	https://zoom.us
991	2	LECTURE	Системне програмування	36	199	71	f	12	https://zoom.us
197	2	LECTURE	Лінійна алгебра	33	22	46	f	9	https://zoom.us
200	2	LECTURE	Аналітична геометрія	31	24	44	f	9	https://zoom.us
201	2	LECTURE	Аналітична геометрія	33	24	44	f	9	https://zoom.us
202	2	PRACTICAL	Аналітична геометрія	31	24	44	f	9	https://zoom.us
203	2	PRACTICAL	Аналітична геометрія	33	24	44	f	9	https://zoom.us
204	2	LECTURE	Програмування	31	15	34	f	9	https://zoom.us
205	2	LECTURE	Програмування	33	15	34	f	9	https://zoom.us
122	2	PRACTICAL	Програмування	29	15	33	f	9	https://zoom.us
125	2	PRACTICAL	Програмування	26	15	60	f	9	https://zoom.us
198	3	PRACTICAL	Лінійна алгебра	31	22	47	f	9	https://zoom.us
152	2	PRACTICAL	Англійська мова	27	132	90	f	9	https://zoom.us
118	2	LABORATORY	Програмування	29	15	70	f	9	https://zoom.us
993	1	LECTURE	Математичні моделі мако- і мікроекономіки	36	200	33	f	12	https://zoom.us
986	2	LECTURE	Платформи корпоративних інформ.систем	36	197	61	f	12	https://zoom.us
987	2	LABORATORY	Платформи корпоративних інформ.систем	36	197	61	f	12	https://zoom.us
193	3	PRACTICAL	Математичний аналіз	33	16	28	f	9	https://zoom.us
153	2	PRACTICAL	Англійська мова	26	132	90	f	9	https://zoom.us
1799	2	LECTURE	Математичний аналіз	29	55	22	t	47	https://zoom.us
1800	2	LECTURE	Математичний аналіз	5	55	22	t	47	https://zoom.us
1801	2	LECTURE	Математичний аналіз	85	55	22	t	47	https://zoom.us
1802	2	LECTURE	Математичний аналіз	86	55	22	t	47	https://zoom.us
1803	2	LECTURE	Математичний аналіз	32	55	22	t	47	https://zoom.us
1804	2	LECTURE	Математичний аналіз	27	55	22	t	47	https://zoom.us
109	3	PRACTICAL	Математичний аналіз	29	55	28	f	9	https://zoom.us
110	3	PRACTICAL	Математичний аналіз	5	55	22	f	9	https://zoom.us
114	2	LECTURE	Математичний аналіз	29	16	22	f	9	https://zoom.us
745	2	PRACTICAL	Програмування	30	15	33	f	12	https://zoom.us
127	2	LECTURE	Програмування	5	15	41	f	9	https://zoom.us
128	2	LECTURE	Програмування	27	15	41	f	9	https://zoom.us
746	2	LABORATORY	Програмування	30	15	33	f	12	https://zoom.us
134	2	PRACTICAL	Фізичне виховання	29	13	54	f	9	https://zoom.us
137	2	PRACTICAL	Фізичне виховання	26	13	54	f	9	https://zoom.us
138	2	PRACTICAL	Фізичне виховання	28	13	54	f	9	https://zoom.us
139	2	PRACTICAL	Фізичне виховання	31	13	54	f	9	https://zoom.us
141	2	PRACTICAL	Фізичне виховання	33	13	54	f	9	https://zoom.us
142	2	PRACTICAL	Дискретна математика	29	17	52	f	9	https://zoom.us
149	2	LECTURE	Дискретна математика	26	17	52	f	9	https://zoom.us
995	1	LECTURE	Пакети прикладних програм	36	174	63	f	12	https://zoom.us
996	2	LABORATORY	Пакети прикладних програм	36	174	63	f	12	https://zoom.us
65	2	LABORATORY	Apples	1	10	10	f	9	https://zoom.us
160	1	PRACTICAL	Актуальні питання історії та кул.України	26	19	51	f	9	https://zoom.us
161	1	PRACTICAL	Актуальні питання історії та кул.України	27	19	51	f	9	https://zoom.us
163	1	PRACTICAL	Актуальні питання історії та кул.України	31	19	51	f	9	https://zoom.us
168	2	LECTURE	Актуальні питання історії та кул.України	27	19	51	f	9	https://zoom.us
169	2	LECTURE	Актуальні питання історії та кул.України	26	19	51	f	9	https://zoom.us
170	2	LECTURE	Актуальні питання історії та кул.України	28	19	51	f	9	https://zoom.us
173	2	LECTURE	Актуальні питання історії та кул.України	33	19	51	f	9	https://zoom.us
123	2	PRACTICAL	Програмування	5	15	33	f	9	https://zoom.us
120	2	LABORATORY	Програмування	27	15	19	f	9	https://zoom.us
175	3	PRACTICAL	Математичний аналіз	28	16	28	f	9	https://zoom.us
186	2	LECTURE	Програмування	32	15	41	f	9	https://zoom.us
190	2	LECTURE	Дискретна математика	32	17	52	f	9	https://zoom.us
208	1	LABORATORY	Програмування	31	15	38	f	9	https://zoom.us
206	2	PRACTICAL	Програмування	31	15	38	f	9	https://zoom.us
210	2	LECTURE	Бази даниих та інформаційні системи	36	26	34	f	9	https://zoom.us
211	2	LECTURE	Бази даниих та інформаційні системи	37	26	34	f	9	https://zoom.us
212	2	LECTURE	Бази даниих та інформаційні системи	39	26	34	f	9	https://zoom.us
213	1	LABORATORY	Бази даниих та інформаційні системи	39	26	34	f	9	https://zoom.us
216	1	LECTURE	Операційні системи	39	27	42	f	9	https://zoom.us
218	1	LECTURE	Операційні системи	37	27	42	f	9	https://zoom.us
219	1	LECTURE	Операційні системи	38	27	42	f	9	https://zoom.us
220	1	LECTURE	Операційні системи	42	27	42	f	9	https://zoom.us
221	2	LABORATORY	Операційні системи	37	27	42	f	9	https://zoom.us
222	2	LABORATORY	Операційні системи	38	27	42	f	9	https://zoom.us
223	2	LABORATORY	Операційні системи	39	27	42	f	9	https://zoom.us
214	1	LABORATORY	Бази даниих та інформаційні системи	37	26	63	f	9	https://zoom.us
119	2	LABORATORY	Програмування	5	15	42	f	9	https://zoom.us
191	2	PRACTICAL	Алгебра і геометрія	32	14	50	f	9	https://zoom.us
185	2	PRACTICAL	Програмування	32	15	33	f	9	https://zoom.us
199	3	PRACTICAL	Лінійна алгебра	33	22	47	f	9	https://zoom.us
174	4	LECTURE	Математичний аналіз	28	16	20	f	9	https://zoom.us
209	2	LABORATORY	Програмування	33	15	32	f	9	https://zoom.us
151	2	PRACTICAL	Іноземна мова	5	18	53	f	9	https://zoom.us
195	2	LECTURE	Математичний аналіз	33	16	20	f	9	https://zoom.us
157	2	PRACTICAL	Іноземна мова	33	18	89	f	9	https://zoom.us
156	2	PRACTICAL	Іноземна мова	32	18	89	f	9	https://zoom.us
207	1	PRACTICAL	Програмування	33	15	38	f	9	https://zoom.us
115	2	LECTURE	Математичний аналіз	5	16	22	f	9	https://zoom.us
748	2	PRACTICAL	Алгебра і геометрія	30	14	43	f	12	https://zoom.us
749	2	LECTURE	Архітектура обчислювальних систем	30	173	60	f	12	https://zoom.us
143	2	PRACTICAL	Дискретна математика	5	17	52	f	9	https://zoom.us
77	2	PRACTICAL	Алгебра і геометрія	30	14	43	f	9	https://zoom.us
11	4	LABORATORY	Servlets	1	5	7	f	9	https://zoom.us
32	1	LECTURE	Бекенд	4	3	6	f	9	https://zoom.us
33	1	LABORATORY	Servlets	4	5	5	f	9	https://zoom.us
34	1	LECTURE	Node.js	10	4	4	f	9	https://zoom.us
35	1	LECTURE	Lombock	10	6	5	f	9	https://zoom.us
36	2	LECTURE	Бекенд	10	3	7	f	9	https://zoom.us
37	4	LECTURE	Бекенд	10	3	5	f	9	https://zoom.us
38	3	LABORATORY	Бекенд	7	3	7	f	9	https://zoom.us
39	1	PRACTICAL	Lombock	7	6	3	f	9	https://zoom.us
40	1	LABORATORY	Бекенд	7	3	1	f	9	https://zoom.us
41	2	PRACTICAL	Lombok	15	6	5	f	9	https://zoom.us
82	2	LABORATORY	Програмування	30	15	33	f	9	https://zoom.us
83	2	LECTURE	Дискретна математика	30	17	52	f	9	https://zoom.us
84	2	PRACTICAL	Дискретна математика	30	17	52	f	9	https://zoom.us
752	3	PRACTICAL	Математичний аналіз	30	55	28	f	12	https://zoom.us
86	2	PRACTICAL	Фізичне виховання	30	13	54	f	9	https://zoom.us
753	2	PRACTICAL	Українська  мова (за професійним спрямуванням)	30	169	102	f	12	https://zoom.us
754	2	PRACTICAL	Іноземна мова (за професійним спрямуванням)	30	43	87	f	12	https://zoom.us
89	2	LECTURE	Математичний аналіз	27	16	22	f	9	https://zoom.us
90	2	LECTURE	Математичний аналіз	26	16	22	f	9	https://zoom.us
1731	2	PRACTICAL	Фізичне виховання	28	13	164	t	47	https://zoom.us
181	1	PRACTICAL	Програмування	28	15	38	f	9	https://zoom.us
747	2	LECTURE	Алгебра і геометрія	30	14	43	f	12	https://zoom.us
767	2	LECTURE	Алгебра і геометрія	29	14	43	f	12	https://zoom.us
75	3	PRACTICAL	Математичний аналіз	30	16	28	f	9	https://zoom.us
81	2	PRACTICAL	Програмування	30	15	33	f	9	https://zoom.us
74	2	LECTURE	Математичний аналіз	30	16	22	f	9	https://zoom.us
95	2	LECTURE	Алгебра і геометрія	29	14	43	f	9	https://zoom.us
97	2	LECTURE	Алгебра і геометрія	27	14	43	f	9	https://zoom.us
98	2	LECTURE	Алгебра і геометрія	26	14	43	f	9	https://zoom.us
101	2	PRACTICAL	Алгебра і геометрія	27	14	44	f	9	https://zoom.us
102	2	PRACTICAL	Алгебра і геометрія	26	14	44	f	9	https://zoom.us
103	2	LECTURE	Актуальні питання історії та кул.України	29	19	51	f	9	https://zoom.us
768	2	LECTURE	Алгебра і геометрія	5	14	43	f	12	https://zoom.us
758	2	PRACTICAL	Програмування	29	15	33	f	12	https://zoom.us
760	2	PRACTICAL	Програмування	32	15	33	f	12	https://zoom.us
761	2	LABORATORY	Програмування	32	15	33	f	12	https://zoom.us
57	3	PRACTICAL	Lombock	5	6	7	f	9	https://zoom.us
58	5	PRACTICAL	Pain	17	7	4	f	9	https://zoom.us
13	1	PRACTICAL	Servlets	5	5	6	f	9	https://zoom.us
12	1	LECTURE	Computer Science	5	1	4	f	9	https://zoom.us
15	1	PRACTICAL	Фронтенд	5	2	3	f	9	https://zoom.us
14	2	LABORATORY	Computer Science	5	1	5	f	9	https://zoom.us
9	2	LECTURE	Servlets	1	5	6	f	9	https://zoom.us
8	1	PRACTICAL	Computer Science	1	1	3	f	9	https://zoom.us
10	1	LABORATORY	Lombock	1	6	7	f	9	https://zoom.us
5	1	LECTURE	Computer Science	1	1	3	f	9	https://zoom.us
7	2	LABORATORY	Computer Science	1	1	3	f	9	https://zoom.us
6	1	PRACTICAL	Computer Science	1	1	1	f	9	https://zoom.us
1	1	LECTURE	Computer Science	1	1	1	f	9	https://zoom.us
2	1	LABORATORY	Computer Science	1	1	1	f	9	https://zoom.us
29	3	LECTURE	Node.js	14	4	4	f	9	https://zoom.us
28	2	PRACTICAL	Node.js	14	4	6	f	9	https://zoom.us
31	3	LABORATORY	Computer Science	4	1	5	f	9	https://zoom.us
30	1	LABORATORY	Lombock	14	6	7	f	9	https://zoom.us
25	1	LECTURE	Servlets	15	5	5	f	9	https://zoom.us
24	1	LABORATORY	Servlets	15	5	1	f	9	https://zoom.us
27	5	PRACTICAL	Lombock	14	6	5	f	9	https://zoom.us
26	3	LECTURE	Node.js	15	4	5	f	9	https://zoom.us
21	1	LECTURE	Computer Science	6	1	1	f	9	https://zoom.us
20	3	PRACTICAL	Lombock	6	6	7	f	9	https://zoom.us
23	4	LABORATORY	Фронтенд	6	2	7	f	9	https://zoom.us
22	1	PRACTICAL	Бекенд	6	3	3	f	9	https://zoom.us
17	3	LABORATORY	Computer Science	6	1	7	f	9	https://zoom.us
16	3	LECTURE	Node.js	5	4	1	f	9	https://zoom.us
19	2	LABORATORY	Фронтенд	6	2	4	f	9	https://zoom.us
18	3	LABORATORY	Бекенд	6	3	5	f	9	https://zoom.us
146	2	LECTURE	Дискретна математика	29	17	52	f	9	https://zoom.us
147	2	LECTURE	Дискретна математика	5	17	52	f	9	https://zoom.us
148	2	LECTURE	Дискретна математика	27	17	52	f	9	https://zoom.us
177	3	PRACTICAL	Лінійна алгебра	28	22	47	f	9	https://zoom.us
94	3	PRACTICAL	Математичний аналіз	26	16	99	f	9	https://zoom.us
176	2	LECTURE	Лінійна алгебра	28	22	46	f	9	https://zoom.us
178	2	LECTURE	Аналітична геометрія	28	24	44	f	9	https://zoom.us
179	2	PRACTICAL	Аналітична геометрія	28	24	44	f	9	https://zoom.us
180	2	LECTURE	Програмування	28	15	34	f	9	https://zoom.us
762	2	LECTURE	Програмування	29	15	41	f	12	https://zoom.us
765	2	LECTURE	Програмування	27	15	41	f	12	https://zoom.us
99	2	PRACTICAL	Алгебра і геометрія	29	14	43	f	9	https://zoom.us
100	2	PRACTICAL	Алгебра і геометрія	5	14	50	f	9	https://zoom.us
194	2	LECTURE	Математичний аналіз	31	16	20	f	9	https://zoom.us
766	2	LECTURE	Програмування	26	15	41	f	12	https://zoom.us
182	2	LABORATORY	Програмування	28	15	32	f	9	https://zoom.us
756	2	LABORATORY	Пакети прикладних програм	30	174	63	f	12	https://zoom.us
93	3	PRACTICAL	Математичний аналіз	27	16	99	f	9	https://zoom.us
759	2	PRACTICAL	Програмування	5	15	33	f	12	https://zoom.us
227	1	LABORATORY	Бази даниих та інформаційні системи	36	26	34	f	9	https://zoom.us
239	1	LECTURE	Теорія програмування	36	31	61	f	9	https://zoom.us
240	1	LECTURE	Теорія програмування	37	31	61	f	9	https://zoom.us
241	1	LECTURE	Теорія програмування	38	31	61	f	9	https://zoom.us
242	1	LECTURE	Теорія програмування	39	31	61	f	9	https://zoom.us
243	1	LECTURE	Теорія програмування	49	31	61	f	9	https://zoom.us
244	1	LECTURE	Теорія програмування	45	31	61	f	9	https://zoom.us
248	1	LECTURE	Теорія програмування	48	31	61	f	9	https://zoom.us
249	2	LABORATORY	Теорія програмування	36	31	61	f	9	https://zoom.us
250	2	LABORATORY	Теорія програмування	37	31	61	f	9	https://zoom.us
255	2	LABORATORY	Теорія програмування	46	31	61	f	9	https://zoom.us
256	2	LABORATORY	Теорія програмування	50	31	61	f	9	https://zoom.us
260	2	LECTURE	Теорія ймовірностей та математична статистика	37	30	35	f	9	https://zoom.us
261	2	LECTURE	Теорія ймовірностей та математична статистика	39	30	35	f	9	https://zoom.us
763	2	LECTURE	Програмування	5	15	41	f	12	https://zoom.us
225	2	PRACTICAL	Професійна іноземна мова	37	28	90	f	9	https://zoom.us
764	2	LECTURE	Програмування	32	15	41	f	12	https://zoom.us
226	2	PRACTICAL	Професійна іноземна мова	38	28	89	f	9	https://zoom.us
2170	2	LABORATORY	Використання MS Excel y BigData	36	258	34	t	47	https://zoom.us
769	2	LECTURE	Алгебра і геометрія	32	14	43	f	12	https://zoom.us
772	2	PRACTICAL	Алгебра і геометрія	29	14	43	f	12	https://zoom.us
773	2	LECTURE	Архітектура обчислювальних систем	29	173	60	f	12	https://zoom.us
781	2	LECTURE	Математичний аналіз	32	55	21	f	12	https://zoom.us
782	2	LECTURE	Математичний аналіз	27	55	21	f	12	https://zoom.us
783	2	LECTURE	Математичний аналіз	26	55	21	f	12	https://zoom.us
784	3	PRACTICAL	Математичний аналіз	29	55	28	f	12	https://zoom.us
785	2	PRACTICAL	Українська  мова (за професійним спрямуванням)	29	169	102	f	12	https://zoom.us
2171	2	LABORATORY	Використання MS Excel y BigData	37	258	34	t	47	https://zoom.us
790	2	PRACTICAL	Українська  мова (за професійним спрямуванням)	33	169	102	f	12	https://zoom.us
792	2	PRACTICAL	Українська  мова (за професійним спрямуванням)	28	169	102	f	12	https://zoom.us
807	2	LABORATORY	Програмування	5	15	42	f	12	https://zoom.us
808	2	PRACTICAL	Алгебра і геометрія	32	14	50	f	12	https://zoom.us
813	2	PRACTICAL	Іноземна мова (за професійним спрямуванням)	33	43	89	f	12	https://zoom.us
816	2	PRACTICAL	Програмування	27	15	60	f	12	https://zoom.us
770	2	LECTURE	Алгебра і геометрія	27	14	43	f	12	https://zoom.us
814	2	PRACTICAL	Алгебра і геометрія	27	14	50	f	12	https://zoom.us
818	2	LECTURE	Архітектура комп'ютерів	27	170	60	f	12	https://zoom.us
819	2	LABORATORY	Архітектура комп'ютерів	27	170	60	f	12	https://zoom.us
820	1	LECTURE	Математична логіка та теорія алгоритмів	27	171	52	f	12	https://zoom.us
799	2	LABORATORY	Олімпіадні задачі з інформаційних технологій	29	175	32	f	12	https://zoom.us
796	2	LABORATORY	Пакети прикладних програм	29	174	63	f	12	https://zoom.us
797	2	LABORATORY	Пакети прикладних програм	5	174	63	f	12	https://zoom.us
801	2	LABORATORY	Олімпіадні задачі з інформаційних технологій	32	175	32	f	12	https://zoom.us
798	2	LABORATORY	Пакети прикладних програм	32	174	63	f	12	https://zoom.us
997	1	LECTURE	Бази даниих та інформаційні системи	39	26	34	f	12	https://zoom.us
999	1	LECTURE	Захист інформації	37	196	61	f	12	https://zoom.us
1000	1	LECTURE	Захист інформації	38	196	61	f	12	https://zoom.us
1001	1	LECTURE	Захист інформації	39	196	61	f	12	https://zoom.us
789	2	PRACTICAL	Українська  мова (за професійним спрямуванням)	26	169	111	f	12	https://zoom.us
815	2	LABORATORY	Програмування	27	15	146	f	12	https://zoom.us
228	1	LECTURE	Операційні системи	36	27	42	f	9	https://zoom.us
229	2	LABORATORY	Операційні системи	36	27	42	f	9	https://zoom.us
245	1	LECTURE	Теорія програмування	46	31	61	f	9	https://zoom.us
246	1	LECTURE	Теорія програмування	50	31	61	f	9	https://zoom.us
247	1	LECTURE	Теорія програмування	47	31	61	f	9	https://zoom.us
251	2	LABORATORY	Теорія програмування	38	31	61	f	9	https://zoom.us
252	2	LABORATORY	Теорія програмування	39	31	61	f	9	https://zoom.us
253	2	LABORATORY	Теорія програмування	49	31	61	f	9	https://zoom.us
254	2	LABORATORY	Теорія програмування	45	31	61	f	9	https://zoom.us
257	2	LABORATORY	Теорія програмування	47	31	61	f	9	https://zoom.us
258	2	LABORATORY	Теорія програмування	48	31	61	f	9	https://zoom.us
259	2	LECTURE	Теорія ймовірностей та математична статистика	36	30	35	f	9	https://zoom.us
262	2	LECTURE	Теорія ймовірностей та математична статистика	40	30	35	f	9	https://zoom.us
263	2	LECTURE	Технології програмування на Java	36	32	62	f	9	https://zoom.us
264	2	LECTURE	Технології програмування на Java	37	32	62	f	9	https://zoom.us
265	2	LECTURE	Технології програмування на Java	38	32	62	f	9	https://zoom.us
266	2	LECTURE	Технології програмування на Java	39	32	62	f	9	https://zoom.us
267	2	LECTURE	Технології програмування на Java	40	32	62	f	9	https://zoom.us
268	2	LECTURE	Технології програмування на Java	41	32	62	f	9	https://zoom.us
269	2	LABORATORY	Технології програмування на Java	36	32	62	f	9	https://zoom.us
272	2	LABORATORY	Технології програмування на Java	39	32	62	f	9	https://zoom.us
273	2	LABORATORY	Технології програмування на Java	40	32	62	f	9	https://zoom.us
774	2	LECTURE	Архітектура обчислювальних систем	5	173	60	f	12	https://zoom.us
275	2	LECTURE	Моделювання жорстких систем	36	33	30	f	9	https://zoom.us
276	2	LECTURE	Моделювання жорстких систем	37	33	30	f	9	https://zoom.us
277	2	LECTURE	Моделювання жорстких систем	38	33	30	f	9	https://zoom.us
278	3	PRACTICAL	Теорія ймовірностей та математична статистика	36	30	35	f	9	https://zoom.us
279	3	PRACTICAL	Теорія ймовірностей та математична статистика	37	30	35	f	9	https://zoom.us
280	3	PRACTICAL	Теорія ймовірностей та математична статистика	40	30	35	f	9	https://zoom.us
775	2	LECTURE	Архітектура обчислювальних систем	32	173	60	f	12	https://zoom.us
286	1	LECTURE	Сучасні СУБД	38	35	34	f	9	https://zoom.us
287	2	LABORATORY	Сучасні СУБД	38	35	34	f	9	https://zoom.us
288	1	LECTURE	Теорія алгоритмів	38	36	41	f	9	https://zoom.us
289	2	LABORATORY	Теорія алгоритмів	38	36	41	f	9	https://zoom.us
290	2	LABORATORY	Сучасні СУБД	45	35	34	f	9	https://zoom.us
291	2	LABORATORY	Сучасні СУБД	47	35	34	f	9	https://zoom.us
292	1	LECTURE	Сучасні СУБД	45	35	34	f	9	https://zoom.us
271	2	LABORATORY	Технології програмування на Java	38	32	75	f	9	https://zoom.us
233	1	LECTURE	Економіка	38	29	92	f	9	https://zoom.us
237	1	PRACTICAL	Економіка	38	29	92	f	9	https://zoom.us
236	1	PRACTICAL	Економіка	37	29	92	f	9	https://zoom.us
232	1	LECTURE	Економіка	37	29	92	f	9	https://zoom.us
270	2	LABORATORY	Технології програмування на Java	37	32	75	f	9	https://zoom.us
231	1	LECTURE	Економіка	36	29	92	f	9	https://zoom.us
235	1	PRACTICAL	Економіка	36	29	92	f	9	https://zoom.us
234	1	LECTURE	Економіка	39	29	92	f	9	https://zoom.us
238	1	PRACTICAL	Економіка	39	29	92	f	9	https://zoom.us
230	2	PRACTICAL	Професійна іноземна мова	36	28	90	f	9	https://zoom.us
284	1	LECTURE	Програмування мовою Python	38	48	36	f	9	https://zoom.us
285	2	LABORATORY	Програмування мовою Python	38	48	36	f	9	https://zoom.us
283	2	LABORATORY	Моделювання жорстких систем	38	33	63	f	9	https://zoom.us
293	1	LECTURE	Сучасні СУБД	47	35	34	f	9	https://zoom.us
294	1	LECTURE	Теорія алгоритмів	51	36	41	f	9	https://zoom.us
295	1	LECTURE	Теорія алгоритмів	52	36	41	f	9	https://zoom.us
296	2	LABORATORY	Теорія алгоритмів	51	36	41	f	9	https://zoom.us
297	2	LABORATORY	Теорія алгоритмів	52	36	41	f	9	https://zoom.us
298	2	PRACTICAL	Теорія ймовірностей та математична статистика	39	30	35	f	9	https://zoom.us
299	2	LECTURE	Основи теорії систем	39	37	36	f	9	https://zoom.us
300	2	PRACTICAL	Основи теорії систем	39	37	36	f	9	https://zoom.us
301	1	LECTURE	Економетрика	39	38	64	f	9	https://zoom.us
302	1	LABORATORY	Економетрика	39	38	64	f	9	https://zoom.us
303	1	PRACTICAL	Економетрика	39	38	64	f	9	https://zoom.us
304	2	LECTURE	Числові методи	40	39	65	f	9	https://zoom.us
305	2	LABORATORY	Числові методи	40	39	65	f	9	https://zoom.us
306	2	LECTURE	Числові методи	41	39	65	f	9	https://zoom.us
308	2	LECTURE	Основи інтернет-технологгій	40	40	52	f	9	https://zoom.us
309	2	LABORATORY	Основи інтернет-технологгій	40	40	52	f	9	https://zoom.us
310	2	LECTURE	Основи інтернет-технологгій	41	40	52	f	9	https://zoom.us
311	2	LABORATORY	Основи інтернет-технологгій	41	40	52	f	9	https://zoom.us
312	2	LECTURE	Математична теорія ризиків	40	41	66	f	9	https://zoom.us
313	2	LABORATORY	Математична теорія ризиків	40	41	66	f	9	https://zoom.us
314	2	LECTURE	Математична теорія ризиків	41	41	66	f	9	https://zoom.us
315	2	LABORATORY	Математична теорія ризиків	41	41	66	f	9	https://zoom.us
316	2	LECTURE	Сучасні СУБД	40	35	66	f	9	https://zoom.us
317	2	LABORATORY	Сучасні СУБД	40	35	66	f	9	https://zoom.us
776	2	LABORATORY	Архітектура обчислювальних систем	29	173	60	f	12	https://zoom.us
320	1	LECTURE	Комп'ютерна математика	54	42	60	f	9	https://zoom.us
777	2	LABORATORY	Архітектура обчислювальних систем	5	173	60	f	12	https://zoom.us
778	2	LABORATORY	Архітектура обчислювальних систем	32	173	60	f	12	https://zoom.us
337	2	LABORATORY	Web-технології та Web-програмування	51	47	73	f	9	https://zoom.us
338	1	LECTURE	Програмування мовою Python	51	48	36	f	9	https://zoom.us
335	2	PRACTICAL	Іноземна мова (за професійним спрямуванням)	51	43	91	f	9	https://zoom.us
334	2	LABORATORY	Об'єктно-орієнтоване програмування	51	46	75	f	9	https://zoom.us
327	3	LECTURE	Диференціальні рівняння	51	45	69	f	9	https://zoom.us
328	2	PRACTICAL	Диференціальні рівняння	51	45	69	f	9	https://zoom.us
779	2	LECTURE	Математичний аналіз	29	55	21	f	12	https://zoom.us
780	2	LECTURE	Математичний аналіз	5	55	21	f	12	https://zoom.us
331	2	LECTURE	Комп'ютерні мережі	51	50	70	f	9	https://zoom.us
332	2	LABORATORY	Комп'ютерні мережі	51	50	70	f	9	https://zoom.us
336	2	LECTURE	Web-технології та Web-програмування	51	47	73	f	9	https://zoom.us
339	2	LABORATORY	Програмування мовою Python	51	48	36	f	9	https://zoom.us
340	2	PRACTICAL	Громадське здоров'я та медицина порятунку	51	49	74	f	9	https://zoom.us
333	3	LECTURE	Об'єктно-орієнтоване програмування	51	46	71	f	9	https://zoom.us
341	3	LECTURE	Диференціальні рівняння	52	45	69	f	9	https://zoom.us
344	2	LECTURE	Web-технології та Web-програмування	53	47	73	f	9	https://zoom.us
345	2	LABORATORY	Web-технології та Web-програмування	52	47	73	f	9	https://zoom.us
307	2	LABORATORY	Числові методи	41	39	75	f	9	https://zoom.us
318	2	PRACTICAL	Професійна іноземна мова	40	28	91	f	9	https://zoom.us
325	1	LECTURE	Алгоритми і структури даних	54	44	67	f	9	https://zoom.us
326	2	LABORATORY	Алгоритми і структури даних	54	44	41	f	9	https://zoom.us
322	2	PRACTICAL	Іноземна мова (за професійним спрямуванням)	41	43	89	f	9	https://zoom.us
323	1	LECTURE	Алгоритми і структури даних	41	44	67	f	9	https://zoom.us
346	2	LABORATORY	Web-технології та Web-програмування	53	47	73	f	9	https://zoom.us
347	2	PRACTICAL	Громадське здоров'я та медицина порятунку	52	49	74	f	9	https://zoom.us
348	2	PRACTICAL	Громадське здоров'я та медицина порятунку	53	49	74	f	9	https://zoom.us
349	2	PRACTICAL	Диференціальні рівняння	52	45	69	f	9	https://zoom.us
350	2	PRACTICAL	Диференціальні рівняння	53	45	68	f	9	https://zoom.us
351	2	PRACTICAL	Іноземна мова (за професійним спрямуванням)	52	43	87	f	9	https://zoom.us
352	2	PRACTICAL	Іноземна мова (за професійним спрямуванням)	53	43	89	f	9	https://zoom.us
353	2	PRACTICAL	Іноземна мова (за професійним спрямуванням)	54	43	90	f	9	https://zoom.us
355	2	PRACTICAL	Іноземна мова (за професійним спрямуванням)	56	43	88	f	9	https://zoom.us
354	2	PRACTICAL	Іноземна мова (за професійним спрямуванням)	57	43	91	f	9	https://zoom.us
786	2	PRACTICAL	Українська  мова (за професійним спрямуванням)	5	169	102	f	12	https://zoom.us
787	2	PRACTICAL	Українська  мова (за професійним спрямуванням)	32	169	102	f	12	https://zoom.us
791	2	PRACTICAL	Українська  мова (за професійним спрямуванням)	31	169	102	f	12	https://zoom.us
802	2	LABORATORY	Програмування	29	15	70	f	12	https://zoom.us
803	2	PRACTICAL	Іноземна мова (за професійним спрямуванням)	29	43	96	f	12	https://zoom.us
804	2	PRACTICAL	Іноземна мова (за професійним спрямуванням)	5	43	53	f	12	https://zoom.us
805	3	PRACTICAL	Математичний аналіз	5	55	105	f	12	https://zoom.us
806	2	PRACTICAL	Алгебра і геометрія	5	14	50	f	12	https://zoom.us
809	3	PRACTICAL	Математичний аналіз	32	55	105	f	12	https://zoom.us
810	3	PRACTICAL	Математичний аналіз	27	55	105	f	12	https://zoom.us
811	3	PRACTICAL	Математичний аналіз	26	55	105	f	12	https://zoom.us
812	2	PRACTICAL	Іноземна мова (за професійним спрямуванням)	32	43	89	f	12	https://zoom.us
817	2	PRACTICAL	Іноземна мова (за професійним спрямуванням)	27	43	90	f	12	https://zoom.us
821	2	PRACTICAL	Математична логіка та теорія алгоритмів	27	171	52	f	12	https://zoom.us
822	2	PRACTICAL	Алгебра і геометрія	26	14	50	f	12	https://zoom.us
823	2	LECTURE	Алгебра і геометрія	26	14	43	f	12	https://zoom.us
824	2	PRACTICAL	Програмування	26	15	60	f	12	https://zoom.us
793	1	LECTURE	Пакети прикладних програм	29	174	63	f	12	https://zoom.us
800	2	LABORATORY	Олімпіадні задачі з інформаційних технологій	5	175	32	f	12	https://zoom.us
794	1	LECTURE	Пакети прикладних програм	5	174	63	f	12	https://zoom.us
795	1	LECTURE	Пакети прикладних програм	32	174	63	f	12	https://zoom.us
998	2	LABORATORY	Бази даниих та інформаційні системи	39	26	34	f	12	https://zoom.us
1031	2	LECTURE	Системне програмування	37	199	71	f	12	https://zoom.us
1032	2	LECTURE	Системне програмування	38	199	71	f	12	https://zoom.us
1033	2	LECTURE	Системне програмування	39	199	71	f	12	https://zoom.us
1034	2	LECTURE	Системне програмування	40	199	71	f	12	https://zoom.us
1035	2	LECTURE	Системне програмування	41	199	71	f	12	https://zoom.us
1039	2	LABORATORY	Системне програмування	40	199	75	f	12	https://zoom.us
1040	2	LABORATORY	Системне програмування	41	199	71	f	12	https://zoom.us
1352	2	PRACTICAL	Німецька мова	47	133	88	f	12	https://zoom.us
1346	2	PRACTICAL	Німецька мова	26	133	88	f	12	https://zoom.us
1030	2	LABORATORY	Програмування та підтримка Веб-застосунків	49	198	42	f	12	https://zoom.us
1036	2	LABORATORY	Системне програмування	37	199	71	f	12	https://zoom.us
1037	2	LABORATORY	Системне програмування	38	199	71	f	12	https://zoom.us
1038	2	LABORATORY	Системне програмування	39	199	75	f	12	https://zoom.us
1353	2	PRACTICAL	Німецька мова	69	133	88	f	12	https://zoom.us
1354	2	PRACTICAL	Німецька мова	72	133	88	f	12	https://zoom.us
1355	2	PRACTICAL	Німецька мова	73	133	88	f	12	https://zoom.us
357	2	LABORATORY	Комп'ютерні мережі	52	50	70	f	9	https://zoom.us
358	2	LABORATORY	Комп'ютерні мережі	53	50	70	f	9	https://zoom.us
359	2	LABORATORY	Комп'ютерні мережі	54	50	70	f	9	https://zoom.us
360	2	LECTURE	Комп'ютерні мережі	52	50	70	f	9	https://zoom.us
361	2	LECTURE	Комп'ютерні мережі	53	50	70	f	9	https://zoom.us
362	2	LECTURE	Комп'ютерні мережі	54	50	70	f	9	https://zoom.us
363	3	LECTURE	Об'єктно-орієнтоване програмування	52	46	71	f	9	https://zoom.us
364	3	LECTURE	Об'єктно-орієнтоване програмування	53	46	71	f	9	https://zoom.us
365	3	LECTURE	Об'єктно-орієнтоване програмування	54	46	71	f	9	https://zoom.us
368	2	LABORATORY	Об'єктно-орієнтоване програмування	54	46	71	f	9	https://zoom.us
369	1	LECTURE	Програмування мовою Python	52	48	36	f	9	https://zoom.us
370	1	LECTURE	Програмування мовою Python	53	48	36	f	9	https://zoom.us
825	2	PRACTICAL	Іноземна мова (за професійним спрямуванням)	26	43	90	f	12	https://zoom.us
372	2	LABORATORY	Програмування мовою Python	52	48	36	f	9	https://zoom.us
373	2	LABORATORY	Програмування мовою Python	53	48	36	f	9	https://zoom.us
375	2	LABORATORY	Теорія алгоритмів	53	36	41	f	9	https://zoom.us
377	1	LECTURE	Теорія алгоритмів	53	36	41	f	9	https://zoom.us
378	2	LECTURE	Web-технології та Web-програмування	52	47	73	f	9	https://zoom.us
380	2	LABORATORY	Комп'ютерна математика	54	42	60	f	9	https://zoom.us
381	2	LECTURE	Диференціальні рівняння	54	45	68	f	9	https://zoom.us
382	2	PRACTICAL	Диференціальні рівняння	54	45	69	f	9	https://zoom.us
342	2	LECTURE	Диференціальні рівняння	53	45	68	f	9	https://zoom.us
383	2	LECTURE	Прикладний функціональний аналіз	54	51	26	f	9	https://zoom.us
384	1	PRACTICAL	Прикладний функціональний аналіз	54	51	26	f	9	https://zoom.us
385	4	LECTURE	Математичний аналіз2	57	54	20	f	9	https://zoom.us
386	4	PRACTICAL	Математичний аналіз2	57	54	28	f	9	https://zoom.us
387	2	LECTURE	Алгебра і теорія чисел	57	56	46	f	9	https://zoom.us
388	4	LECTURE	Математичний аналіз2	56	54	20	f	9	https://zoom.us
389	4	LECTURE	Математичний аналіз2	55	54	20	f	9	https://zoom.us
393	2	PRACTICAL	Алгебра і теорія чисел	57	56	47	f	9	https://zoom.us
394	2	PRACTICAL	Алгебра і теорія чисел	56	56	47	f	9	https://zoom.us
395	2	LECTURE	Дискретна математика	57	17	52	f	9	https://zoom.us
396	2	LECTURE	Дискретна математика	56	17	52	f	9	https://zoom.us
397	2	LECTURE	Дискретна математика	55	17	52	f	9	https://zoom.us
398	2	PRACTICAL	Дискретна математика	57	17	52	f	9	https://zoom.us
399	2	PRACTICAL	Дискретна математика	56	17	52	f	9	https://zoom.us
400	2	PRACTICAL	Дискретна математика	55	17	52	f	9	https://zoom.us
401	2	LECTURE	Диференціальні рівняння	57	45	68	f	9	https://zoom.us
402	2	LECTURE	Диференціальні рівняння	56	45	68	f	9	https://zoom.us
403	2	LECTURE	Диференціальні рівняння	55	45	68	f	9	https://zoom.us
404	2	PRACTICAL	Диференціальні рівняння	57	45	68	f	9	https://zoom.us
406	2	PRACTICAL	Психологія (загальна, вікова, педагогічна)	57	52	76	f	9	https://zoom.us
407	2	LECTURE	Психологія (загальна, вікова, педагогічна)	56	52	76	f	9	https://zoom.us
408	2	LECTURE	Психологія (загальна, вікова, педагогічна)	55	52	76	f	9	https://zoom.us
409	2	PRACTICAL	Психологія (загальна, вікова, педагогічна)	56	52	76	f	9	https://zoom.us
390	2	PRACTICAL	Математичний аналіз2	56	54	28	f	9	https://zoom.us
356	2	PRACTICAL	Іноземна мова (за професійним спрямуванням)	55	43	89	f	9	https://zoom.us
367	2	LABORATORY	Об'єктно-орієнтоване програмування	53	46	72	f	9	https://zoom.us
391	2	PRACTICAL	Математичний аналіз2	55	54	28	f	9	https://zoom.us
392	2	LECTURE	Лінійна алгебра	31	22	46	f	9	https://zoom.us
366	2	LABORATORY	Об'єктно-орієнтоване програмування	52	46	71	f	9	https://zoom.us
410	2	PRACTICAL	Психологія (загальна, вікова, педагогічна)	55	52	76	f	9	https://zoom.us
411	2	PRACTICAL	Диференціальні рівняння	55	45	68	f	9	https://zoom.us
416	1	LECTURE	Основи інформаційних технологій	55	53	69	f	9	https://zoom.us
417	2	LABORATORY	Основи інформаційних технологій	55	53	69	f	9	https://zoom.us
418	2	PRACTICAL	Громадське здоров'я та медицина порятунку	56	49	74	f	9	https://zoom.us
419	2	LECTURE	Об'єктно-орієнтоване програмування	55	46	32	f	9	https://zoom.us
420	2	LABORATORY	Об'єктно-орієнтоване програмування	55	46	32	f	9	https://zoom.us
826	2	LECTURE	Архітектура комп'ютерів	26	170	60	f	12	https://zoom.us
827	2	LECTURE	Архітектура комп'ютерів	33	170	60	f	12	https://zoom.us
830	1	LABORATORY	Архітектура комп'ютерів	33	170	60	f	12	https://zoom.us
842	2	LECTURE	Математичний аналіз1	33	16	26	f	12	https://zoom.us
843	2	LECTURE	Математичний аналіз*	33	103	26	f	12	https://zoom.us
844	3	PRACTICAL	Математичний аналіз1	33	16	28	f	12	https://zoom.us
1932	2	LECTURE	Комп'ютерні мережі	51	50	70	t	47	https://zoom.us
845	1	LECTURE	Вступ до спеціальності	33	25	77	f	12	https://zoom.us
1004	1	LECTURE	Бази даниих та інформаційні системи	37	26	34	f	12	https://zoom.us
1005	2	LABORATORY	Захист інформації	37	196	61	f	12	https://zoom.us
1006	2	LABORATORY	Захист інформації	38	196	61	f	12	https://zoom.us
1007	2	LABORATORY	Захист інформації	39	196	61	f	12	https://zoom.us
1019	2	PRACTICAL	Професійна іноземна мова	37	28	90	f	12	https://zoom.us
1020	2	PRACTICAL	Професійна іноземна мова	38	28	90	f	12	https://zoom.us
1021	1	LECTURE	Програмування та підтримка Веб-застосунків	37	198	42	f	12	https://zoom.us
1022	1	LECTURE	Програмування та підтримка Веб-застосунків	38	198	42	f	12	https://zoom.us
1023	1	LECTURE	Програмування та підтримка Веб-застосунків	39	198	42	f	12	https://zoom.us
1024	1	LECTURE	Програмування та підтримка Веб-застосунків	42	198	42	f	12	https://zoom.us
1025	1	LECTURE	Програмування та підтримка Веб-застосунків	49	198	42	f	12	https://zoom.us
1026	2	LABORATORY	Програмування та підтримка Веб-застосунків	37	198	42	f	12	https://zoom.us
1027	2	LABORATORY	Програмування та підтримка Веб-застосунків	38	198	42	f	12	https://zoom.us
1028	2	LABORATORY	Програмування та підтримка Веб-застосунків	39	198	42	f	12	https://zoom.us
1029	2	LABORATORY	Програмування та підтримка Веб-застосунків	42	198	42	f	12	https://zoom.us
1003	2	LABORATORY	Бази даниих та інформаційні системи	37	26	63	f	12	https://zoom.us
1091	2	PRACTICAL	Методика викладання математики	43	63	49	f	12	https://zoom.us
1044	2	LABORATORY	Математичні моделі мако- і мікроекономіки	39	200	38	f	12	https://zoom.us
1002	1	LECTURE	Основи інформаційної безпеки	42	201	61	f	12	https://zoom.us
1008	2	LABORATORY	Основи інформаційної безпеки	42	201	61	f	12	https://zoom.us
1092	2	PRACTICAL	Елементарна математика і методика викладання математики	44	61	49	f	12	https://zoom.us
1014	2	LABORATORY	Платформи корпоративних інформ.систем	37	197	61	f	12	https://zoom.us
1009	2	LECTURE	Платформи корпоративних інформ.систем	37	197	61	f	12	https://zoom.us
1010	2	LECTURE	Платформи корпоративних інформ.систем	38	197	61	f	12	https://zoom.us
1015	2	LABORATORY	Платформи корпоративних інформ.систем	38	197	61	f	12	https://zoom.us
1016	2	LABORATORY	Платформи корпоративних інформ.систем	39	197	61	f	12	https://zoom.us
1011	2	LECTURE	Платформи корпоративних інформ.систем	39	197	61	f	12	https://zoom.us
1012	2	LECTURE	Платформи корпоративних інформ.систем	40	197	61	f	12	https://zoom.us
1017	2	LABORATORY	Платформи корпоративних інформ.систем	40	197	61	f	12	https://zoom.us
1013	2	LECTURE	Платформи корпоративних інформ.систем	41	197	61	f	12	https://zoom.us
1018	2	LABORATORY	Платформи корпоративних інформ.систем	41	197	61	f	12	https://zoom.us
412	2	PRACTICAL	Диференціальні рівняння	56	45	68	f	9	https://zoom.us
405	2	LECTURE	Психологія (загальна, вікова, педагогічна)	57	52	76	f	9	https://zoom.us
413	2	LECTURE	Алгебра і теорія чисел	56	56	46	f	9	https://zoom.us
414	1	LECTURE	Основи інформаційних технологій	56	53	69	f	9	https://zoom.us
415	2	LABORATORY	Основи інформаційних технологій	56	53	69	f	9	https://zoom.us
421	2	LECTURE	Диференціальна геометрія	44	57	43	f	9	https://zoom.us
828	2	LECTURE	Архітектура комп'ютерів	31	170	60	f	12	https://zoom.us
423	2	PRACTICAL	Диференціальна геометрія	44	57	43	f	9	https://zoom.us
425	3	LECTURE	Комплексний аналіз	44	58	23	f	9	https://zoom.us
433	2	PRACTICAL	Теорія міри та інтеграла	44	59	28	f	9	https://zoom.us
435	3	LECTURE	Рівняння математичної фізики	44	60	79	f	9	https://zoom.us
436	2	PRACTICAL	Рівняння математичної фізики	44	60	79	f	9	https://zoom.us
437	2	LECTURE	Елементарна математика і методика викладання математики	44	61	49	f	9	https://zoom.us
438	2	PRACTICAL	Елементарна математика і методика викладання математики	44	61	49	f	9	https://zoom.us
439	3	PRACTICAL	Основи медичний знань	44	62	74	f	9	https://zoom.us
440	3	PRACTICAL	Основи медичний знань	43	62	74	f	9	https://zoom.us
441	3	LECTURE	Комплексний аналіз	43	58	23	f	9	https://zoom.us
443	3	PRACTICAL	Основи медичний знань	42	62	74	f	9	https://zoom.us
444	3	LECTURE	Комплексний аналіз	42	58	23	f	9	https://zoom.us
446	2	LECTURE	Методика викладання математики	43	63	49	f	9	https://zoom.us
447	2	PRACTICAL	Методика викладання математики	43	63	49	f	9	https://zoom.us
448	2	LECTURE	Методика викладання математики	42	63	49	f	9	https://zoom.us
449	2	PRACTICAL	Методика викладання математики	42	63	49	f	9	https://zoom.us
450	2	LECTURE	Методика викладання інформатики	43	64	73	f	9	https://zoom.us
451	2	LABORATORY	Методика викладання інформатики	43	64	45	f	9	https://zoom.us
452	3	LECTURE	Вибрані розділи математичної фізики	43	65	79	f	9	https://zoom.us
453	2	PRACTICAL	Вибрані розділи математичної фізики	43	65	79	f	9	https://zoom.us
455	2	PRACTICAL	Теорія міри та інтеграла	43	59	28	f	9	https://zoom.us
456	2	LECTURE	Диференціальна геометрія	43	57	43	f	9	https://zoom.us
457	2	PRACTICAL	Диференціальна геометрія	43	57	43	f	9	https://zoom.us
458	2	LABORATORY	Операційні системи	42	27	42	f	9	https://zoom.us
459	1	LECTURE	Теорія алгоритмів	42	36	41	f	9	https://zoom.us
460	2	LABORATORY	Теорія алгоритмів	42	36	41	f	9	https://zoom.us
466	2	LECTURE	Методика викладання інформатики	42	64	73	f	9	https://zoom.us
467	3	LECTURE	Вибрані розділи математичної фізики	42	65	79	f	9	https://zoom.us
468	2	PRACTICAL	Вибрані розділи математичної фізики	42	65	79	f	9	https://zoom.us
469	2	LABORATORY	Методика викладання інформатики	42	64	45	f	9	https://zoom.us
470	2	LECTURE	Методи оптимізації та дослідження операцій	45	66	40	f	9	https://zoom.us
473	1	PRACTICAL	Методи оптимізації та дослідження операцій	50	66	40	f	9	https://zoom.us
474	2	LECTURE	Методи оптимізації та дослідження операцій	47	66	40	f	9	https://zoom.us
475	2	LECTURE	Методи оптимізації та дослідження операцій	48	66	40	f	9	https://zoom.us
471	1	PRACTICAL	Методи оптимізації та дослідження операцій	45	66	35	f	9	https://zoom.us
476	1	PRACTICAL	Методи оптимізації та дослідження операцій	46	66	35	f	9	https://zoom.us
445	2	PRACTICAL	Комплексний аналіз	42	58	28	f	9	https://zoom.us
442	2	PRACTICAL	Комплексний аналіз	43	58	28	f	9	https://zoom.us
428	2	PRACTICAL	Комплексний аналіз	44	58	28	f	9	https://zoom.us
454	3	LECTURE	Теорія міри та інтеграла	43	59	28	f	9	https://zoom.us
431	3	LECTURE	Теорія міри та інтеграла	44	59	28	f	9	https://zoom.us
829	2	LABORATORY	Архітектура комп'ютерів	26	170	60	f	12	https://zoom.us
486	2	LABORATORY	Платформи корпоративних інформаційних систем	68	67	80	f	9	https://zoom.us
488	2	LABORATORY	Платформи корпоративних інформаційних систем	45	67	80	f	9	https://zoom.us
490	2	LABORATORY	Платформи корпоративних інформаційних систем	50	67	80	f	9	https://zoom.us
491	2	LABORATORY	Платформи корпоративних інформаційних систем	47	67	80	f	9	https://zoom.us
493	2	LECTURE	Платформи корпоративних інформаційних систем	68	67	80	f	9	https://zoom.us
495	2	LECTURE	Платформи корпоративних інформаційних систем	70	67	80	f	9	https://zoom.us
496	2	LECTURE	Проектування програмних систем	45	68	19	f	9	https://zoom.us
497	2	LABORATORY	Проектування програмних систем	45	68	62	f	9	https://zoom.us
498	1	LECTURE	Системи та методи прийняття рішень	45	69	40	f	9	https://zoom.us
499	2	LABORATORY	Системи та методи прийняття рішень	45	69	40	f	9	https://zoom.us
500	1	LECTURE	Системи та методи прийняття рішень	46	69	40	f	9	https://zoom.us
504	2	LECTURE	Інформаційні системи обліку	45	70	73	f	9	https://zoom.us
505	2	LABORATORY	Інформаційні системи обліку	45	70	73	f	9	https://zoom.us
506	2	PRACTICAL	Комунікаційні технології в управлінні проектами	45	71	42	f	9	https://zoom.us
788	2	PRACTICAL	Українська  мова (за професійним спрямуванням)	27	169	111	f	12	https://zoom.us
832	1	LECTURE	Математична логіка та теорія алгоритмів	26	171	52	f	12	https://zoom.us
833	2	PRACTICAL	Математична логіка та теорія алгоритмів	26	171	52	f	12	https://zoom.us
834	2	LABORATORY	Програмування	26	15	60	f	12	https://zoom.us
835	2	LECTURE	Аналітична геометрія	33	24	44	f	12	https://zoom.us
836	2	PRACTICAL	Аналітична геометрія	33	24	44	f	12	https://zoom.us
837	2	LECTURE	Лінійна алгебра	33	22	46	f	12	https://zoom.us
838	3	PRACTICAL	Лінійна алгебра	33	22	47	f	12	https://zoom.us
839	2	LECTURE	Програмування	33	15	34	f	12	https://zoom.us
840	1	PRACTICAL	Програмування	33	15	38	f	12	https://zoom.us
851	2	LECTURE	Лінійна алгебра	28	22	46	f	12	https://zoom.us
854	3	PRACTICAL	Лінійна алгебра	31	22	47	f	12	https://zoom.us
855	3	PRACTICAL	Лінійна алгебра	28	22	47	f	12	https://zoom.us
857	2	LECTURE	Програмування	28	15	34	f	12	https://zoom.us
858	1	PRACTICAL	Програмування	28	15	38	f	12	https://zoom.us
863	2	LECTURE	Математичний аналіз*	31	103	26	f	12	https://zoom.us
865	3	PRACTICAL	Математичний аналіз1	28	16	28	f	12	https://zoom.us
866	1	LECTURE	Вступ до спеціальності	31	25	45	f	12	https://zoom.us
867	1	LECTURE	Вступ до спеціальності	28	25	45	f	12	https://zoom.us
868	2	LABORATORY	Програмування	31	15	38	f	12	https://zoom.us
869	1	PRACTICAL	Вступ до спеціальності	31	25	45	f	12	https://zoom.us
871	2	PRACTICAL	Іноземна мова	28	18	91	f	12	https://zoom.us
872	1	PRACTICAL	Вступ до спеціальності	28	25	45	f	12	https://zoom.us
841	2	LABORATORY	Програмування	33	15	34	f	12	https://zoom.us
1041	1	LECTURE	Математичні моделі мако- і мікроекономіки	37	200	33	f	12	https://zoom.us
1042	1	LECTURE	Математичні моделі мако- і мікроекономіки	39	200	33	f	12	https://zoom.us
1933	2	LECTURE	Комп'ютерні мережі	52	50	70	t	47	https://zoom.us
1045	1	LECTURE	Пакети прикладних програм	37	174	63	f	12	https://zoom.us
1046	1	LECTURE	Пакети прикладних програм	38	174	63	f	12	https://zoom.us
1047	2	LABORATORY	Пакети прикладних програм	37	174	63	f	12	https://zoom.us
1048	2	LABORATORY	Пакети прикладних програм	38	174	63	f	12	https://zoom.us
1093	2	LECTURE	Теорія ймовірностей та математична статистика	43	30	40	f	12	https://zoom.us
1095	2	PRACTICAL	Теорія ймовірностей та математична статистика	43	30	40	f	12	https://zoom.us
881	2	LECTURE	Філософія	51	179	106	f	12	https://zoom.us
1094	2	LECTURE	Теорія ймовірностей	44	213	26	f	12	https://zoom.us
847	1	LABORATORY	Архітектура комп'ютерів	31	170	60	f	12	https://zoom.us
478	2	LECTURE	Платформи корпоративних інформаційних систем	45	67	80	f	9	https://zoom.us
848	2	LECTURE	Аналітична геометрія	31	24	44	f	12	https://zoom.us
481	2	LECTURE	Платформи корпоративних інформаційних систем	49	67	80	f	9	https://zoom.us
482	2	LECTURE	Платформи корпоративних інформаційних систем	50	67	80	f	9	https://zoom.us
483	2	LECTURE	Платформи корпоративних інформаційних систем	47	67	80	f	9	https://zoom.us
484	2	LECTURE	Платформи корпоративних інформаційних систем	48	67	80	f	9	https://zoom.us
849	2	PRACTICAL	Аналітична геометрія	31	24	44	f	12	https://zoom.us
850	2	LECTURE	Лінійна алгебра	31	22	46	f	12	https://zoom.us
852	2	LECTURE	Аналітична геометрія	28	24	44	f	12	https://zoom.us
853	2	PRACTICAL	Аналітична геометрія	28	24	44	f	12	https://zoom.us
856	2	LECTURE	Програмування	31	15	34	f	12	https://zoom.us
859	1	PRACTICAL	Програмування	31	15	38	f	12	https://zoom.us
861	2	LECTURE	Математичний аналіз1	31	16	26	f	12	https://zoom.us
864	3	PRACTICAL	Математичний аналіз1	31	16	28	f	12	https://zoom.us
870	2	PRACTICAL	Іноземна мова	31	18	91	f	12	https://zoom.us
862	4	LECTURE	Математичний аналіз1	28	16	26	f	12	https://zoom.us
757	2	LABORATORY	Олімпіадні задачі з інформаційних технологій	30	175	32	f	12	https://zoom.us
860	2	LABORATORY	Програмування	28	15	34	f	12	https://zoom.us
873	2	LECTURE	Бази даниих та інформаційні системи	51	26	34	f	12	https://zoom.us
874	1	LABORATORY	Бази даниих та інформаційні системи	51	26	34	f	12	https://zoom.us
882	2	PRACTICAL	Філософія	51	179	106	f	12	https://zoom.us
911	2	PRACTICAL	Філософія	53	179	106	f	12	https://zoom.us
1934	2	LECTURE	Комп'ютерні мережі	84	50	70	t	47	https://zoom.us
883	2	PRACTICAL	Професійна іноземна мова	51	28	87	f	12	https://zoom.us
884	2	LECTURE	Теорія алгоритмів (обчислювальні алгоритми)	51	180	41	f	12	https://zoom.us
885	2	LABORATORY	Теорія алгоритмів (обчислювальні алгоритми)	51	180	41	f	12	https://zoom.us
886	1	LECTURE	Поглиблена 3D графіка	51	181	42	f	12	https://zoom.us
887	2	LABORATORY	Поглиблена 3D графіка	51	181	42	f	12	https://zoom.us
888	2	LECTURE	Бібліотеки мови Python	51	183	36	f	12	https://zoom.us
889	2	LABORATORY	Бібліотеки мови Python	51	183	36	f	12	https://zoom.us
890	2	PRACTICAL	Фізичне виховання	51	13	54	f	12	https://zoom.us
891	2	LECTURE	Бази даниих та інформаційні системи	52	26	34	f	12	https://zoom.us
892	2	LECTURE	Бази даниих та інформаційні системи	53	26	34	f	12	https://zoom.us
894	2	LECTURE	Обчислювальна геомтерія та комп'ютерна графіка	52	176	81	f	12	https://zoom.us
895	2	LECTURE	Обчислювальна геомтерія та комп'ютерна графіка	53	176	81	f	12	https://zoom.us
898	2	LABORATORY	Обчислювальна геомтерія та комп'ютерна графіка	53	176	81	f	12	https://zoom.us
899	2	LABORATORY	Обчислювальна геомтерія та комп'ютерна графіка	54	176	81	f	12	https://zoom.us
900	2	LECTURE	Обчислювальні методи	52	178	65	f	12	https://zoom.us
901	2	LECTURE	Обчислювальні методи	53	178	65	f	12	https://zoom.us
1935	2	LECTURE	Комп'ютерні мережі	53	50	70	t	47	https://zoom.us
931	2	LECTURE	Бібліотеки мови Python	52	183	36	f	12	https://zoom.us
897	2	LABORATORY	Обчислювальна геомтерія та комп'ютерна графіка	52	176	146	f	12	https://zoom.us
930	1	LABORATORY	Бази даниих та інформаційні системи	52	26	63	f	12	https://zoom.us
893	1	LABORATORY	Бази даниих та інформаційні системи	53	26	63	f	12	https://zoom.us
960	2	PRACTICAL	Диференціальні рівняння	56	45	77	f	12	https://zoom.us
961	2	PRACTICAL	Диференціальні рівняння	57	45	77	f	12	https://zoom.us
962	2	LECTURE	Диференціальні рівняння	56	45	68	f	12	https://zoom.us
963	2	LECTURE	Диференціальні рівняння	57	45	68	f	12	https://zoom.us
480	2	LECTURE	Платформи корпоративних інформаційних систем	46	67	80	f	9	https://zoom.us
755	1	LECTURE	Пакети прикладних програм	30	174	63	f	12	https://zoom.us
877	2	LECTURE	Обчислювальна геомтерія та комп'ютерна графіка	51	176	81	f	12	https://zoom.us
879	2	LECTURE	Обчислювальні методи	51	178	65	f	12	https://zoom.us
1936	2	LECTURE	Комп'ютерні мережі	54	50	70	t	47	https://zoom.us
954	2	LECTURE	Комп'ютерні мережі та Інтернет	55	189	107	f	12	https://zoom.us
955	2	LABORATORY	Комп'ютерні мережі та Інтернет	55	189	107	f	12	https://zoom.us
956	1	LECTURE	Програмно-педагогічні засоби навчання	55	190	43	f	12	https://zoom.us
957	2	LABORATORY	Програмно-педагогічні засоби навчання	55	190	43	f	12	https://zoom.us
958	2	LECTURE	Векторна та растрова графіка	55	191	77	f	12	https://zoom.us
959	2	LABORATORY	Векторна та растрова графіка	55	191	77	f	12	https://zoom.us
964	2	LECTURE	Комп'ютерні мережі та Інтернет	56	189	107	f	12	https://zoom.us
965	2	LABORATORY	Комп'ютерні мережі та Інтернет	56	189	107	f	12	https://zoom.us
970	1	LECTURE	Програмно-педагогічні засоби навчання	56	190	43	f	12	https://zoom.us
971	2	LABORATORY	Програмно-педагогічні засоби навчання	56	190	43	f	12	https://zoom.us
972	2	LECTURE	Алгебра і теорія чисел	56	56	46	f	12	https://zoom.us
973	2	PRACTICAL	Алгебра і теорія чисел	56	56	46	f	12	https://zoom.us
974	2	LECTURE	Алгебра і теорія чисел	57	56	46	f	12	https://zoom.us
905	2	LECTURE	Філософія	53	179	106	f	12	https://zoom.us
975	2	PRACTICAL	Алгебра і теорія чисел	57	56	46	f	12	https://zoom.us
976	2	LECTURE	Топологія	56	193	22	f	12	https://zoom.us
977	2	PRACTICAL	Топологія	56	193	22	f	12	https://zoom.us
978	2	LECTURE	Топологія	57	193	22	f	12	https://zoom.us
979	2	PRACTICAL	Топологія	57	193	22	f	12	https://zoom.us
1049	2	LECTURE	Алгоритми і структури даних	38	44	41	f	12	https://zoom.us
1050	2	LABORATORY	Алгоритми і структури даних	38	44	41	f	12	https://zoom.us
1051	2	LECTURE	Бібліотеки мови Python	38	183	36	f	12	https://zoom.us
1052	2	LABORATORY	Бібліотеки мови Python	38	183	36	f	12	https://zoom.us
1053	2	LECTURE	Теорія ймовірностей та математична статистика	39	30	35	f	12	https://zoom.us
1054	2	PRACTICAL	Теорія ймовірностей та математична статистика	39	30	35	f	12	https://zoom.us
1055	2	LECTURE	Числові методи	40	39	65	f	12	https://zoom.us
1057	1	LECTURE	Теорія інформації та кодування	40	202	67	f	12	https://zoom.us
1058	2	LABORATORY	Теорія інформації та кодування	40	202	67	f	12	https://zoom.us
1059	1	LECTURE	Серверна мова РНР	40	203	19	f	12	https://zoom.us
1060	2	LABORATORY	Серверна мова РНР	40	203	19	f	12	https://zoom.us
1937	2	LECTURE	Комп'ютерні мережі	87	50	70	t	47	https://zoom.us
1061	2	LECTURE	Контроль якості та тестування програмного забезпечення	40	204	62	f	12	https://zoom.us
1062	2	LABORATORY	Контроль якості та тестування програмного забезпечення	40	204	62	f	12	https://zoom.us
1063	2	LECTURE	Web-дизайн	40	205	52	f	12	https://zoom.us
1064	1	LABORATORY	Web-дизайн	40	205	52	f	12	https://zoom.us
1070	2	LABORATORY	Серверна мова РНР	41	203	19	f	12	https://zoom.us
1069	2	LECTURE	Серверна мова РНР	41	203	19	f	12	https://zoom.us
1068	2	LABORATORY	Розробка UI/UX дизайну	41	187	75	f	12	https://zoom.us
1067	2	LECTURE	Розробка UI/UX дизайну	41	187	75	f	12	https://zoom.us
1097	2	LECTURE	Методика викладання інформатики	43	64	73	f	12	https://zoom.us
966	2	PRACTICAL	Педагогіка з основами педмайстерності	56	188	112	f	12	https://zoom.us
878	2	LABORATORY	Обчислювальна геомтерія та комп'ютерна графіка	51	176	146	f	12	https://zoom.us
1056	2	LABORATORY	Числові методи	40	39	75	f	12	https://zoom.us
1065	2	LABORATORY	Числові методи	41	39	65	f	12	https://zoom.us
1356	4	PRACTICAL	Німецька мова	71	133	88	f	12	https://zoom.us
1357	1	PRACTICAL	Магістерський семінар 1	59	246	65	f	12	https://zoom.us
485	2	LABORATORY	Платформи корпоративних інформаційних систем	49	67	80	f	9	https://zoom.us
487	2	LABORATORY	Платформи корпоративних інформаційних систем	69	67	80	f	9	https://zoom.us
489	2	LABORATORY	Платформи корпоративних інформаційних систем	70	67	80	f	9	https://zoom.us
492	2	LABORATORY	Платформи корпоративних інформаційних систем	48	67	80	f	9	https://zoom.us
494	2	LECTURE	Платформи корпоративних інформаційних систем	69	67	80	f	9	https://zoom.us
501	1	LECTURE	Системи та методи прийняття рішень	49	69	40	f	9	https://zoom.us
502	1	LECTURE	Системи та методи прийняття рішень	47	69	40	f	9	https://zoom.us
503	1	LECTURE	Системи та методи прийняття рішень	48	69	40	f	9	https://zoom.us
507	2	LECTURE	Методи оптимізації та дослідження операцій	46	66	40	f	9	https://zoom.us
509	2	LABORATORY	Платформи корпоративних інформаційних систем	46	67	80	f	9	https://zoom.us
510	2	LECTURE	Проектування програмних систем	46	68	62	f	9	https://zoom.us
511	2	LABORATORY	Проектування програмних систем	46	68	62	f	9	https://zoom.us
512	2	LECTURE	Інформаційні системи обліку	46	70	73	f	9	https://zoom.us
513	2	LABORATORY	Інформаційні системи обліку	46	70	73	f	9	https://zoom.us
514	2	PRACTICAL	Комунікаційні технології в управлінні проектами	46	71	42	f	9	https://zoom.us
515	2	LECTURE	Теорія керування	46	72	38	f	9	https://zoom.us
516	2	LABORATORY	Теорія керування	46	72	38	f	9	https://zoom.us
896	2	LECTURE	Обчислювальна геомтерія та комп'ютерна графіка	54	176	81	f	12	https://zoom.us
518	2	LECTURE	Проектування програмних систем	47	68	19	f	9	https://zoom.us
519	2	LABORATORY	Проектування програмних систем	47	68	62	f	9	https://zoom.us
846	1	PRACTICAL	Вступ до спеціальності	33	25	77	f	12	https://zoom.us
521	2	LECTURE	Інформаційні системи обліку	47	70	73	f	9	https://zoom.us
522	2	LABORATORY	Інформаційні системи обліку	47	70	73	f	9	https://zoom.us
523	2	PRACTICAL	Комунікаційні технології в управлінні проектами	47	71	42	f	9	https://zoom.us
525	2	LECTURE	Проектування програмних систем	48	68	62	f	9	https://zoom.us
526	2	LABORATORY	Проектування програмних систем	48	68	19	f	9	https://zoom.us
1372	2	LECTURE	Алгебра і геометрія	30	14	43	f	12	https://zoom.us
528	2	LECTURE	Інформаційні системи обліку	48	70	73	f	9	https://zoom.us
529	2	LABORATORY	Інформаційні системи обліку	48	70	73	f	9	https://zoom.us
530	2	PRACTICAL	Комунікаційні технології в управлінні проектами	48	71	42	f	9	https://zoom.us
531	2	LECTURE	Теорія керування	48	72	38	f	9	https://zoom.us
532	2	LABORATORY	Теорія керування	48	72	38	f	9	https://zoom.us
533	2	LECTURE	Теорія керування	49	72	38	f	9	https://zoom.us
534	2	LABORATORY	Теорія керування	49	72	38	f	9	https://zoom.us
535	2	LECTURE	Інформаційні системи обліку	49	70	73	f	9	https://zoom.us
536	2	LABORATORY	Інформаційні системи обліку	49	70	73	f	9	https://zoom.us
537	2	LECTURE	Проектування програмних систем	49	68	62	f	9	https://zoom.us
538	2	LABORATORY	Проектування програмних систем	49	68	19	f	9	https://zoom.us
539	2	PRACTICAL	Комунікаційні технології в управлінні проектами	49	71	42	f	9	https://zoom.us
542	2	LECTURE	Методи оптимізації та дослідження операцій	50	66	40	f	9	https://zoom.us
543	1	LECTURE	Системи та методи прийняття рішень	50	69	40	f	9	https://zoom.us
544	2	LABORATORY	Системи та методи прийняття рішень	50	69	40	f	9	https://zoom.us
524	1	PRACTICAL	Методи оптимізації та дослідження операцій	48	66	40	f	9	https://zoom.us
541	2	PRACTICAL	Професійна іноземна мова	49	28	91	f	9	https://zoom.us
508	2	LABORATORY	Системи та методи прийняття рішень	46	69	35	f	9	https://zoom.us
906	2	LECTURE	Філософія	54	179	106	f	12	https://zoom.us
545	2	LECTURE	Випадкові процеси	50	74	38	f	9	https://zoom.us
546	2	LABORATORY	Випадкові процеси	50	74	38	f	9	https://zoom.us
547	2	LECTURE	Теорія керування	50	72	38	f	9	https://zoom.us
548	2	LABORATORY	Теорія керування	50	72	38	f	9	https://zoom.us
549	2	LECTURE	Проектування програмних систем	50	68	62	f	9	https://zoom.us
550	2	LABORATORY	Проектування програмних систем	50	68	62	f	9	https://zoom.us
551	2	LECTURE	Методи оптимізації	68	75	35	f	9	https://zoom.us
552	2	LABORATORY	Методи оптимізації	68	75	35	f	9	https://zoom.us
553	2	LECTURE	Основи математичного моделювання та системного аналізу	68	76	81	f	9	https://zoom.us
554	2	LABORATORY	Основи математичного моделювання та системного аналізу	68	76	81	f	9	https://zoom.us
555	2	LECTURE	Технології програмування мовою Python	68	77	19	f	9	https://zoom.us
556	2	LABORATORY	Технології програмування мовою Python	68	77	19	f	9	https://zoom.us
557	2	LECTURE	Проектування програмних систем	68	68	62	f	9	https://zoom.us
558	2	LABORATORY	Проектування програмних систем	68	68	62	f	9	https://zoom.us
566	2	LABORATORY	Методи оптимізації	70	75	35	f	9	https://zoom.us
568	2	LECTURE	Методи оптимізації	70	75	35	f	9	https://zoom.us
570	2	LECTURE	Основи математичного моделювання та системного аналізу	70	76	81	f	9	https://zoom.us
574	2	LABORATORY	Основи математичного моделювання та системного аналізу	70	76	81	f	9	https://zoom.us
578	2	LECTURE	Проектування програмних систем	70	68	62	f	9	https://zoom.us
579	2	LECTURE	Технології програмування мовою Python	69	77	19	f	9	https://zoom.us
581	2	LABORATORY	Технології програмування мовою Python	69	77	19	f	9	https://zoom.us
576	2	LABORATORY	Проектування програмних систем	70	68	19	f	9	https://zoom.us
595	1	LECTURE	Методика розв'язування задач з інформаційних технологій	72	82	78	f	9	https://zoom.us
559	2	LECTURE	Frontend-розробка Web-додатків	68	78	67	f	9	https://zoom.us
560	2	LABORATORY	Frontend-розробка Web-додатків	68	78	67	f	9	https://zoom.us
561	2	LABORATORY	Frontend-розробка Web-додатків	69	78	67	f	9	https://zoom.us
563	2	LECTURE	Frontend-розробка Web-додатків	69	78	67	f	9	https://zoom.us
1373	2	PRACTICAL	Алгебра і теорія чисел	30	56	43	f	12	https://zoom.us
916	2	LECTURE	Теорія алгоритмів (обчислювальні алгоритми)	52	180	41	f	12	https://zoom.us
917	2	LECTURE	Теорія алгоритмів (обчислювальні алгоритми)	53	180	41	f	12	https://zoom.us
918	2	LABORATORY	Теорія алгоритмів (обчислювальні алгоритми)	52	180	41	f	12	https://zoom.us
624	1	PRACTICAL	Методи обчислень	71	83	30	f	9	https://zoom.us
643	8	LECTURE	Комунікації та теорії конфліктів	63	96	70	f	9	https://zoom.us
919	2	LABORATORY	Теорія алгоритмів (обчислювальні алгоритми)	53	180	41	f	12	https://zoom.us
920	1	LECTURE	Поглиблена 3D графіка	52	181	42	f	12	https://zoom.us
921	1	LECTURE	Поглиблена 3D графіка	53	181	42	f	12	https://zoom.us
922	2	LABORATORY	Бібліотеки мови Python	52	183	36	f	12	https://zoom.us
923	2	LABORATORY	Бібліотеки мови Python	53	183	36	f	12	https://zoom.us
924	2	PRACTICAL	Фізичне виховання	52	13	54	f	12	https://zoom.us
925	2	PRACTICAL	Фізичне виховання	53	13	54	f	12	https://zoom.us
926	2	PRACTICAL	Фізичне виховання	54	13	54	f	12	https://zoom.us
927	2	PRACTICAL	Фізичне виховання	55	13	54	f	12	https://zoom.us
928	2	PRACTICAL	Фізичне виховання	56	13	54	f	12	https://zoom.us
929	2	PRACTICAL	Фізичне виховання	57	13	54	f	12	https://zoom.us
932	2	LABORATORY	Поглиблена 3D графіка	52	181	42	f	12	https://zoom.us
933	2	PRACTICAL	Професійна іноземна мова	52	28	91	f	12	https://zoom.us
907	2	LECTURE	Філософія	55	179	106	f	12	https://zoom.us
913	2	PRACTICAL	Філософія	55	179	106	f	12	https://zoom.us
908	2	LECTURE	Філософія	56	179	106	f	12	https://zoom.us
914	2	PRACTICAL	Філософія	56	179	106	f	12	https://zoom.us
915	2	PRACTICAL	Філософія	57	179	106	f	12	https://zoom.us
909	2	LECTURE	Філософія	57	179	106	f	12	https://zoom.us
934	2	LECTURE	Бібліотеки мови Python	53	183	36	f	12	https://zoom.us
567	2	LECTURE	Методи оптимізації	69	75	35	f	9	https://zoom.us
569	2	LECTURE	Основи математичного моделювання та системного аналізу	69	76	81	f	9	https://zoom.us
571	2	LABORATORY	Методи оптимізації	69	75	35	f	9	https://zoom.us
573	2	LABORATORY	Основи математичного моделювання та системного аналізу	69	76	81	f	9	https://zoom.us
577	2	LECTURE	Проектування програмних систем	69	68	62	f	9	https://zoom.us
580	2	LECTURE	Технології програмування мовою Python	70	77	19	f	9	https://zoom.us
582	2	LABORATORY	Технології програмування мовою Python	70	77	19	f	9	https://zoom.us
575	2	LABORATORY	Проектування програмних систем	69	68	19	f	9	https://zoom.us
584	1	LABORATORY	Методика викладання інформатики	72	64	45	f	9	https://zoom.us
583	1	LECTURE	Методика викладання інформатики	72	64	73	f	9	https://zoom.us
585	1	PRACTICAL	Методика викладання інформатики	72	64	45	f	9	https://zoom.us
586	2	LECTURE	Методика викладання інформатики в початковій школі	72	79	82	f	9	https://zoom.us
587	1	LABORATORY	Методика викладання інформатики в початковій школі	72	79	82	f	9	https://zoom.us
588	1	LECTURE	Інформаційно-комунікаційні технології в освіті	72	80	78	f	9	https://zoom.us
589	1	PRACTICAL	Інформаційно-комунікаційні технології в освіті	72	80	78	f	9	https://zoom.us
903	2	LABORATORY	Обчислювальні методи	53	178	75	f	12	https://zoom.us
591	1	LECTURE	Хмарні технології в освіті	72	81	77	f	9	https://zoom.us
592	2	LABORATORY	Хмарні технології в освіті	72	81	77	f	9	https://zoom.us
593	1	LECTURE	Програмування мовою Python	72	48	32	f	9	https://zoom.us
594	2	LABORATORY	Програмування мовою Python	72	48	32	f	9	https://zoom.us
596	2	LABORATORY	Методика розв'язування олімп. задач з ІТ	72	82	78	f	9	https://zoom.us
597	1	LECTURE	Методи обчислень	72	83	30	f	9	https://zoom.us
598	1	PRACTICAL	Методи обчислень	72	83	30	f	9	https://zoom.us
599	1	LABORATORY	Методи обчислень	72	83	30	f	9	https://zoom.us
600	1	LECTURE	Методика впровадження дослідних робіт з інформатики	72	84	79	f	9	https://zoom.us
601	2	LABORATORY	Методика впровадження дослідних робіт з інформатики	72	84	79	f	9	https://zoom.us
602	2	LECTURE	Геометричні перетворення та побудова зображень	73	85	49	f	9	https://zoom.us
603	1	LABORATORY	Геометричні перетворення та побудова зображень	73	85	49	f	9	https://zoom.us
604	1	LECTURE	Методика викладання інформатики	73	64	73	f	9	https://zoom.us
605	1	PRACTICAL	Методика викладання інформатики	73	64	45	f	9	https://zoom.us
606	1	LABORATORY	Методика викладання інформатики	73	64	45	f	9	https://zoom.us
609	1	PRACTICAL	Інформаційно-комунікаційні технології в освіті	73	80	78	f	9	https://zoom.us
610	2	LABORATORY	Інформаційно-комунікаційні технології в освіті	73	80	78	f	9	https://zoom.us
2302	2	LABORATORY	Розподілені інформаційно-аналітичні системи	50	279	80	f	47	https://zoom.us
611	1	LECTURE	Методи обчислень	73	83	30	f	9	https://zoom.us
615	2	LECTURE	Методика викладання інформатики в початковій школі	73	79	82	f	9	https://zoom.us
616	1	LABORATORY	Методика викладання інформатики в початковій школі	73	79	82	f	9	https://zoom.us
617	2	LECTURE	Спец.курс (за вибором)4	73	87	46	f	9	https://zoom.us
618	2	PRACTICAL	Спец.курс (за вибором)4	73	87	46	f	9	https://zoom.us
619	2	LECTURE	Мат.статистика з елементами теорії випадкових процесів	71	89	26	f	9	https://zoom.us
608	1	PRACTICAL	Математична логіка	73	86	28	f	9	https://zoom.us
607	2	LECTURE	Математична логіка	73	86	20	f	9	https://zoom.us
614	2	LABORATORY	Спец.курс	73	88	45	f	9	https://zoom.us
613	1	LECTURE	Спец.курс	73	88	45	f	9	https://zoom.us
612	2	LABORATORY	Методи обчислень	73	83	30	f	9	https://zoom.us
562	2	LABORATORY	Frontend-розробка Web-додатків	70	78	67	f	9	https://zoom.us
564	2	LECTURE	Frontend-розробка Web-додатків	70	78	67	f	9	https://zoom.us
620	1	PRACTICAL	Мат.статистика з елементами теорії випадкових процесів	71	89	26	f	9	https://zoom.us
621	2	LECTURE	Математична логіка	71	86	20	f	9	https://zoom.us
622	1	PRACTICAL	Математична логіка	71	86	28	f	9	https://zoom.us
623	1	LECTURE	Методи обчислень	71	83	30	f	9	https://zoom.us
626	1	LECTURE	Методика викладання інформатики	71	64	73	f	9	https://zoom.us
627	1	LABORATORY	Методика викладання інформатики	71	64	45	f	9	https://zoom.us
628	1	PRACTICAL	Методика викладання інформатики	71	64	45	f	9	https://zoom.us
629	2	LECTURE	Елементарна математика і методика викладання математики	71	61	83	f	9	https://zoom.us
633	2	LECTURE	Топологічні векторні простори	71	92	21	f	9	https://zoom.us
634	1	PRACTICAL	Топологічні векторні простори	71	92	21	f	9	https://zoom.us
635	2	LECTURE	Основи криптології	71	93	22	f	9	https://zoom.us
636	1	LABORATORY	Основи криптології	71	93	22	f	9	https://zoom.us
630	3	PRACTICAL	Елементарна математика і методика викладання математики	71	61	83	f	9	https://zoom.us
637	2	LABORATORY	Сучасні СУБД	50	35	34	f	9	https://zoom.us
652	4	LECTURE	Маг.семінар "Сучасні інформаційні технології"	64	99	81	f	9	https://zoom.us
935	2	LABORATORY	Поглиблена 3D графіка	53	181	42	f	12	https://zoom.us
936	2	LECTURE	Диференціальні рівняння	53	45	68	f	12	https://zoom.us
641	1	LECTURE	Сучасні СУБД	50	35	34	f	9	https://zoom.us
590	2	LABORATORY	Інформаційно-комунікаційні технології в освіті	72	80	78	f	9	https://zoom.us
644	8	LECTURE	Охорона праці в ІТ-галузі	67	95	69	f	9	https://zoom.us
645	8	LECTURE	Охорона праці в ІТ-галузі	66	95	69	f	9	https://zoom.us
646	8	LECTURE	Охорона праці в ІТ-галузі	65	95	69	f	9	https://zoom.us
647	8	LECTURE	Комунікації та теорії конфліктів	65	96	70	f	9	https://zoom.us
648	8	LECTURE	Охорона праці в ІТ-галузі	63	95	69	f	9	https://zoom.us
649	4	LECTURE	Науковий семінар	65	94	35	f	9	https://zoom.us
650	6	LECTURE	Інтелектуальна власність в ІТ-галузі	64	97	67	f	9	https://zoom.us
651	8	LECTURE	Інтелектуальні системи еколог.монітор.	64	98	85	f	9	https://zoom.us
653	8	LECTURE	Філософія освіти і науки	66	100	83	f	9	https://zoom.us
654	8	LECTURE	Основи наукових досліджень	66	102	22	f	9	https://zoom.us
655	8	LECTURE	Філософія освіти і науки	67	100	83	f	9	https://zoom.us
656	8	LECTURE	Основи наукових досліджень	67	102	22	f	9	https://zoom.us
642	6	LECTURE	Науковий семінар	63	94	35	f	9	https://zoom.us
281	2	LABORATORY	Моделювання жорстких систем	36	33	63	f	9	https://zoom.us
319	2	LECTURE	Сучасні СУБД	41	35	66	f	9	https://zoom.us
321	2	LABORATORY	Сучасні СУБД	41	35	66	f	9	https://zoom.us
274	2	LABORATORY	Технології програмування на Java	41	32	75	f	9	https://zoom.us
155	2	PRACTICAL	Іноземна мова	31	18	91	f	9	https://zoom.us
154	2	PRACTICAL	Іноземна мова	28	18	91	f	9	https://zoom.us
517	1	PRACTICAL	Методи оптимізації та дослідження операцій	47	66	40	f	9	https://zoom.us
625	1	LABORATORY	Методи обчислень	71	83	30	f	9	https://zoom.us
659	1	LECTURE	Методика викладання інформатики*	71	104	73	f	9	https://zoom.us
661	1	LECTURE	Комунікації та теорії конфліктів	58	96	70	f	9	https://zoom.us
662	1	PRACTICAL	Комунікації та теорії конфліктів	58	96	70	f	9	https://zoom.us
324	2	LABORATORY	Алгоритми і структури даних	41	44	41	f	9	https://zoom.us
657	2	LECTURE	Математичний аналіз*	33	103	20	f	9	https://zoom.us
904	2	LECTURE	Філософія	52	179	106	f	12	https://zoom.us
658	2	LECTURE	Математичний аналіз*	31	103	20	f	9	https://zoom.us
1374	2	PRACTICAL	Іноземна мова	30	18	90	f	12	https://zoom.us
664	1	LECTURE	Комунікації та теорії конфліктів	60	96	70	f	9	https://zoom.us
665	1	PRACTICAL	Комунікації та теорії конфліктів	60	96	70	f	9	https://zoom.us
667	1	LECTURE	Інф.системи і техн.створення та управління проектами	58	106	34	f	9	https://zoom.us
668	2	LABORATORY	Інф.системи і техн.створення та управління проектами	58	106	34	f	9	https://zoom.us
669	1	LECTURE	Математичне моделювання динамічних систем і процесів	58	107	30	f	9	https://zoom.us
670	1	LABORATORY	Математичне моделювання динамічних систем і процесів	58	107	30	f	9	https://zoom.us
671	1	LECTURE	Мережеві інформаційні технології	58	108	70	f	9	https://zoom.us
672	2	LABORATORY	Мережеві інформаційні технології	58	108	70	f	9	https://zoom.us
673	1	LECTURE	Обробка структурованих та нестрктурованих даних BigData	58	109	80	f	9	https://zoom.us
674	2	LABORATORY	Обробка структурованих та нестрктурованих даних BigData	58	109	80	f	9	https://zoom.us
675	1	LECTURE	Системи штучного інтелекту	58	110	36	f	9	https://zoom.us
676	1	LABORATORY	Системи штучного інтелекту	58	110	36	f	9	https://zoom.us
677	1	LECTURE	Програмні засоби управління проектами	58	111	61	f	9	https://zoom.us
678	2	LABORATORY	Програмні засоби управління проектами	58	111	61	f	9	https://zoom.us
938	2	LECTURE	Бази даних та знань	54	184	34	f	12	https://zoom.us
939	1	PRACTICAL	Бази даних та знань	54	184	34	f	12	https://zoom.us
681	1	LECTURE	Інф.системи і техн.створення та управління проектами	60	106	34	f	9	https://zoom.us
682	2	LABORATORY	Інф.системи і техн.створення та управління проектами	60	106	34	f	9	https://zoom.us
683	1	LECTURE	Обробка структурованих та нестрктурованих даних BigData	60	109	80	f	9	https://zoom.us
684	2	LABORATORY	Обробка структурованих та нестрктурованих даних BigData	60	109	80	f	9	https://zoom.us
685	1	LECTURE	Інтелектуальні системи прийняття рішень	60	113	36	f	9	https://zoom.us
686	1	LABORATORY	Інтелектуальні системи прийняття рішень	60	113	36	f	9	https://zoom.us
687	2	LECTURE	Суч.ймовірн.задачі оптим.керув.та їх реалізація на ПК	60	114	38	f	9	https://zoom.us
688	1	LABORATORY	Суч.ймовірн.задачі оптим.керув.та їх реалізація на ПК	60	114	38	f	9	https://zoom.us
689	1	LECTURE	Технології розробки розподілених баз даних	60	115	70	f	9	https://zoom.us
690	1	LABORATORY	Технології розробки розподілених баз даних	60	115	70	f	9	https://zoom.us
691	1	LECTURE	Розробка професійного програмного забезпечення	60	116	64	f	9	https://zoom.us
692	2	LABORATORY	Розробка професійного програмного забезпечення	60	116	64	f	9	https://zoom.us
693	2	LECTURE	Методи Data Science	59	117	66	f	9	https://zoom.us
694	2	LABORATORY	Методи Data Science	59	117	66	f	9	https://zoom.us
695	2	LECTURE	Розробка крос-платформених додатків	59	118	71	f	9	https://zoom.us
696	1	LABORATORY	Розробка крос-платформених додатків	59	118	71	f	9	https://zoom.us
697	2	LECTURE	Крнфліктно-керовані процеси та нелінійні моделі	59	130	65	f	9	https://zoom.us
698	1	LABORATORY	Крнфліктно-керовані процеси та нелінійні моделі	59	130	65	f	9	https://zoom.us
699	1	LECTURE	Системи і методи захисту інформації	59	119	67	f	9	https://zoom.us
700	2	LABORATORY	Системи та методи захисту інформації	59	131	67	f	9	https://zoom.us
701	1	LECTURE	Технології розробки розподілених баз даних	59	115	70	f	9	https://zoom.us
702	2	LABORATORY	Технології розробки розподілених баз даних	59	115	70	f	9	https://zoom.us
703	2	LECTURE	Інтелектуальні системи еколог.монітор.	59	98	85	f	9	https://zoom.us
705	2	LECTURE	Теорія функцій багатьох змінних	61	123	20	f	9	https://zoom.us
706	1	PRACTICAL	Теорія функцій багатьох змінних	61	123	20	f	9	https://zoom.us
704	2	LECTURE	Педагогіка і психологія вищої школи	61	105	97	f	9	https://zoom.us
666	2	LECTURE	Педагогіка і психологія вищої школи	60	105	97	f	9	https://zoom.us
708	2	LECTURE	Технології викладання математики у закладах освіти	61	122	83	f	9	https://zoom.us
712	2	LECTURE	Зображення геометричних фігур у просторі	61	129	48	f	9	https://zoom.us
713	1	PRACTICAL	Зображення геометричних фігур у просторі	61	129	48	f	9	https://zoom.us
2531	1	LECTURE	Інтелектуальна власність в ІТ-галузі	63	97	37	f	47	https://zoom.us
714	1	PRACTICAL	Зображення геометричних фігур у просторі	62	129	48	f	9	https://zoom.us
715	2	LECTURE	Зображення геометричних фігур у просторі	62	129	48	f	9	https://zoom.us
710	2	LECTURE	Диференц.моделі соціальних та природничих процесів	61	128	69	f	9	https://zoom.us
711	1	PRACTICAL	Диференц.моделі соціальних та природничих процесів	61	128	69	f	9	https://zoom.us
709	2	PRACTICAL	Технології викладання математики у закладах освіти	61	122	83	f	9	https://zoom.us
716	2	PRACTICAL	Технології викладання математики у закладах освіти	62	122	83	f	9	https://zoom.us
940	2	LABORATORY	Бази даних та знань	54	184	63	f	12	https://zoom.us
941	2	LECTURE	Диференціальні рівняння	54	45	68	f	12	https://zoom.us
1375	2	LECTURE	Математичний аналіз	30	55	22	f	12	https://zoom.us
943	2	LECTURE	Програмування у Visual Studio NET	54	185	71	f	12	https://zoom.us
944	2	LABORATORY	Програмування у Visual Studio NET	54	185	71	f	12	https://zoom.us
945	2	LECTURE	Розробка UI/UX дизайну	54	187	75	f	12	https://zoom.us
946	2	LABORATORY	Розробка UI/UX дизайну	54	187	75	f	12	https://zoom.us
947	2	LECTURE	Диференціальні рівняння	55	45	68	f	12	https://zoom.us
948	2	PRACTICAL	Диференціальні рівняння	55	45	77	f	12	https://zoom.us
951	2	LECTURE	Бази даних та знань	55	184	34	f	12	https://zoom.us
952	1	PRACTICAL	Бази даних та знань	55	184	34	f	12	https://zoom.us
953	2	LABORATORY	Бази даних та знань	55	184	63	f	12	https://zoom.us
980	4	LECTURE	Математичний аналіз2	57	54	20	f	12	https://zoom.us
981	3	PRACTICAL	Математичний аналіз2	57	54	28	f	12	https://zoom.us
1076	1	PRACTICAL	Методика соціально-вихосної роботи в сучасних умовах	42	206	145	f	12	https://zoom.us
1077	2	LECTURE	Методика викладання математики	42	63	49	f	12	https://zoom.us
1078	2	PRACTICAL	Методика викладання математики	42	63	49	f	12	https://zoom.us
1079	2	LECTURE	Теорія ймовірностей та математична статистика	42	30	40	f	12	https://zoom.us
1080	2	PRACTICAL	Теорія ймовірностей та математична статистика	42	30	40	f	12	https://zoom.us
1081	2	LECTURE	Методика викладання інформатики	42	64	73	f	12	https://zoom.us
1082	2	LABORATORY	Методика викладання інформатики	42	64	45	f	12	https://zoom.us
1083	2	LECTURE	Інтерпретована динамічна візуальна мова програмування	42	207	79	f	12	https://zoom.us
1084	2	LABORATORY	Інтерпретована динамічна візуальна мова програмування	42	207	79	f	12	https://zoom.us
1098	2	LABORATORY	Методика викладання інформатики	43	64	45	f	12	https://zoom.us
1100	2	LECTURE	Інтерпретована динамічна візуальна мова програмування	43	207	79	f	12	https://zoom.us
1099	1	LABORATORY	Інтерпретована динамічна візуальна мова програмування	43	207	79	f	12	https://zoom.us
1101	3	LECTURE	Функціональний аналіз	43	208	20	f	12	https://zoom.us
1102	2	PRACTICAL	Функціональний аналіз	43	208	28	f	12	https://zoom.us
1103	1	LECTURE	Нестандартні задачі математики та методи їх розв'язання	43	209	44	f	12	https://zoom.us
1104	2	PRACTICAL	Нестандартні задачі математики та методи їх розв'язання	43	209	44	f	12	https://zoom.us
1106	2	PRACTICAL	Функціональний аналіз	44	208	28	f	12	https://zoom.us
910	2	PRACTICAL	Філософія	52	179	106	f	12	https://zoom.us
1066	2	LECTURE	Числові методи	41	39	65	f	12	https://zoom.us
1075	1	LECTURE	Методика соціально-вихосної роботи в сучасних умовах	42	206	100	f	12	https://zoom.us
1358	2	PRACTICAL	Французька мова	33	134	151	f	12	https://zoom.us
1359	2	PRACTICAL	Французька мова	31	134	151	f	12	https://zoom.us
717	2	LECTURE	Технології викладання математики у закладах освіти	62	122	83	f	9	https://zoom.us
982	1	LECTURE	Бази даниих та інформаційні системи	36	26	34	f	12	https://zoom.us
719	2	LECTURE	Теорія функцій багатьох змінних	62	123	20	f	9	https://zoom.us
720	1	PRACTICAL	Теорія функцій багатьох змінних	62	123	20	f	9	https://zoom.us
983	2	LABORATORY	Бази даниих та інформаційні системи	36	26	34	f	12	https://zoom.us
984	1	LECTURE	Захист інформації	36	196	61	f	12	https://zoom.us
724	2	LECTURE	Геометрія мас	62	126	23	f	9	https://zoom.us
725	1	PRACTICAL	Геометрія мас	62	126	23	f	9	https://zoom.us
723	2	LECTURE	Основи інклюзивної педагогіки	61	125	101	f	9	https://zoom.us
729	1	LECTURE	Основи інклюзивної педагогіки (Соціальна педагогіка)	62	125	101	f	9	https://zoom.us
985	2	LABORATORY	Захист інформації	36	196	61	f	12	https://zoom.us
730	1	PRACTICAL	Основи інклюзивної педагогіки (Соціальна педагогіка)	62	125	101	f	9	https://zoom.us
1168	1	PRACTICAL	Комунікації та теорія конфліктів	45	216	70	f	12	https://zoom.us
1169	1	LECTURE	Комунікації та теорія конфліктів	46	216	70	f	12	https://zoom.us
1171	1	LECTURE	Комунікації та теорія конфліктів	48	216	70	f	12	https://zoom.us
1172	1	PRACTICAL	Комунікації та теорія конфліктів	46	216	70	f	12	https://zoom.us
1181	2	LABORATORY	Розробка комп'ютерних ігор	46	218	42	f	12	https://zoom.us
1182	2	LABORATORY	Розробка комп'ютерних ігор	47	218	42	f	12	https://zoom.us
1177	1	LECTURE	Розробка комп'ютерних ігор	46	218	42	f	12	https://zoom.us
1194	2	PRACTICAL	Методи оптимізації та дослідження операцій	47	66	40	f	12	https://zoom.us
1196	2	PRACTICAL	Методи оптимізації та дослідження операцій	50	66	40	f	12	https://zoom.us
950	2	PRACTICAL	Педагогіка з основами педмайстерності	55	188	112	f	12	https://zoom.us
1202	2	PRACTICAL	Професійна іноземна мова	46	28	149	f	12	https://zoom.us
1178	1	LECTURE	Розробка комп'ютерних ігор	47	218	42	f	12	https://zoom.us
1180	1	LECTURE	Розробка комп'ютерних ігор	49	218	42	f	12	https://zoom.us
1218	3	LABORATORY	Системи штучного інтелекту	69	110	66	f	12	https://zoom.us
1219	3	LABORATORY	Системи штучного інтелекту	70	110	66	f	12	https://zoom.us
726	2	LECTURE	Професійне та особистісне становлення вчителя ЗНЗ	62	121	94	f	9	https://zoom.us
727	1	LECTURE	Інноваційні технології навчання в сучасній школі	62	124	93	f	9	https://zoom.us
731	2	PRACTICAL	Німецька мова	27	133	88	f	9	https://zoom.us
732	2	PRACTICAL	Німецька мова	26	133	88	f	9	https://zoom.us
733	1	LECTURE	Алгоритми і структури даних	54	44	41	f	9	https://zoom.us
734	1	LECTURE	Алгоритми і структури даних	41	44	41	f	9	https://zoom.us
735	2	LECTURE	Педагогіка і психологія вищої школи	59	105	97	f	9	https://zoom.us
660	2	LECTURE	Педагогіка і психологія вищої школи	58	105	97	f	9	https://zoom.us
1071	2	LECTURE	Контроль якості та тестування програмного забезпечення	41	204	62	f	12	https://zoom.us
736	2	PRACTICAL	Французька мова	33	134	54	f	9	https://zoom.us
1072	2	LABORATORY	Контроль якості та тестування програмного забезпечення	41	204	62	f	12	https://zoom.us
1073	2	LECTURE	Web-дизайн	41	205	52	f	12	https://zoom.us
520	2	LABORATORY	Системи та методи прийняття рішень	47	69	35	f	9	https://zoom.us
527	2	LABORATORY	Системи та методи прийняття рішень	48	69	35	f	9	https://zoom.us
540	2	LABORATORY	Системний аналіз та теорія прийняття рішень	49	73	35	f	9	https://zoom.us
282	2	LABORATORY	Моделювання жорстких систем	37	33	63	f	9	https://zoom.us
728	1	PRACTICAL	Інноваційні технології навчання в сучасній школі	62	124	100	f	9	https://zoom.us
737	1	PRACTICAL	Програмування (консультація)	30	136	33	f	9	https://zoom.us
738	1	PRACTICAL	Програмування (консультація)	29	136	33	f	9	https://zoom.us
739	1	PRACTICAL	Програмування (консультація)	5	136	33	f	9	https://zoom.us
740	1	PRACTICAL	Програмування (консультація)	32	136	33	f	9	https://zoom.us
1074	1	LABORATORY	Web-дизайн	41	205	52	f	12	https://zoom.us
1376	3	PRACTICAL	Математичний аналіз	30	55	22	f	12	https://zoom.us
1089	2	LECTURE	Методика викладання математики	43	63	49	f	12	https://zoom.us
1096	2	PRACTICAL	Теорія ймовірностей	44	213	26	f	12	https://zoom.us
2532	1	LECTURE	Інтелектуальна власність в ІТ-галузі	65	97	37	f	47	https://zoom.us
1105	4	LECTURE	Функціональний аналіз	44	208	20	f	12	https://zoom.us
1107	2	LECTURE	Узагальнені функції та їх застосування до ЗМФ	44	210	108	f	12	https://zoom.us
880	2	LABORATORY	Обчислювальні методи	51	178	75	f	12	https://zoom.us
1109	2	LECTURE	Загальна теорія функцій	44	211	20	f	12	https://zoom.us
1110	1	PRACTICAL	Загальна теорія функцій	44	211	20	f	12	https://zoom.us
1111	1	LECTURE	Сучасні інформаційні технології	44	212	66	f	12	https://zoom.us
1085	1	LECTURE	Методика соціально-вихосної роботи в сучасних умовах	43	206	145	f	12	https://zoom.us
1086	1	LECTURE	Методика соціально-вихосної роботи в сучасних умовах	44	206	145	f	12	https://zoom.us
1088	1	PRACTICAL	Методика соціально-вихосної роботи в сучасних умовах	44	206	145	f	12	https://zoom.us
1377	2	LECTURE	Програмування	30	15	41	f	12	https://zoom.us
1112	2	LABORATORY	Сучасні інформаційні технології	44	212	66	f	12	https://zoom.us
1108	1	PRACTICAL	Узагальнені функції та їх застосування до ЗМФ	44	210	108	f	12	https://zoom.us
1113	2	LECTURE	Інтелектуальні інформаційні системи	45	214	66	f	12	https://zoom.us
1114	2	LABORATORY	Інтелектуальні інформаційні системи	45	214	66	f	12	https://zoom.us
1115	2	LECTURE	Інтелектуальні інформаційні системи	46	214	66	f	12	https://zoom.us
1116	2	LECTURE	Інтелектуальні інформаційні системи	47	214	66	f	12	https://zoom.us
1117	2	LECTURE	Інтелектуальні інформаційні системи	48	214	66	f	12	https://zoom.us
1118	2	LECTURE	Інтелектуальні інформаційні системи	49	214	66	f	12	https://zoom.us
902	2	LABORATORY	Обчислювальні методи	52	178	65	f	12	https://zoom.us
949	2	LECTURE	Педагогіка з основами педмайстерності	55	188	112	f	12	https://zoom.us
1146	2	LABORATORY	Аналіз даних	48	215	107	f	12	https://zoom.us
1123	2	LABORATORY	Інтелектуальні інформаційні системи	46	214	66	f	12	https://zoom.us
1124	2	LABORATORY	Інтелектуальні інформаційні системи	47	214	66	f	12	https://zoom.us
1125	2	LABORATORY	Інтелектуальні інформаційні системи	48	214	66	f	12	https://zoom.us
1126	2	LABORATORY	Інтелектуальні інформаційні системи	49	214	66	f	12	https://zoom.us
1132	2	PRACTICAL	Методи оптимізації та дослідження операцій	45	66	35	f	12	https://zoom.us
1148	2	LABORATORY	Аналіз даних	50	215	107	f	12	https://zoom.us
942	2	PRACTICAL	Диференціальні рівняння	54	45	68	f	12	https://zoom.us
1131	2	LECTURE	Методи оптимізації та дослідження операцій	45	66	40	f	12	https://zoom.us
1133	2	LECTURE	Методи оптимізації та дослідження операцій	46	66	40	f	12	https://zoom.us
1134	2	LECTURE	Методи оптимізації та дослідження операцій	47	66	40	f	12	https://zoom.us
1135	2	LECTURE	Методи оптимізації та дослідження операцій	48	66	40	f	12	https://zoom.us
1136	2	LECTURE	Методи оптимізації та дослідження операцій	50	66	40	f	12	https://zoom.us
1137	2	LECTURE	Аналіз даних	45	215	30	f	12	https://zoom.us
1138	2	LABORATORY	Аналіз даних	45	215	30	f	12	https://zoom.us
1139	2	LECTURE	Аналіз даних	46	215	30	f	12	https://zoom.us
1140	2	LECTURE	Аналіз даних	47	215	30	f	12	https://zoom.us
1141	2	LECTURE	Аналіз даних	48	215	30	f	12	https://zoom.us
1142	2	LECTURE	Аналіз даних	49	215	30	f	12	https://zoom.us
1143	2	LECTURE	Аналіз даних	50	215	30	f	12	https://zoom.us
1144	2	LABORATORY	Аналіз даних	46	215	30	f	12	https://zoom.us
1145	2	LABORATORY	Аналіз даних	47	215	30	f	12	https://zoom.us
1147	2	LABORATORY	Аналіз даних	49	215	30	f	12	https://zoom.us
1149	2	LECTURE	Контроль якості та тестування програмного забезпечення	45	204	62	f	12	https://zoom.us
1150	2	LABORATORY	Контроль якості та тестування програмного забезпечення	45	204	62	f	12	https://zoom.us
1151	2	LECTURE	Контроль якості та тестування програмного забезпечення	46	204	62	f	12	https://zoom.us
1152	2	LECTURE	Контроль якості та тестування програмного забезпечення	47	204	62	f	12	https://zoom.us
1153	2	LECTURE	Контроль якості та тестування програмного забезпечення	48	204	62	f	12	https://zoom.us
1154	2	LECTURE	Контроль якості та тестування програмного забезпечення	49	204	62	f	12	https://zoom.us
1155	2	LECTURE	Контроль якості та тестування програмного забезпечення	50	204	62	f	12	https://zoom.us
1156	2	LECTURE	Контроль якості та тестування програмного забезпечення	68	204	62	f	12	https://zoom.us
1120	2	LECTURE	Системи штучного інтелекту	68	110	66	f	12	https://zoom.us
1128	3	LABORATORY	Системи штучного інтелекту	68	110	66	f	12	https://zoom.us
937	2	PRACTICAL	Диференціальні рівняння	53	45	69	f	12	https://zoom.us
1378	2	PRACTICAL	Програмування	30	15	33	f	12	https://zoom.us
1379	2	LABORATORY	Програмування	30	15	33	f	12	https://zoom.us
1380	2	PRACTICAL	Фізичне виховання	30	13	54	f	12	https://zoom.us
1157	2	LECTURE	Контроль якості та тестування програмного забезпечення	69	204	62	f	12	https://zoom.us
1160	2	LABORATORY	Контроль якості та тестування програмного забезпечення	47	204	62	f	12	https://zoom.us
1161	2	LABORATORY	Контроль якості та тестування програмного забезпечення	48	204	62	f	12	https://zoom.us
1162	2	LABORATORY	Контроль якості та тестування програмного забезпечення	49	204	62	f	12	https://zoom.us
1163	2	LABORATORY	Контроль якості та тестування програмного забезпечення	50	204	62	f	12	https://zoom.us
1164	2	LABORATORY	Контроль якості та тестування програмного забезпечення	68	204	62	f	12	https://zoom.us
1165	2	LABORATORY	Контроль якості та тестування програмного забезпечення	69	204	62	f	12	https://zoom.us
1166	2	LABORATORY	Контроль якості та тестування програмного забезпечення	70	204	62	f	12	https://zoom.us
1167	1	LECTURE	Комунікації та теорія конфліктів	45	216	70	f	12	https://zoom.us
1220	2	LECTURE	Операційні системи	68	27	60	f	12	https://zoom.us
1221	2	PRACTICAL	Операційні системи	68	27	60	f	12	https://zoom.us
1222	2	LABORATORY	Операційні системи	68	27	60	f	12	https://zoom.us
1223	2	LECTURE	Операційні системи	69	27	60	f	12	https://zoom.us
1225	2	PRACTICAL	Операційні системи	69	27	60	f	12	https://zoom.us
1227	2	LABORATORY	Операційні системи	69	27	60	f	12	https://zoom.us
1228	2	LABORATORY	Операційні системи	70	27	60	f	12	https://zoom.us
1229	2	LECTURE	Теорія компіляції	68	220	71	f	12	https://zoom.us
1230	2	LABORATORY	Теорія компіляції	68	220	71	f	12	https://zoom.us
1231	2	LECTURE	Математичне моделювання природничих процесів	68	221	65	f	12	https://zoom.us
1232	2	LABORATORY	Математичне моделювання природничих процесів	68	221	65	f	12	https://zoom.us
1233	2	LECTURE	Теорія компіляції	69	220	71	f	12	https://zoom.us
1236	2	LABORATORY	Теорія компіляції	70	220	71	f	12	https://zoom.us
1237	2	LECTURE	Математичне моделювання природничих процесів	69	221	65	f	12	https://zoom.us
1239	2	LABORATORY	Математичне моделювання природничих процесів	69	221	65	f	12	https://zoom.us
1208	2	PRACTICAL	Професійна іноземна мова	69	28	150	f	12	https://zoom.us
1204	2	PRACTICAL	Професійна іноземна мова	48	28	90	f	12	https://zoom.us
1360	2	PRACTICAL	Професійна іноземна мова	49	28	91	f	12	https://zoom.us
1158	2	LECTURE	Контроль якості та тестування програмного забезпечення	70	204	62	f	12	https://zoom.us
1159	2	LABORATORY	Контроль якості та тестування програмного забезпечення	46	204	62	f	12	https://zoom.us
1170	1	LECTURE	Комунікації та теорія конфліктів	47	216	70	f	12	https://zoom.us
1173	1	PRACTICAL	Комунікації та теорія конфліктів	47	216	70	f	12	https://zoom.us
1174	1	PRACTICAL	Комунікації та теорія конфліктів	48	216	70	f	12	https://zoom.us
1176	2	LABORATORY	Розробка комп'ютерних ігор	45	218	42	f	12	https://zoom.us
1183	2	LABORATORY	Розробка комп'ютерних ігор	48	218	42	f	12	https://zoom.us
1184	2	LABORATORY	Розробка комп'ютерних ігор	49	218	42	f	12	https://zoom.us
1175	1	LECTURE	Розробка комп'ютерних ігор	45	218	42	f	12	https://zoom.us
1195	2	PRACTICAL	Методи оптимізації та дослідження операцій	48	66	40	f	12	https://zoom.us
1939	3	LECTURE	Об'єктно-орієнтоване програмування	51	46	71	t	47	https://zoom.us
968	2	LECTURE	Педагогіка з основами педмайстерності	56	188	112	f	12	https://zoom.us
967	2	PRACTICAL	Педагогіка з основами педмайстерності	57	188	112	f	12	https://zoom.us
1179	1	LECTURE	Розробка комп'ютерних ігор	48	218	42	f	12	https://zoom.us
1214	1	PRACTICAL	Актуарна математика	50	219	38	f	12	https://zoom.us
1215	2	LABORATORY	Актуарна математика	50	219	38	f	12	https://zoom.us
1216	2	LECTURE	Системи штучного інтелекту	69	110	66	f	12	https://zoom.us
1217	2	LECTURE	Системи штучного інтелекту	70	110	66	f	12	https://zoom.us
1224	2	LECTURE	Операційні системи	70	27	60	f	12	https://zoom.us
1226	2	PRACTICAL	Операційні системи	70	27	60	f	12	https://zoom.us
1234	2	LECTURE	Теорія компіляції	70	220	71	f	12	https://zoom.us
1235	2	LABORATORY	Теорія компіляції	69	220	71	f	12	https://zoom.us
1238	2	LECTURE	Математичне моделювання природничих процесів	70	221	65	f	12	https://zoom.us
1240	2	LABORATORY	Математичне моделювання природничих процесів	70	221	65	f	12	https://zoom.us
1203	2	PRACTICAL	Професійна іноземна мова	47	28	149	f	12	https://zoom.us
1347	2	PRACTICAL	Німецька мова	5	133	88	f	12	https://zoom.us
1348	2	PRACTICAL	Німецька мова	31	133	88	f	12	https://zoom.us
1350	2	PRACTICAL	Німецька мова	37	133	152	f	12	https://zoom.us
1313	1	PRACTICAL	Магістерський семінар 1	59	246	81	f	12	https://zoom.us
1326	2	LECTURE	ППЗН	62	250	43	f	12	https://zoom.us
1241	4	LECTURE	Варіаційне числення і методи оптимізації	72	222	82	f	12	https://zoom.us
1246	3	PRACTICAL	Варіаційне числення і методи оптимізації	71	222	82	f	12	https://zoom.us
1257	2	LECTURE	Методика розв'язування олімпіадних задач з математики	73	225	105	f	12	https://zoom.us
1259	2	PRACTICAL	Методика розв'язування олімпіадних задач з математики	73	225	105	f	12	https://zoom.us
1260	2	PRACTICAL	Методика розв'язування олімпіадних задач з математики	71	225	105	f	12	https://zoom.us
1261	1	LECTURE	Інформаційні технології у підготовці дидакт.матеріалів	72	226	82	f	12	https://zoom.us
1209	2	PRACTICAL	Професійна іноземна мова	70	28	150	f	12	https://zoom.us
1206	2	PRACTICAL	Професійна іноземна мова	50	28	149	f	12	https://zoom.us
1207	2	PRACTICAL	Професійна іноземна мова	68	28	91	f	12	https://zoom.us
1192	2	PRACTICAL	Професійна іноземна мова	45	28	91	f	12	https://zoom.us
1193	2	PRACTICAL	Методи оптимізації та дослідження операцій	46	66	35	f	12	https://zoom.us
1242	3	PRACTICAL	Варіаційне числення і методи оптимізації	72	222	79	f	12	https://zoom.us
1243	4	LECTURE	Варіаційне числення і методи оптимізації	73	222	82	f	12	https://zoom.us
1244	4	LECTURE	Варіаційне числення і методи оптимізації	71	222	82	f	12	https://zoom.us
1247	1	LECTURE	Управління навчальними процесами	72	223	77	f	12	https://zoom.us
1248	2	LABORATORY	Управління навчальними процесами	72	223	77	f	12	https://zoom.us
1249	1	LECTURE	Базові алгоритми олімпіадних задач з інформатики	72	224	41	f	12	https://zoom.us
1250	1	PRACTICAL	Базові алгоритми олімпіадних задач з інформатики	72	224	41	f	12	https://zoom.us
1251	2	LABORATORY	Базові алгоритми олімпіадних задач з інформатики	72	224	41	f	12	https://zoom.us
1252	1	LECTURE	Базові алгоритми олімпіадних задач з інформатики	73	224	41	f	12	https://zoom.us
1253	1	PRACTICAL	Базові алгоритми олімпіадних задач з інформатики	73	224	41	f	12	https://zoom.us
1254	2	LABORATORY	Базові алгоритми олімпіадних задач з інформатики	73	224	41	f	12	https://zoom.us
1255	2	LECTURE	Методика розв'язування олімпіадних задач з математики	72	225	105	f	12	https://zoom.us
1256	2	PRACTICAL	Методика розв'язування олімпіадних задач з математики	72	225	105	f	12	https://zoom.us
1258	2	LECTURE	Методика розв'язування олімпіадних задач з математики	71	225	105	f	12	https://zoom.us
1262	1	LABORATORY	Інформаційні технології у підготовці дидакт.матеріалів	72	226	82	f	12	https://zoom.us
1263	1	PRACTICAL	Інформаційні технології у підготовці дидакт.матеріалів	72	226	82	f	12	https://zoom.us
1264	1	LECTURE	Інформаційні технології у підготовці дидакт.матеріалів	73	226	82	f	12	https://zoom.us
1265	1	LABORATORY	Інформаційні технології у підготовці дидакт.матеріалів	73	226	82	f	12	https://zoom.us
1266	1	PRACTICAL	Інформаційні технології у підготовці дидакт.матеріалів	73	226	82	f	12	https://zoom.us
1269	2	LECTURE	Основи геометрії	73	228	48	f	12	https://zoom.us
1270	2	LECTURE	Основи геометрії	71	228	48	f	12	https://zoom.us
1273	2	LECTURE	Лінійні оператори в просторах аналітичних функцій	71	229	23	f	12	https://zoom.us
1274	2	PRACTICAL	Лінійні оператори в просторах аналітичних функцій	71	229	23	f	12	https://zoom.us
1275	1	LECTURE	Методологія та організація наукових досліджень	58	230	37	f	12	https://zoom.us
1276	1	PRACTICAL	Методологія та організація наукових досліджень	58	230	37	f	12	https://zoom.us
1279	1	LECTURE	Маркетингові комунікації в інформаційному суспільстві	58	232	109	f	12	https://zoom.us
1281	2	LECTURE	Методика викладання комп.наук у вищій школі	58	233	73	f	12	https://zoom.us
1282	2	LABORATORY	Методика викладання комп.наук у вищій школі	58	233	73	f	12	https://zoom.us
2533	1	LECTURE	Безпека кіберпростору	53	280	165	t	47	https://zoom.us
2534	1	LECTURE	Безпека кіберпростору	39	280	165	t	47	https://zoom.us
2535	1	LECTURE	Безпека кіберпростору	70	280	165	t	47	https://zoom.us
2536	1	LABORATORY	Безпека кіберпростору	39	280	165	t	47	https://zoom.us
2537	1	LABORATORY	Безпека кіберпростору	53	280	165	t	47	https://zoom.us
1283	2	LECTURE	Моделювання соціального-економісних та еколог.процесів	58	234	73	f	12	https://zoom.us
1284	2	LABORATORY	Моделювання соціального-економісних та еколог.процесів	58	234	73	f	12	https://zoom.us
1285	1	LECTURE	Комунікаційні техн.в управлінні проектами	58	255	61	f	12	https://zoom.us
1278	2	LABORATORY	Багатопроцесорні машини та техн.паралельного прогр.	58	231	147	f	12	https://zoom.us
1287	1	LECTURE	Інтелект.системи прийняття рішень	58	236	64	f	12	https://zoom.us
1288	1	LABORATORY	Інтелект.системи прийняття рішень	58	236	64	f	12	https://zoom.us
1280	2	PRACTICAL	Маркетингові комунікації в інформаційному суспільстві	58	232	109	f	12	https://zoom.us
1294	2	LECTURE	Моделювання соціального-економісних та еколог.процесів	60	234	73	f	12	https://zoom.us
1268	4	PRACTICAL	Професійна іноземна мова	71	28	149	f	12	https://zoom.us
1210	4	PRACTICAL	Професійна іноземна мова	72	28	89	f	12	https://zoom.us
1245	3	PRACTICAL	Варіаційне числення і методи оптимізації	73	222	79	f	12	https://zoom.us
1267	4	PRACTICAL	Професійна іноземна мова	73	28	89	f	12	https://zoom.us
1272	1	PRACTICAL	Теоретична фізика	71	91	153	f	12	https://zoom.us
1271	2	LECTURE	Теоретична фізика	71	91	153	f	12	https://zoom.us
1286	1	PRACTICAL	Комунікаційні техн.в управлінні проектами	58	255	61	f	12	https://zoom.us
1289	1	LECTURE	Методологія та організація наукових досліджень	60	230	37	f	12	https://zoom.us
1290	1	PRACTICAL	Методологія та організація наукових досліджень	60	230	37	f	12	https://zoom.us
1291	2	LABORATORY	Методика викладання комп.наук у вищій школі	60	233	73	f	12	https://zoom.us
1292	2	LECTURE	Методика викладання комп.наук у вищій школі	60	233	73	f	12	https://zoom.us
1293	2	LABORATORY	Моделювання соціального-економісних та еколог.процесів	60	234	73	f	12	https://zoom.us
1303	2	LECTURE	Сучасні клієнтські Web-технології	59	241	52	f	12	https://zoom.us
1304	1	LABORATORY	Сучасні клієнтські Web-технології	59	241	52	f	12	https://zoom.us
1305	2	LECTURE	Комп'ютерне моделювання екоголо-економ.систем	59	242	81	f	12	https://zoom.us
1306	1	LABORATORY	Комп'ютерне моделювання екоголо-економ.систем	59	242	81	f	12	https://zoom.us
1307	1	LECTURE	Розробка мобільних додатків для ОС Android	59	243	60	f	12	https://zoom.us
1308	2	LABORATORY	Розробка мобільних додатків для ОС Android	59	243	60	f	12	https://zoom.us
1309	2	LECTURE	Java-технології в клієнт-серверних системах	59	244	72	f	12	https://zoom.us
1310	1	LABORATORY	Java-технології в клієнт-серверних системах	59	244	72	f	12	https://zoom.us
969	2	LECTURE	Педагогіка з основами педмайстерності	57	188	112	f	12	https://zoom.us
992	2	LABORATORY	Системне програмування	36	199	75	f	12	https://zoom.us
1317	1	PRACTICAL	Чисельні методи для розв'язування КЗ для РМФ	62	247	78	f	12	https://zoom.us
1318	2	LECTURE	Чисельні методи для розв'язування КЗ для РМФ	62	247	78	f	12	https://zoom.us
1319	2	LECTURE	Задачі з параметрами	62	248	83	f	12	https://zoom.us
1320	1	PRACTICAL	Задачі з параметрами	62	248	83	f	12	https://zoom.us
1321	1	LECTURE	Сучасні технології в дистанційній освіті	62	249	66	f	12	https://zoom.us
1322	2	LABORATORY	Сучасні технології в дистанційній освіті	62	249	66	f	12	https://zoom.us
1323	1	LECTURE	Науковий семінар	62	94	49	f	12	https://zoom.us
1324	1	PRACTICAL	Науковий семінар	62	94	29	f	12	https://zoom.us
1334	1	LABORATORY	Науковий семінар	61	94	110	f	12	https://zoom.us
1336	1	PRACTICAL	ППЗН	61	250	43	f	12	https://zoom.us
1338	1	PRACTICAL	Класифікація методів розв'язування олімпіадних задач	61	251	21	f	12	https://zoom.us
1341	2	LECTURE	Методика викладання математики у закладах вищої освіти	61	253	21	f	12	https://zoom.us
1342	1	PRACTICAL	Методика викладання математики у закладах вищої освіти	61	253	21	f	12	https://zoom.us
1343	2	LECTURE	Теорія наближень	61	254	21	f	12	https://zoom.us
1344	1	PRACTICAL	Теорія наближень	61	254	21	f	12	https://zoom.us
1087	1	PRACTICAL	Методика соціально-вихосної роботи в сучасних умовах	43	206	145	f	12	https://zoom.us
1090	2	LECTURE	Елементарна математика і методика викладання математики	44	61	49	f	12	https://zoom.us
1312	2	LABORATORY	Паралельне програмування	59	245	147	f	12	https://zoom.us
1311	2	LECTURE	Паралельне програмування	59	245	147	f	12	https://zoom.us
1951	2	PRACTICAL	Англійська мова	51	132	90	f	47	https://zoom.us
1314	2	LECTURE	Інформаційно-комунікаційні технології в освіті	61	80	78	f	12	https://zoom.us
912	2	PRACTICAL	Філософія	54	179	106	f	12	https://zoom.us
1940	3	LECTURE	Об'єктно-орієнтоване програмування	52	46	71	t	47	https://zoom.us
1941	3	LECTURE	Об'єктно-орієнтоване програмування	84	46	71	t	47	https://zoom.us
1942	3	LECTURE	Об'єктно-орієнтоване програмування	53	46	71	t	47	https://zoom.us
1295	1	LECTURE	Комунікаційні технології аналітичних систем	60	235	61	f	12	https://zoom.us
1297	1	LECTURE	Системи машинного навчання	60	237	64	f	12	https://zoom.us
1296	2	PRACTICAL	Комунікаційні технології аналітичних систем	60	235	61	f	12	https://zoom.us
1299	1	LECTURE	Програмні засоби в системному аналізі	60	238	36	f	12	https://zoom.us
1300	2	LABORATORY	Програмні засоби в системному аналізі	60	238	36	f	12	https://zoom.us
1298	1	LABORATORY	Системи машинного навчання	60	237	64	f	12	https://zoom.us
1325	1	LABORATORY	Науковий семінар	62	94	110	f	12	https://zoom.us
1327	1	PRACTICAL	ППЗН	62	250	43	f	12	https://zoom.us
1328	2	LECTURE	Класифікація методів розв'язування олімпіадних задач	62	251	21	f	12	https://zoom.us
1329	1	PRACTICAL	Класифікація методів розв'язування олімпіадних задач	62	251	21	f	12	https://zoom.us
1330	1	LECTURE	Гіперкомплексні системи числення	62	252	49	f	12	https://zoom.us
1331	1	PRACTICAL	Гіперкомплексні системи числення	62	252	49	f	12	https://zoom.us
994	2	LABORATORY	Математичні моделі мако- і мікроекономіки	36	200	38	f	12	https://zoom.us
1043	2	LABORATORY	Математичні моделі мако- і мікроекономіки	37	200	33	f	12	https://zoom.us
1277	2	LECTURE	Багатопроцесорні машини та техн.паралельного прогр.	58	231	147	f	12	https://zoom.us
1302	2	LABORATORY	Технології паралельного програмування	60	239	147	f	12	https://zoom.us
1301	2	LECTURE	Технології паралельного програмування	60	239	147	f	12	https://zoom.us
1349	2	PRACTICAL	Німецька мова	52	133	152	f	12	https://zoom.us
1943	3	LECTURE	Об'єктно-орієнтоване програмування	54	46	71	t	47	https://zoom.us
1944	3	LECTURE	Об'єктно-орієнтоване програмування	87	46	71	t	47	https://zoom.us
1946	2	LECTURE	Основи інтернет-технологгій	51	40	73	t	47	https://zoom.us
1947	2	LECTURE	Основи інтернет-технологгій	52	40	73	t	47	https://zoom.us
1948	2	LECTURE	Основи інтернет-технологгій	84	40	73	t	47	https://zoom.us
1949	2	LECTURE	Основи інтернет-технологгій	53	40	73	t	47	https://zoom.us
1950	2	LABORATORY	Основи інтернет-технологгій	51	40	73	f	47	https://zoom.us
1967	2	PRACTICAL	Громадське здоров'я та медицина порятунку	52	49	74	t	47	https://zoom.us
1968	2	PRACTICAL	Громадське здоров'я та медицина порятунку	54	49	74	t	47	https://zoom.us
1969	2	PRACTICAL	Громадське здоров'я та медицина порятунку	87	49	74	t	47	https://zoom.us
1970	2	PRACTICAL	Громадське здоров'я та медицина порятунку	56	49	74	t	47	https://zoom.us
1971	2	PRACTICAL	Громадське здоров'я та медицина порятунку	57	49	74	t	47	https://zoom.us
1332	1	LECTURE	Науковий семінар	61	94	49	f	12	https://zoom.us
1333	1	PRACTICAL	Науковий семінар	61	94	29	f	12	https://zoom.us
1337	2	LECTURE	Класифікація методів розв'язування олімпіадних задач	61	251	21	f	12	https://zoom.us
1339	1	LECTURE	Вибрані питання теорії операторів у прост.аналіт.ф-цій	61	256	23	f	12	https://zoom.us
1340	1	PRACTICAL	Вибрані питання теорії операторів у прост.аналіт.ф-цій	61	256	23	f	12	https://zoom.us
1351	2	PRACTICAL	Німецька мова	45	133	88	f	12	https://zoom.us
1956	2	LABORATORY	Теорія алгоритмів	51	36	41	f	47	https://zoom.us
1952	3	LECTURE	Теорія алгоритмів	51	36	41	t	47	https://zoom.us
1953	3	LECTURE	Теорія алгоритмів	52	36	41	t	47	https://zoom.us
1954	3	LECTURE	Теорія алгоритмів	84	36	41	t	47	https://zoom.us
1955	3	LECTURE	Теорія алгоритмів	53	36	41	t	47	https://zoom.us
1986	2	LABORATORY	Теорія алгоритмів	52	36	41	f	47	https://zoom.us
2538	1	LABORATORY	Безпека кіберпростору	70	280	165	t	47	https://zoom.us
1997	2	LABORATORY	Комп'ютерні мережі	53	50	107	f	47	https://zoom.us
2482	2	LECTURE	Методи DataScience	59	274	66	f	47	https://zoom.us
1987	2	PRACTICAL	Англійська мова	52	132	89	f	47	https://zoom.us
1988	2	LABORATORY	Використання MS Excel y BigData	84	258	31	f	47	https://zoom.us
2000	2	LABORATORY	Основи інтернет-технологгій	84	40	73	f	47	https://zoom.us
2001	2	LABORATORY	Основи інтернет-технологгій	53	40	73	f	47	https://zoom.us
2007	2	PRACTICAL	Англійська мова	84	132	53	f	47	https://zoom.us
2042	2	LECTURE	Дискретна математика	55	17	52	t	47	https://zoom.us
2004	2	LABORATORY	Теорія алгоритмів	84	36	42	f	47	https://zoom.us
2008	2	PRACTICAL	Англійська мова	53	132	89	f	47	https://zoom.us
1993	2	LABORATORY	Об'єктно-орієнтоване програмування	53	46	75	f	47	https://zoom.us
2172	2	LABORATORY	Використання MS Excel y BigData	38	258	34	t	47	https://zoom.us
2024	1	PRACTICAL	Прикладний функціональний аналіз	87	51	21	t	47	https://zoom.us
2025	1	PRACTICAL	Прикладний функціональний аналіз	54	51	21	t	47	https://zoom.us
2021	2	LABORATORY	Комп'ютерні мережі	87	50	107	t	47	https://zoom.us
2030	3	LABORATORY	Бази даних та знань	54	184	34	t	47	https://zoom.us
2031	3	LABORATORY	Бази даних та знань	87	184	34	t	47	https://zoom.us
2034	2	LABORATORY	Алгоритми і структури даних	87	44	67	t	47	https://zoom.us
2035	2	LABORATORY	Алгоритми і структури даних	54	44	67	t	47	https://zoom.us
2011	2	PRACTICAL	Англійська мова	55	132	89	f	47	https://zoom.us
2050	2	LABORATORY	Об'єктно-орієнтоване програмування	55	46	32	t	47	https://zoom.us
2051	2	LABORATORY	Об'єктно-орієнтоване програмування	71	46	32	t	47	https://zoom.us
2060	2	LABORATORY	Основи інформаційних технологій	55	53	69	f	47	https://zoom.us
2061	2	LABORATORY	Основи інформаційних технологій	56	53	69	f	47	https://zoom.us
2173	2	LABORATORY	Використання MS Excel y BigData	39	258	34	t	47	https://zoom.us
2178	2	LABORATORY	Ств.веб-додатків з вик.фреймворку Django мови Python	36	262	36	t	47	https://zoom.us
2179	2	LABORATORY	Ств.веб-додатків з вик.фреймворку Django мови Python	37	262	36	t	47	https://zoom.us
2180	2	LABORATORY	Ств.веб-додатків з вик.фреймворку Django мови Python	38	262	36	t	47	https://zoom.us
2181	2	LABORATORY	Ств.веб-додатків з вик.фреймворку Django мови Python	39	262	36	t	47	https://zoom.us
2182	2	PRACTICAL	Професійна іноземна мова	37	28	91	t	47	https://zoom.us
2183	2	PRACTICAL	Професійна іноземна мова	38	28	91	t	47	https://zoom.us
2194	2	LECTURE	Основи теорії систем	39	37	64	f	47	https://zoom.us
2195	2	PRACTICAL	Основи теорії систем	39	37	64	f	47	https://zoom.us
2197	2	PRACTICAL	Професійна іноземна мова	40	28	96	t	47	https://zoom.us
2207	2	LABORATORY	Основи інтернет-технологгій	41	40	52	t	47	https://zoom.us
2208	2	LABORATORY	Основи інтернет-технологгій	44	40	52	t	47	https://zoom.us
2209	2	LECTURE	Математична теорія ризиків	40	41	66	t	47	https://zoom.us
2210	2	LECTURE	Математична теорія ризиків	41	41	66	t	47	https://zoom.us
2211	2	LABORATORY	Математична теорія ризиків	41	41	66	f	47	https://zoom.us
2212	2	LABORATORY	Математична теорія ризиків	40	41	66	f	47	https://zoom.us
2213	2	LECTURE	Сучасні СУБД	40	35	66	t	47	https://zoom.us
2214	2	LECTURE	Сучасні СУБД	41	35	66	t	47	https://zoom.us
2215	2	LABORATORY	Сучасні СУБД	41	35	66	f	47	https://zoom.us
2216	2	LABORATORY	Сучасні СУБД	40	35	66	f	47	https://zoom.us
2224	2	LECTURE	Методика викладання математики	42	63	49	t	47	https://zoom.us
2225	2	LECTURE	Методика викладання математики	43	63	49	t	47	https://zoom.us
2226	2	LECTURE	Методика викладання математики	44	63	49	t	47	https://zoom.us
2232	2	LABORATORY	Методика викладання інформатики	43	64	45	t	47	https://zoom.us
2233	2	LABORATORY	Методика викладання інформатики	42	64	45	t	47	https://zoom.us
2043	2	LECTURE	Дискретна математика	56	17	52	t	47	https://zoom.us
2044	2	LECTURE	Дискретна математика	57	17	52	t	47	https://zoom.us
2188	2	LABORATORY	Теорія програмування	38	31	61	t	47	https://zoom.us
2189	2	LABORATORY	Теорія програмування	39	31	61	t	47	https://zoom.us
2020	2	LABORATORY	Комп'ютерні мережі	54	50	107	t	47	https://zoom.us
2196	2	PRACTICAL	Практика особистої та ділової комунікації іноземною мовою	39	281	96	t	47	https://zoom.us
42	2	PRACTICAL	Lombok	4	6	5	f	9	https://zoom.us
43	1	PRACTICAL	Lombok	6	6	5	f	9	https://zoom.us
44	1	LECTURE	Node.js	14	4	5	f	9	https://zoom.us
45	1	LABORATORY	Computer Science	5	1	7	f	9	https://zoom.us
46	1	LABORATORY	Computer Science	4	1	7	f	9	https://zoom.us
47	1	LABORATORY	Computer Science	14	1	7	f	9	https://zoom.us
48	2	LABORATORY	Computer Science	5	1	3	f	9	https://zoom.us
49	2	LABORATORY	Computer Science	6	1	3	f	9	https://zoom.us
50	2	PRACTICAL	Node.js	6	4	6	f	9	https://zoom.us
51	2	PRACTICAL	Node.js	5	4	6	f	9	https://zoom.us
52	2	PRACTICAL	Node.js	15	4	6	f	9	https://zoom.us
53	1	PRACTICAL	Servlets	6	5	6	f	9	https://zoom.us
54	1	LECTURE	Computer Science	6	1	4	f	9	https://zoom.us
1982	2	LABORATORY	Комп'ютерні мережі	52	50	70	f	47	https://zoom.us
1945	2	LABORATORY	Об'єктно-орієнтоване програмування	51	46	72	f	47	https://zoom.us
2199	2	LECTURE	Числові методи	40	39	65	t	47	https://zoom.us
2200	2	LECTURE	Числові методи	41	39	65	t	47	https://zoom.us
2201	2	LABORATORY	Числові методи	41	39	75	f	47	https://zoom.us
2202	2	LABORATORY	Числові методи	40	39	75	f	47	https://zoom.us
2203	2	LECTURE	Основи інтернет-технологгій	40	40	52	t	47	https://zoom.us
2204	2	LECTURE	Основи інтернет-технологгій	41	40	52	t	47	https://zoom.us
2205	2	LECTURE	Основи інтернет-технологгій	44	40	52	t	47	https://zoom.us
2206	2	LABORATORY	Основи інтернет-технологгій	40	40	52	f	47	https://zoom.us
2217	2	LABORATORY	Операційні системи	42	27	42	f	47	https://zoom.us
2218	3	LECTURE	Комплексний аналіз	43	58	23	t	47	https://zoom.us
2219	3	LECTURE	Комплексний аналіз	42	58	23	t	47	https://zoom.us
2220	3	LECTURE	Комплексний аналіз	44	58	23	t	47	https://zoom.us
2221	2	PRACTICAL	Комплексний аналіз	42	58	23	t	47	https://zoom.us
2222	2	PRACTICAL	Комплексний аналіз	43	58	23	t	47	https://zoom.us
2223	2	PRACTICAL	Комплексний аналіз	44	58	23	t	47	https://zoom.us
2227	2	PRACTICAL	Методика викладання математики	43	63	49	t	47	https://zoom.us
2228	2	PRACTICAL	Методика викладання математики	42	63	49	t	47	https://zoom.us
2229	2	PRACTICAL	Методика викладання математики	44	63	49	t	47	https://zoom.us
2231	2	LECTURE	Методика викладання інформатики	43	64	162	t	47	https://zoom.us
2230	2	LECTURE	Методика викладання інформатики	42	64	162	t	47	https://zoom.us
2356	2	LECTURE	Методи оптимізації	68	75	35	t	47	https://zoom.us
2357	2	LECTURE	Методи оптимізації	70	75	35	t	47	https://zoom.us
2358	3	PRACTICAL	Методи оптимізації	68	75	35	t	47	https://zoom.us
2359	3	PRACTICAL	Методи оптимізації	70	75	35	t	47	https://zoom.us
2360	2	LECTURE	Основи математичного моделювання та системного аналізу	68	76	81	t	47	https://zoom.us
2361	2	LECTURE	Основи математичного моделювання та системного аналізу	70	76	81	t	47	https://zoom.us
2363	2	LABORATORY	Основи математичного моделювання та системного аналізу	70	76	81	f	47	https://zoom.us
2364	2	LECTURE	Технології програмування мовою Python	68	77	19	t	47	https://zoom.us
2192	2	LECTURE	Теорія ймовірностей та математична статистика	39	30	166	f	47	https://zoom.us
2193	2	PRACTICAL	Теорія ймовірностей та математична статистика	39	30	166	f	47	https://zoom.us
2365	2	LECTURE	Технології програмування мовою Python	70	77	19	t	47	https://zoom.us
2553	1	LECTURE	Стратегії успішного бізнесу	40	282	169	t	47	https://zoom.us
2554	1	LECTURE	Логіка та критичне мислення	51	283	170	t	47	https://zoom.us
2555	1	LECTURE	Логіка та критичне мислення	52	283	170	t	47	https://zoom.us
2556	1	LECTURE	Логіка та критичне мислення	39	283	170	t	47	https://zoom.us
2557	1	LECTURE	Логіка та критичне мислення	71	283	170	t	47	https://zoom.us
2566	1	PRACTICAL	Економічна психологія та етика бізнесу	56	284	173	f	47	https://zoom.us
2567	1	LECTURE	Teambuilding (командоутворення)	37	285	172	t	47	https://zoom.us
2568	1	LECTURE	Teambuilding (командоутворення)	36	285	172	t	47	https://zoom.us
2541	2	PRACTICAL	Практика особистої та ділової комунікації німецькою мовою	71	281	152	f	47	https://zoom.us
2198	2	LABORATORY	Технології програмування на Java	40	32	62	f	47	https://meet.google.com/pvm-wvga-srd
2367	2	LABORATORY	Технології програмування мовою Python	70	77	19	f	47	https://zoom.us
2368	3	LECTURE	Варіаційне числення і методи оптимізації	68	222	82	t	47	https://zoom.us
2369	3	LECTURE	Варіаційне числення і методи оптимізації	71	222	82	t	47	https://zoom.us
2370	2	PRACTICAL	Варіаційне числення і методи оптимізації	68	222	82	t	47	https://zoom.us
2371	2	PRACTICAL	Варіаційне числення і методи оптимізації	71	222	82	t	47	https://zoom.us
2372	2	LECTURE	Frontend-розробка Web-додатків	70	78	146	t	47	https://zoom.us
2373	2	LECTURE	Frontend-розробка Web-додатків	68	78	146	t	47	https://zoom.us
2374	2	LABORATORY	Frontend-розробка Web-додатків	70	78	146	f	47	https://zoom.us
2403	2	PRACTICAL	Задачі прикладного характеру	72	268	45	t	47	https://zoom.us
2404	2	PRACTICAL	Задачі прикладного характеру	73	268	45	t	47	https://zoom.us
2405	2	LECTURE	Геометричні перетворення	72	85	49	t	47	https://zoom.us
2406	2	LECTURE	Геометричні перетворення	73	85	49	t	47	https://zoom.us
2407	1	PRACTICAL	Геометричні перетворення	72	85	49	t	47	https://zoom.us
2408	1	PRACTICAL	Геометричні перетворення	73	85	49	t	47	https://zoom.us
1996	2	LABORATORY	Комп'ютерні мережі	84	50	70	f	47	https://zoom.us
2454	1	LECTURE	Технології розробки розподілених баз даних	59	115	70	f	47	https://zoom.us
2457	1	LECTURE	Обробка структурованих та нестрктурованих даних BigData	58	109	80	t	47	https://zoom.us
2458	1	LECTURE	Обробка структурованих та нестрктурованих даних BigData	60	109	80	t	47	https://zoom.us
2469	1	LABORATORY	Інтелект.системи прийняття рішень	60	236	36	f	47	https://zoom.us
1981	2	LABORATORY	Використання MS Excel y BigData	52	258	31	f	47	https://zoom.us
2234	3	LECTURE	Вибрані розділи математичної фізики	42	65	79	f	47	https://zoom.us
2235	3	LECTURE	Рівняння математичної фізики	44	60	79	f	47	https://zoom.us
2236	2	PRACTICAL	Вибрані розділи математичної фізики	42	65	79	f	47	https://zoom.us
2237	2	PRACTICAL	Рівняння математичної фізики	44	60	79	f	47	https://zoom.us
2362	2	LABORATORY	Основи математичного моделювання та системного аналізу	68	76	81	f	47	https://zoom.us
2381	1	LECTURE	Методика розв'язування олімп. задач з ІТ	72	82	78	f	47	https://zoom.us
2384	2	LECTURE	Математична логіка	73	86	25	t	47	https://zoom.us
2385	2	LECTURE	Математична логіка	71	86	25	t	47	https://zoom.us
2441	2	LABORATORY	Сіткове планування	58	112	35	t	47	https://zoom.us
2442	2	LABORATORY	Сіткове планування	60	112	35	t	47	https://zoom.us
2459	2	LABORATORY	Обробка структурованих та нестрктурованих даних BigData	58	109	80	t	47	https://zoom.us
2460	1	LABORATORY	Обробка структурованих та нестрктурованих даних BigData	60	109	80	t	47	https://zoom.us
2463	1	LABORATORY	Програмні засоби управління проектами	58	111	61	t	47	https://zoom.us
2464	1	LABORATORY	Програмні засоби управління проектами	60	111	61	t	47	https://zoom.us
2465	1	PRACTICAL	Програмні засоби управління проектами	58	111	61	f	47	https://zoom.us
2466	1	LECTURE	Системи штучного інтелекту	58	110	36	f	47	https://zoom.us
2467	1	LABORATORY	Системи штучного інтелекту	58	110	36	f	47	https://zoom.us
2468	1	LECTURE	Інтелектуальні системи прийняття рішень	60	113	36	f	47	https://zoom.us
2472	2	LABORATORY	Прогнозування в системному аналізі	58	272	36	t	47	https://zoom.us
2473	2	LABORATORY	Прогнозування в системному аналізі	60	272	36	t	47	https://zoom.us
2485	1	LABORATORY	Розробка крос-платформених додатків	59	118	71	f	47	https://zoom.us
2486	2	LECTURE	Системи та методи захисту інформації	59	131	67	f	47	https://zoom.us
2487	1	LABORATORY	Системи і методи захисту інформації	59	119	67	f	47	https://zoom.us
2488	1	LECTURE	Теорія імпульсних систем	59	275	71	f	47	https://zoom.us
2489	2	LABORATORY	Теорія імпульсних систем	59	275	71	f	47	https://zoom.us
2490	2	LECTURE	Конфліктно-керовані процеси та нелінійні моделі	59	130	65	f	47	https://zoom.us
2491	1	LABORATORY	Конфліктно-керовані процеси та нелінійні моделі	59	130	65	f	47	https://zoom.us
2492	2	LECTURE	Комп'ютерне моделювання екоголо-економ.систем	59	242	81	f	47	https://zoom.us
2495	1	LABORATORY	Інтелектуальні системи еколог.монітор.	59	98	85	f	47	https://zoom.us
2411	1	PRACTICAL	Стереометрія в задачах	73	269	46	t	47	https://zoom.us
2412	1	PRACTICAL	Стереометрія в задачах	62	269	46	t	47	https://zoom.us
55	1	LECTURE	Lombock	9	6	5	f	9	https://zoom.us
56	3	LABORATORY	Computer Science	3	1	7	f	9	https://zoom.us
59	3	LECTURE	Node.js	6	4	5	f	9	https://zoom.us
63	3	LABORATORY	Computer Science	18	1	7	f	9	https://zoom.us
64	3	LABORATORY	Node.js	5	4	1	f	9	https://zoom.us
66	1	LECTURE	Computer Science	18	1	1	f	9	https://zoom.us
67	5	LECTURE	test	14	11	11	f	9	https://zoom.us
68	5	LECTURE	test	25	11	11	f	9	https://zoom.us
2496	2	LECTURE	Теорія функцій багатьох змінних	61	123	20	f	47	https://zoom.us
2497	1	PRACTICAL	Теорія функцій багатьох змінних	61	123	20	f	47	https://zoom.us
2504	1	LABORATORY	Технології викладання математики у закладах освіти	61	122	83	t	47	https://zoom.us
2505	1	LABORATORY	Технології викладання математики у закладах освіти	62	122	83	t	47	https://zoom.us
2506	2	LECTURE	Технології викладання математики у закладах освіти	62	122	83	t	47	https://zoom.us
2507	2	LECTURE	Технології викладання математики у закладах освіти	61	122	83	t	47	https://zoom.us
2512	1	PRACTICAL	Зображення геометричних фігур у просторі	61	129	48	t	47	https://zoom.us
2513	1	PRACTICAL	Зображення геометричних фігур у просторі	62	129	48	t	47	https://zoom.us
2516	1	PRACTICAL	Геометрія мас	62	126	23	f	47	https://zoom.us
2517	2	LECTURE	Геометрія мас	62	126	23	f	47	https://zoom.us
2521	1	PRACTICAL	Диференц.моделі соціальних та природничих процесів	61	128	69	f	47	https://zoom.us
2523	1	LECTURE	Технології викладання інформатики у закладах освіти	62	278	162	f	47	https://zoom.us
2524	1	LABORATORY	Технології викладання інформатики у закладах освіти	62	278	162	f	47	https://zoom.us
2455	1	LABORATORY	Технології розробки розподілених баз даних	60	115	70	f	47	https://zoom.us
2456	2	LABORATORY	Технології розробки розподілених баз даних	59	115	70	f	47	https://zoom.us
1984	2	LABORATORY	Основи інтернет-технологгій	52	40	73	f	47	https://zoom.us
2245	1	PRACTICAL	Основи інклюзивної освіти	42	264	95	f	47	https://zoom.us
1185	2	LECTURE	Розробка програмних додатків для мобільних пристроїв	45	217	61	f	12	https://zoom.us
1186	2	LABORATORY	Розробка програмних додатків для мобільних пристроїв	45	217	61	f	12	https://zoom.us
1187	2	LECTURE	Розробка програмних додатків для мобільних пристроїв	46	217	61	f	12	https://zoom.us
1188	2	LECTURE	Розробка програмних додатків для мобільних пристроїв	47	217	61	f	12	https://zoom.us
1189	2	LECTURE	Розробка програмних додатків для мобільних пристроїв	48	217	61	f	12	https://zoom.us
2331	2	LECTURE	Розробка програмних додатків для мобільних пристроїв	45	217	61	t	47	https://zoom.us
2332	2	LECTURE	Розробка програмних додатків для мобільних пристроїв	46	217	61	t	47	https://zoom.us
2333	2	LECTURE	Розробка програмних додатків для мобільних пристроїв	49	217	61	t	47	https://zoom.us
1647	3	LECTURE	Frontend-розробка Web-додатків	85	78	65	t	49	https://zoom.us
1648	3	LECTURE	Frontend-розробка Web-додатків	29	78	65	t	49	https://zoom.us
1190	2	LECTURE	Розробка програмних додатків для мобільних пристроїв	49	217	61	f	12	https://zoom.us
2338	2	LABORATORY	Розробка програмних додатків для мобільних пристроїв	50	217	61	f	47	https://zoom.us
1200	2	LABORATORY	Розробка програмних додатків для мобільних пристроїв	49	217	61	f	12	https://zoom.us
1201	2	LABORATORY	Розробка програмних додатків для мобільних пристроїв	50	217	61	f	12	https://zoom.us
1197	2	LABORATORY	Розробка програмних додатків для мобільних пристроїв	46	217	61	f	12	https://zoom.us
2545	2	PRACTICAL	Французька мова	5	134	168	t	47	https://zoom.us
2546	2	PRACTICAL	Французька мова	85	134	168	t	47	https://zoom.us
2547	2	PRACTICAL	Французька мова	26	134	168	t	47	https://zoom.us
2548	2	PRACTICAL	Французька мова	31	134	168	t	47	https://zoom.us
2551	1	LECTURE	Стратегії успішного бізнесу	51	282	169	t	47	https://zoom.us
2552	1	LECTURE	Стратегії успішного бізнесу	52	282	169	t	47	https://zoom.us
2522	2	LECTURE	Партнерство і професійна комунікація вчителя	62	277	180	f	47	https://zoom.us
2084	2	LECTURE	Алгебра і теорія чисел	56	56	46	t	47	https://zoom.us
2085	2	LECTURE	Алгебра і теорія чисел	57	56	46	t	47	https://zoom.us
2086	2	PRACTICAL	Алгебра і теорія чисел	56	56	47	t	47	https://zoom.us
2087	2	PRACTICAL	Алгебра і теорія чисел	57	56	47	t	47	https://zoom.us
2088	4	PRACTICAL	Математичний аналіз2	57	54	28	f	47	https://zoom.us
2259	2	LABORATORY	Технології програмування на Java	41	32	146	f	47	https://zoom.us
2297	2	LECTURE	Платформи корпоративних інформ.систем	68	197	80	t	47	https://zoom.us
2298	2	LECTURE	Платформи корпоративних інформ.систем	70	197	80	t	47	https://zoom.us
2299	2	LABORATORY	Платформи корпоративних інформ.систем	45	197	80	f	47	https://zoom.us
2300	2	LABORATORY	Платформи корпоративних інформ.систем	46	197	80	f	47	https://zoom.us
2327	2	PRACTICAL	Комунікаційні техн.в управлінні проектами	45	255	42	t	47	https://zoom.us
1818	2	LECTURE	Дискретна математика	26	17	52	t	47	https://zoom.us
1191	2	LECTURE	Розробка програмних додатків для мобільних пристроїв	50	217	61	f	12	https://zoom.us
2334	2	LECTURE	Розробка програмних додатків для мобільних пристроїв	50	217	61	t	47	https://zoom.us
2335	2	LABORATORY	Розробка програмних додатків для мобільних пристроїв	45	217	61	f	47	https://zoom.us
2336	2	LABORATORY	Розробка програмних додатків для мобільних пристроїв	46	217	61	f	47	https://zoom.us
1198	2	LABORATORY	Розробка програмних додатків для мобільних пристроїв	47	217	61	f	12	https://zoom.us
1663	2	LECTURE	Алгебра і геометрія	30	14	43	t	47	https://zoom.us
1664	2	LECTURE	Алгебра і геометрія	29	14	43	t	47	https://zoom.us
1665	2	LECTURE	Алгебра і геометрія	5	14	43	t	47	https://zoom.us
1666	2	LECTURE	Алгебра і геометрія	85	14	43	t	47	https://zoom.us
1667	2	LECTURE	Алгебра і геометрія	86	14	43	t	47	https://zoom.us
1668	2	LECTURE	Алгебра і геометрія	32	14	43	t	47	https://zoom.us
1669	2	LECTURE	Алгебра і геометрія	27	14	43	t	47	https://zoom.us
1670	2	LECTURE	Алгебра і геометрія	26	14	43	t	47	https://zoom.us
1672	2	PRACTICAL	Алгебра і геометрія	29	14	50	f	47	https://zoom.us
1677	2	PRACTICAL	Алгебра і геометрія	27	14	45	f	47	https://zoom.us
1678	2	PRACTICAL	Алгебра і геометрія	26	14	45	f	47	https://zoom.us
1688	2	PRACTICAL	Дискретна математика	29	17	52	f	47	https://zoom.us
1983	2	LABORATORY	Об'єктно-орієнтоване програмування	52	46	75	f	47	https://zoom.us
1989	2	LABORATORY	Використання MS Excel y BigData	53	258	31	f	47	https://zoom.us
2006	2	PRACTICAL	Диференціальні рівняння	84	45	78	f	47	https://zoom.us
2246	1	PRACTICAL	Основи інклюзивної освіти	43	264	95	f	47	https://zoom.us
2005	2	LABORATORY	Теорія алгоритмів	53	36	33	f	47	https://zoom.us
2014	2	LECTURE	Диференціальні рівняння	53	45	68	t	47	https://zoom.us
2015	2	LECTURE	Диференціальні рівняння	54	45	68	t	47	https://zoom.us
2016	2	LECTURE	Диференціальні рівняння	87	45	68	t	47	https://zoom.us
2017	2	PRACTICAL	Диференціальні рівняння	54	45	77	t	47	https://zoom.us
2018	2	PRACTICAL	Диференціальні рівняння	87	45	77	t	47	https://zoom.us
2019	2	PRACTICAL	Диференціальні рівняння	53	45	69	f	47	https://zoom.us
1994	2	LABORATORY	Об'єктно-орієнтоване програмування	54	46	71	f	47	https://zoom.us
1675	2	PRACTICAL	Алгебра і геометрія	86	14	45	f	47	https://zoom.us
1676	2	PRACTICAL	Алгебра і геометрія	32	14	45	f	47	https://zoom.us
2549	2	PRACTICAL	Німецька мова	31	133	88	t	47	https://zoom.us
2550	2	PRACTICAL	Німецька мова	5	133	88	t	47	https://zoom.us
2558	1	PRACTICAL	Логіка та критичне мислення	51	283	170	t	47	https://zoom.us
2559	1	PRACTICAL	Логіка та критичне мислення	52	283	170	t	47	https://zoom.us
2560	1	PRACTICAL	Логіка та критичне мислення	39	283	170	t	47	https://zoom.us
2561	1	PRACTICAL	Логіка та критичне мислення	71	283	170	t	47	https://zoom.us
2562	1	PRACTICAL	Стратегії успішного бізнесу	51	282	169	t	47	\N
2563	1	PRACTICAL	Стратегії успішного бізнесу	52	282	169	t	47	\N
2564	1	PRACTICAL	Стратегії успішного бізнесу	40	282	169	t	47	\N
2565	1	LECTURE	Економічна психологія та етика бізнесу	56	284	173	t	47	https://zoom.us
2569	1	PRACTICAL	Teambuilding (командоутворення)	37	285	172	t	47	https://zoom.us
2570	1	PRACTICAL	Teambuilding (командоутворення)	36	285	172	t	47	https://zoom.us
2573	2	LECTURE	Гендер і сексуальність	73	287	171	f	47	https://zoom.us
1854	2	PRACTICAL	Алгебра і геометрія	85	14	50	f	47	https://zoom.us
1855	3	PRACTICAL	Математичний аналіз	85	55	28	f	47	https://zoom.us
1930	2	PRACTICAL	Диференціальні рівняння	51	45	69	t	47	https://zoom.us
2105	2	LABORATORY	Об'єктно-орієнтоване програмування	84	46	75	f	47	https://zoom.us
2118	1	LECTURE	Операційні системи	36	27	42	t	47	https://zoom.us
2119	1	LECTURE	Операційні системи	37	27	42	t	47	https://zoom.us
2120	1	LECTURE	Операційні системи	39	27	42	t	47	https://zoom.us
1995	2	LABORATORY	Об'єктно-орієнтоване програмування	87	46	71	f	47	https://zoom.us
2022	2	LECTURE	Прикладний функціональний аналіз	54	51	21	t	47	https://zoom.us
2023	2	LECTURE	Прикладний функціональний аналіз	87	51	21	t	47	https://zoom.us
2026	2	PRACTICAL	Англійська мова	54	132	90	t	47	https://zoom.us
2027	2	PRACTICAL	Англійська мова	87	132	90	t	47	https://zoom.us
2028	2	LECTURE	Бази даних та знань	87	184	34	t	47	https://zoom.us
2029	2	LECTURE	Бази даних та знань	54	184	34	t	47	https://zoom.us
2032	2	LECTURE	Алгоритми і структури даних	54	44	67	t	47	https://zoom.us
2033	2	LECTURE	Алгоритми і структури даних	87	44	67	t	47	https://zoom.us
2036	2	LECTURE	Психологія (загальна, вікова, педагогічна)	55	52	76	t	47	https://zoom.us
2037	2	LECTURE	Психологія (загальна, вікова, педагогічна)	56	52	76	t	47	https://zoom.us
2038	2	LECTURE	Психологія (загальна, вікова, педагогічна)	57	52	76	t	47	https://zoom.us
2039	2	PRACTICAL	Психологія (загальна, вікова, педагогічна)	55	52	76	t	47	https://zoom.us
2040	2	PRACTICAL	Психологія (загальна, вікова, педагогічна)	56	52	76	t	47	https://zoom.us
1860	2	PRACTICAL	Програмування	32	15	33	t	47	https://zoom.us
2059	1	LECTURE	Основи інформаційних технологій	55	53	69	t	47	https://zoom.us
2062	4	LECTURE	Математичний аналіз2	56	54	26	t	47	https://zoom.us
2063	4	LECTURE	Математичний аналіз2	55	54	26	t	47	https://zoom.us
2064	4	LECTURE	Математичний аналіз2	57	54	26	t	47	https://zoom.us
2065	2	PRACTICAL	Математичний аналіз2	55	54	105	t	47	https://zoom.us
2066	2	PRACTICAL	Математичний аналіз2	56	54	105	t	47	https://zoom.us
2012	2	PRACTICAL	Англійська мова	56	132	91	f	47	https://zoom.us
2013	2	PRACTICAL	Англійська мова	57	132	91	f	47	https://zoom.us
2247	1	PRACTICAL	Основи інклюзивної освіти	72	264	95	f	47	https://zoom.us
2248	1	PRACTICAL	Основи інклюзивної освіти	73	264	95	f	47	https://zoom.us
2254	1	PRACTICAL	Векторна та растрова графіка	43	191	77	f	47	https://zoom.us
2255	2	LECTURE	Диференціальна геометрія	44	57	43	f	47	https://zoom.us
2256	2	PRACTICAL	Диференціальна геометрія	44	57	43	f	47	https://zoom.us
2257	3	LECTURE	Теорія міри та інтеграла	44	59	21	f	47	https://zoom.us
1199	2	LABORATORY	Розробка програмних додатків для мобільних пристроїв	48	217	61	f	12	https://zoom.us
2337	2	LABORATORY	Розробка програмних додатків для мобільних пристроїв	49	217	61	f	47	https://zoom.us
2045	2	PRACTICAL	Дискретна математика	55	17	52	t	47	https://zoom.us
2046	2	PRACTICAL	Дискретна математика	56	17	52	t	47	https://zoom.us
2047	2	PRACTICAL	Дискретна математика	57	17	52	t	47	https://zoom.us
2447	1	LECTURE	Математичне моделювання динамічних систем і процесів	58	107	30	t	47	https://zoom.us
2448	1	LECTURE	Математичне моделювання динамічних систем і процесів	60	107	30	t	47	https://zoom.us
2449	1	PRACTICAL	Математичне моделювання динамічних систем і процесів	58	107	30	t	47	https://zoom.us
2474	1	LECTURE	Системи машинного навчання	58	237	64	t	47	https://zoom.us
1710	2	LECTURE	Програмування	30	15	41	t	47	https://zoom.us
1711	2	LECTURE	Програмування	29	15	41	t	47	https://zoom.us
1712	2	LECTURE	Програмування	5	15	41	t	47	https://zoom.us
1713	2	LECTURE	Програмування	85	15	41	t	47	https://zoom.us
1714	2	LECTURE	Програмування	86	15	41	t	47	https://zoom.us
1715	2	LECTURE	Програмування	32	15	41	t	47	https://zoom.us
1709	2	PRACTICAL	Англійська мова	30	132	53	f	47	https://zoom.us
1719	2	PRACTICAL	Програмування	29	15	42	f	47	https://zoom.us
1720	2	LABORATORY	Програмування	30	15	42	f	47	https://zoom.us
1733	2	PRACTICAL	Англійська мова	29	132	53	t	47	https://zoom.us
1736	2	PRACTICAL	Англійська мова	26	132	53	t	47	https://zoom.us
2106	2	LECTURE	Диференціальні рівняння.	57	261	68	t	47	https://zoom.us
2107	2	LECTURE	Диференціальні рівняння.	55	261	68	t	47	https://zoom.us
2108	2	LECTURE	Диференціальні рівняння.	56	261	68	t	47	https://zoom.us
2253	2	LECTURE	Векторна та растрова графіка	43	191	77	f	47	https://zoom.us
2258	2	PRACTICAL	Теорія міри та інтеграла	44	59	21	f	47	https://zoom.us
2285	2	LECTURE	Методи оптимізації та дослідження операцій	45	66	35	t	47	https://zoom.us
2286	2	LECTURE	Методи оптимізації та дослідження операцій	46	66	35	t	47	https://zoom.us
2287	2	LECTURE	Методи оптимізації та дослідження операцій	49	66	35	t	47	https://zoom.us
2288	2	LECTURE	Методи оптимізації та дослідження операцій	50	66	35	t	47	https://zoom.us
1747	2	LABORATORY	Програмування	29	15	42	t	47	https://zoom.us
1748	2	LABORATORY	Програмування	5	15	42	t	47	https://zoom.us
1749	2	LABORATORY	Програмування	85	15	70	f	47	https://zoom.us
2289	1	PRACTICAL	Методи оптимізації та дослідження операцій	45	66	35	t	47	https://zoom.us
2290	1	PRACTICAL	Методи оптимізації та дослідження операцій	46	66	35	t	47	https://zoom.us
2291	1	PRACTICAL	Методи оптимізації та дослідження операцій	49	66	35	t	47	https://zoom.us
2292	1	PRACTICAL	Методи оптимізації та дослідження операцій	50	66	35	t	47	https://zoom.us
2293	2	LECTURE	Платформи корпоративних інформ.систем	45	197	80	t	47	https://zoom.us
1755	3	PRACTICAL	Математичний аналіз	32	55	105	f	47	https://zoom.us
2294	2	LECTURE	Платформи корпоративних інформ.систем	46	197	80	t	47	https://zoom.us
2295	2	LECTURE	Платформи корпоративних інформ.систем	49	197	80	t	47	https://zoom.us
1758	2	LABORATORY	Програмування	86	15	33	f	47	https://zoom.us
1759	2	LABORATORY	Програмування	32	15	70	f	47	https://zoom.us
1763	2	PRACTICAL	Дискретна математика	27	17	52	f	47	https://zoom.us
1764	2	PRACTICAL	Дискретна математика	26	17	52	f	47	https://zoom.us
1798	2	LECTURE	Математичний аналіз	30	55	22	t	47	https://zoom.us
1768	2	LECTURE	Програмування	27	15	19	t	47	https://zoom.us
1769	2	LECTURE	Програмування	26	15	19	t	47	https://zoom.us
1772	2	LABORATORY	Програмування	27	15	146	f	47	https://zoom.us
1773	2	LABORATORY	Програмування	26	15	146	f	47	https://zoom.us
1718	2	PRACTICAL	Програмування	30	15	42	t	47	https://zoom.us
1819	2	LECTURE	Дискретна математика	30	17	52	t	47	https://zoom.us
1820	2	LECTURE	Дискретна математика	29	17	52	t	47	https://zoom.us
1821	2	LECTURE	Дискретна математика	5	17	52	t	47	https://zoom.us
1822	2	LECTURE	Дискретна математика	85	17	52	t	47	https://zoom.us
1823	2	LECTURE	Дискретна математика	86	17	52	t	47	https://zoom.us
1824	2	LECTURE	Дискретна математика	32	17	52	t	47	https://zoom.us
1825	2	LECTURE	Дискретна математика	27	17	52	t	47	https://zoom.us
2328	2	PRACTICAL	Комунікаційні техн.в управлінні проектами	46	255	42	t	47	https://zoom.us
2329	2	PRACTICAL	Комунікаційні техн.в управлінні проектами	49	255	42	t	47	https://zoom.us
1722	2	PRACTICAL	Фізичне виховання	29	13	164	t	47	https://zoom.us
1723	2	PRACTICAL	Фізичне виховання	5	13	164	t	47	https://zoom.us
1724	2	PRACTICAL	Фізичне виховання	85	13	164	t	47	https://zoom.us
1725	2	PRACTICAL	Фізичне виховання	86	13	164	t	47	https://zoom.us
1726	2	PRACTICAL	Фізичне виховання	32	13	164	t	47	https://zoom.us
1727	2	PRACTICAL	Фізичне виховання	27	13	164	t	47	https://zoom.us
1728	2	PRACTICAL	Фізичне виховання	26	13	164	t	47	https://zoom.us
1729	2	PRACTICAL	Фізичне виховання	33	13	164	t	47	https://zoom.us
2296	2	LECTURE	Розподілені інформаційно-аналітичні системи	50	279	80	t	47	https://zoom.us
1744	2	PRACTICAL	Англійська мова	5	132	161	f	47	https://zoom.us
1735	2	PRACTICAL	Англійська мова	86	132	149	f	47	https://zoom.us
1734	2	PRACTICAL	Англійська мова	85	132	161	f	47	https://zoom.us
1760	2	PRACTICAL	Англійська мова	32	132	149	f	47	https://zoom.us
1765	2	PRACTICAL	Англійська мова	27	132	149	f	47	https://zoom.us
2330	2	PRACTICAL	Комунікаційні техн.в управлінні проектами	50	255	42	t	47	https://zoom.us
1852	2	PRACTICAL	Алгебра і геометрія	5	14	50	f	47	https://zoom.us
2339	1	LECTURE	Сучасні СУБД	45	35	34	t	47	https://zoom.us
2340	1	LECTURE	Сучасні СУБД	46	35	34	t	47	https://zoom.us
2341	1	LECTURE	Сучасні СУБД	50	35	34	t	47	https://zoom.us
2342	2	LABORATORY	Сучасні СУБД	45	35	34	f	47	https://zoom.us
2343	2	LABORATORY	Сучасні СУБД	46	35	34	f	47	https://zoom.us
2344	2	LABORATORY	Сучасні СУБД	50	35	34	f	47	https://zoom.us
2345	2	LECTURE	Теорія керування	45	72	38	t	47	https://zoom.us
2346	2	LECTURE	Теорія керування	46	72	38	t	47	https://zoom.us
2347	2	LECTURE	Теорія керування	49	72	38	t	47	https://zoom.us
2348	2	LECTURE	Теорія керування	50	72	38	t	47	https://zoom.us
2349	2	LECTURE	Теорія керування	68	72	38	t	47	https://zoom.us
2121	1	LECTURE	Операційні системи	38	27	42	t	47	https://zoom.us
2122	1	LECTURE	Операційні системи	42	27	42	t	47	https://zoom.us
2131	2	LABORATORY	Теорія програмування	36	31	61	f	47	https://zoom.us
2145	2	LECTURE	Моделювання жорстких систем	36	33	30	t	47	https://zoom.us
2146	2	LECTURE	Моделювання жорстких систем	37	33	30	t	47	https://zoom.us
2147	2	LECTURE	Моделювання жорстких систем	38	33	30	t	47	https://zoom.us
2149	2	LABORATORY	Моделювання жорстких систем	36	33	63	f	47	https://zoom.us
2265	2	LABORATORY	Технології програмування на Java	37	32	146	f	47	https://zoom.us
2117	2	LABORATORY	Бази даниих та інформаційні системи	37	26	63	f	47	https://zoom.us
2301	2	LABORATORY	Платформи корпоративних інформ.систем	49	197	80	f	47	https://zoom.us
2303	2	LABORATORY	Платформи корпоративних інформ.систем	68	197	80	f	47	https://zoom.us
2376	2	LECTURE	Методика викладання інформатики в початковій школі	72	79	82	t	47	https://zoom.us
2377	2	LECTURE	Методика викладання інформатики в початковій школі	73	79	82	t	47	https://zoom.us
2378	1	LABORATORY	Методика викладання інформатики в початковій школі	72	79	82	t	47	https://zoom.us
2379	1	LABORATORY	Методика викладання інформатики в початковій школі	73	79	82	t	47	https://zoom.us
2380	1	PRACTICAL	Методика викладання інформатики в початковій школі	72	79	82	f	47	https://zoom.us
2382	2	LABORATORY	Методика розв'язування олімп. задач з ІТ	72	82	78	f	47	https://zoom.us
2401	1	LECTURE	Задачі прикладного характеру	72	268	45	t	47	https://zoom.us
2402	1	LECTURE	Задачі прикладного характеру	73	268	45	t	47	https://zoom.us
2413	2	LECTURE	Мат.статистика з елементами теорії випадкових процесів	71	89	26	f	47	https://zoom.us
2415	2	LECTURE	Олімпіадні задачі з алгебри і теорії чисел	71	271	105	f	47	https://zoom.us
2416	1	PRACTICAL	Олімпіадні задачі з алгебри і теорії чисел	71	271	105	f	47	https://zoom.us
2427	1	PRACTICAL	Актуальні питання історії та культури України	30	257	51	f	47	https://zoom.us
2428	1	PRACTICAL	Актуальні питання історії та культури України	29	257	51	f	47	https://zoom.us
2123	2	LABORATORY	Операційні системи	36	27	107	f	47	https://zoom.us
2160	2	LECTURE	Технології програмування на Java	37	32	62	t	47	meet.google.com/pvm-wvga-srd
1910	2	PRACTICAL	Англійська мова	31	132	96	f	47	https://zoom.us
2429	1	PRACTICAL	Актуальні питання історії та культури України	5	257	51	f	47	https://zoom.us
2430	1	PRACTICAL	Актуальні питання історії та культури України	85	257	51	f	47	https://zoom.us
2450	1	PRACTICAL	Математичне моделювання динамічних систем і процесів	60	107	30	t	47	https://zoom.us
2452	2	LABORATORY	Мережеві інформаційні технології	58	108	70	f	47	https://zoom.us
2089	1	LECTURE	Програмування мовою Python	51	48	36	t	47	https://zoom.us
2090	1	LECTURE	Програмування мовою Python	52	48	36	t	47	https://zoom.us
2091	1	LECTURE	Програмування мовою Python	84	48	36	t	47	https://zoom.us
2092	1	LECTURE	Програмування мовою Python	53	48	36	t	47	https://zoom.us
2093	1	LECTURE	Програмування мовою Python	56	48	36	t	47	https://zoom.us
2094	1	LECTURE	Програмування мовою Python	72	48	36	t	47	https://zoom.us
1840	2	PRACTICAL	Програмування	5	15	70	t	47	https://zoom.us
1841	2	PRACTICAL	Програмування	85	15	70	t	47	https://zoom.us
1829	1	LECTURE	Актуальні питання історії та культури України	5	257	51	t	47	https://zoom.us
1827	1	LECTURE	Актуальні питання історії та культури України	30	257	51	t	47	https://zoom.us
1828	1	LECTURE	Актуальні питання історії та культури України	29	257	51	t	47	https://zoom.us
1830	1	LECTURE	Актуальні питання історії та культури України	85	257	51	t	47	https://zoom.us
1831	1	LECTURE	Актуальні питання історії та культури України	86	257	51	t	47	https://zoom.us
1832	1	LECTURE	Актуальні питання історії та культури України	32	257	51	t	47	https://zoom.us
1833	1	LECTURE	Актуальні питання історії та культури України	27	257	51	t	47	https://zoom.us
1826	1	LECTURE	Актуальні питання історії та культури України	26	257	51	t	47	https://zoom.us
1848	2	PRACTICAL	Дискретна математика	30	17	52	f	47	https://zoom.us
1849	3	PRACTICAL	Математичний аналіз	30	55	28	f	47	https://zoom.us
1850	3	PRACTICAL	Математичний аналіз	29	55	28	f	47	https://zoom.us
1851	2	PRACTICAL	Алгебра і геометрія	30	14	50	f	47	https://zoom.us
1853	2	PRACTICAL	Дискретна математика	5	17	52	f	47	https://zoom.us
1856	2	PRACTICAL	Дискретна математика	85	17	52	f	47	https://zoom.us
1857	3	PRACTICAL	Математичний аналіз	5	55	28	f	47	https://zoom.us
1858	2	PRACTICAL	Дискретна математика	86	17	52	f	47	https://zoom.us
1859	3	PRACTICAL	Математичний аналіз	86	55	105	f	47	https://zoom.us
1861	2	PRACTICAL	Програмування	86	15	33	t	47	https://zoom.us
1862	1	PRACTICAL	Актуальні питання історії та культури України	86	257	51	f	47	https://zoom.us
1863	1	PRACTICAL	Актуальні питання історії та культури України	32	257	51	f	47	https://zoom.us
1864	2	PRACTICAL	Дискретна математика	32	17	52	f	47	https://zoom.us
1865	1	PRACTICAL	Актуальні питання історії та культури України	27	257	51	f	47	https://zoom.us
1866	1	PRACTICAL	Актуальні питання історії та культури України	26	257	51	f	47	https://zoom.us
1867	3	PRACTICAL	Математичний аналіз	27	55	105	f	47	https://zoom.us
1868	3	PRACTICAL	Математичний аналіз	26	55	105	f	47	https://zoom.us
1869	2	PRACTICAL	Програмування	27	15	19	t	47	https://zoom.us
1870	2	PRACTICAL	Програмування	26	15	19	t	47	https://zoom.us
2095	1	LECTURE	Програмування мовою Python	73	48	36	t	47	https://zoom.us
1875	2	LECTURE	Аналітична геометрія	33	24	49	t	47	https://zoom.us
1880	2	LECTURE	Лінійна алгебра	33	22	46	t	47	https://zoom.us
1881	2	LECTURE	Лінійна алгебра	31	22	46	t	47	https://zoom.us
1882	2	LECTURE	Лінійна алгебра	28	22	46	t	47	https://zoom.us
1891	3	PRACTICAL	Лінійна алгебра	33	22	47	t	47	https://zoom.us
1892	3	PRACTICAL	Лінійна алгебра	31	22	47	t	47	https://zoom.us
1893	2	LECTURE	Програмування	33	15	32	t	47	https://zoom.us
1894	2	LECTURE	Програмування	31	15	32	t	47	https://zoom.us
1895	2	LECTURE	Програмування	28	15	32	t	47	https://zoom.us
1896	1	PRACTICAL	Програмування	33	15	32	t	47	https://zoom.us
1897	1	PRACTICAL	Програмування	31	15	32	t	47	https://zoom.us
1877	2	LECTURE	Аналітична геометрія	31	24	49	t	47	https://zoom.us
1876	2	LECTURE	Аналітична геометрія	28	24	49	t	47	https://zoom.us
1874	2	PRACTICAL	Англійська мова	33	132	90	f	47	https://zoom.us
1878	2	PRACTICAL	Аналітична геометрія	33	24	44	t	47	https://zoom.us
1879	2	PRACTICAL	Аналітична геометрія	31	24	44	t	47	https://zoom.us
2312	2	LABORATORY	Проектування програмних систем	68	68	62	f	47	meet.google.com/wxd-rztt-ibr
70	5	LECTURE	Node.js	5	4	11	f	9	https://zoom.us
750	2	LABORATORY	Архітектура обчислювальних систем	30	173	60	f	12	https://zoom.us
751	2	LECTURE	Математичний аналіз	30	55	21	f	12	https://zoom.us
76	2	LECTURE	Алгебра і геометрія	30	14	43	f	9	https://zoom.us
78	2	LECTURE	Актуальні питання історії та кул.України	30	19	51	f	9	https://zoom.us
79	1	PRACTICAL	Актуальні питання історії та кул.України	30	19	51	f	9	https://zoom.us
80	2	LECTURE	Програмування	30	15	41	f	9	https://zoom.us
1898	2	LABORATORY	Програмування	33	15	32	f	47	https://zoom.us
1899	4	LECTURE	Математичний аналіз1	33	16	20	t	47	https://zoom.us
1900	4	LECTURE	Математичний аналіз1	31	16	20	t	47	https://zoom.us
1901	4	LECTURE	Математичний аналіз1	28	16	20	t	47	https://zoom.us
1903	1	LECTURE	Вступ до спеціальності	33	25	77	f	47	https://zoom.us
1904	1	PRACTICAL	Вступ до спеціальності	33	25	77	f	47	https://zoom.us
1907	3	PRACTICAL	Математичний аналіз1	31	16	28	f	47	https://zoom.us
1908	3	PRACTICAL	Математичний аналіз1	33	16	28	f	47	https://zoom.us
1909	2	LABORATORY	Програмування	31	15	64	f	47	https://zoom.us
2096	1	LECTURE	Програмування мовою Python	71	48	36	t	47	https://zoom.us
2097	2	LABORATORY	Програмування мовою Python	51	48	36	f	47	https://zoom.us
2098	2	LABORATORY	Програмування мовою Python	52	48	36	f	47	https://zoom.us
2099	2	LABORATORY	Програмування мовою Python	84	48	36	f	47	https://zoom.us
2163	1	LECTURE	Використання MS Excel y BigData	52	258	34	t	47	https://zoom.us
2164	1	LECTURE	Використання MS Excel y BigData	84	258	34	t	47	https://zoom.us
2165	1	LECTURE	Використання MS Excel y BigData	53	258	34	t	47	https://zoom.us
2166	1	LECTURE	Використання MS Excel y BigData	36	258	34	t	47	https://zoom.us
2167	1	LECTURE	Використання MS Excel y BigData	37	258	34	t	47	https://zoom.us
2168	1	LECTURE	Використання MS Excel y BigData	38	258	34	t	47	https://zoom.us
2169	1	LECTURE	Використання MS Excel y BigData	39	258	34	t	47	https://zoom.us
2304	2	LABORATORY	Платформи корпоративних інформ.систем	70	197	80	f	47	https://zoom.us
2317	1	LECTURE	Системи та методи прийняття рішень	45	69	40	t	47	https://zoom.us
2318	1	LECTURE	Системи та методи прийняття рішень	46	69	40	t	47	https://zoom.us
2319	1	LECTURE	Системи та методи прийняття рішень	49	69	40	t	47	https://zoom.us
2320	1	LECTURE	Системи та методи прийняття рішень	50	69	40	t	47	https://zoom.us
2321	1	LECTURE	Системи та методи прийняття рішень	68	69	40	t	47	https://zoom.us
2322	2	LABORATORY	Системи та методи прийняття рішень	45	69	40	f	47	https://zoom.us
2323	2	LABORATORY	Системи та методи прийняття рішень	46	69	40	f	47	https://zoom.us
2324	2	LABORATORY	Системи та методи прийняття рішень	49	69	40	f	47	https://zoom.us
2325	2	LABORATORY	Системи та методи прийняття рішень	50	69	40	f	47	https://zoom.us
2571	2	PRACTICAL	Практика особистої та ділової комунікації іноземною мовою	70	281	96	f	47	https://zoom.us
2572	2	PRACTICAL	Практика особистої та ділової комунікації іноземною мовою	72	281	96	f	47	https://zoom.us
2314	2	LABORATORY	Проектування програмних систем	46	68	62	t	47	meet.google.com/wxd-rztt-ibr
2315	2	LABORATORY	Проектування програмних систем	49	68	62	t	47	meet.google.com/wxd-rztt-ibr
2316	2	LABORATORY	Проектування програмних систем	50	68	62	t	47	meet.google.com/wxd-rztt-ibr
2309	2	LECTURE	Проектування програмних систем	68	68	19	t	47	https://meet.google.com/wxd-rztt-ibr
2310	2	LECTURE	Проектування програмних систем	70	68	19	t	47	https://meet.google.com/wxd-rztt-ibr
2308	2	LECTURE	Проектування програмних систем	50	68	19	t	47	https://meet.google.com/wxd-rztt-ibr
2307	2	LECTURE	Проектування програмних систем	49	68	19	t	47	https://meet.google.com/wxd-rztt-ibr
2306	2	LECTURE	Проектування програмних систем	46	68	19	t	47	https://meet.google.com/wxd-rztt-ibr
2305	2	LECTURE	Проектування програмних систем	45	68	19	t	47	https://meet.google.com/wxd-rztt-ibr
2311	2	LABORATORY	Проектування програмних систем	45	68	19	f	47	https://meet.google.com/wxd-rztt-ibr
2313	2	LABORATORY	Проектування програмних систем	70	68	19	f	47	https://meet.google.com/wxd-rztt-ibr
1914	2	PRACTICAL	Аналітична геометрія	28	24	44	f	47	https://zoom.us
2574	2	LECTURE	Фінансова грамотність	36	286	175	t	47	https://zoom.us
2575	2	LECTURE	Фінансова грамотність	37	286	175	t	47	https://zoom.us
2576	2	PRACTICAL	Французька мова	55	134	178	t	47	https://zoom.us
2577	2	PRACTICAL	Французька мова	56	134	178	t	47	https://zoom.us
2578	2	PRACTICAL	Французька мова	57	134	178	t	47	https://zoom.us
743	2	PRACTICAL	Маг.семінар "Сучасні інформаційні технології"	64	99	65	f	9	https://zoom.us
2190	2	LABORATORY	Технології програмування на Java	38	32	62	t	47	meet.google.com/pvm-wvga-srd
126	2	LECTURE	Програмування	29	15	41	f	9	https://zoom.us
129	2	LECTURE	Програмування	26	15	41	f	9	https://zoom.us
988	2	PRACTICAL	Професійна іноземна мова	36	28	90	f	12	https://zoom.us
131	2	LECTURE	Алгебра і геометрія	5	14	43	f	9	https://zoom.us
135	2	PRACTICAL	Фізичне виховання	5	13	54	f	9	https://zoom.us
136	2	PRACTICAL	Фізичне виховання	27	13	54	f	9	https://zoom.us
140	2	PRACTICAL	Фізичне виховання	32	13	54	f	9	https://zoom.us
144	2	PRACTICAL	Дискретна математика	27	17	52	f	9	https://zoom.us
145	2	PRACTICAL	Дискретна математика	26	17	52	f	9	https://zoom.us
2191	2	LABORATORY	Технології програмування на Java	39	32	62	t	47	meet.google.com/pvm-wvga-srd
2260	2	LECTURE	Технології програмування на Java	41	32	62	t	47	meet.google.com/pvm-wvga-srd
2261	2	LECTURE	Технології програмування на Java	36	32	62	t	47	meet.google.com/pvm-wvga-srd
2262	2	LECTURE	Технології програмування на Java	38	32	62	t	47	meet.google.com/pvm-wvga-srd
2263	2	LECTURE	Технології програмування на Java	39	32	62	t	47	meet.google.com/pvm-wvga-srd
2264	2	LECTURE	Технології програмування на Java	40	32	62	t	47	meet.google.com/pvm-wvga-srd
2580	5	LECTURE	Java-технології в клієнт-серверних системах	90	244	62	f	47	https://meet.google.com/pvm-wvga-srd
2582	1	LECTURE	Frontend-розробка Web-додатків	29	78	97	f	46	\N
2590	1	LECTURE	Frontend-розробка Web-додатків	30	78	97	f	46	\N
2591	2	LABORATORY	Java-технології в клієнт-серверних системах	30	244	97	f	46	\N
2592	1	LABORATORY	Java-технології в клієнт-серверних системах	30	244	73	t	46	\N
2593	1	LABORATORY	Java-технології в клієнт-серверних системах	85	244	73	t	46	\N
2594	6	PRACTICAL	Ознайомлювальна практика	71	288	23	f	47	\N
2633	2	LECTURE	Архітектура обчислювальних систем	30	173	60	t	53	\N
2634	2	LECTURE	Архітектура обчислювальних систем	29	173	60	t	53	\N
2635	2	LECTURE	Архітектура обчислювальних систем	5	173	60	t	53	\N
2636	2	LECTURE	Архітектура обчислювальних систем	85	173	60	t	53	\N
2637	2	LECTURE	Архітектура обчислювальних систем	86	173	60	t	53	\N
2638	2	LECTURE	Архітектура обчислювальних систем	32	173	60	t	53	\N
2639	2	LECTURE	Архітектура обчислювальних систем	27	173	60	t	53	\N
2640	2	LECTURE	Архітектура обчислювальних систем	26	173	60	t	53	\N
2641	2	LECTURE	Архітектура обчислювальних систем	33	173	60	t	53	\N
2659	3	PRACTICAL	Математичний аналіз	30	55	28	t	53	\N
2660	3	PRACTICAL	Математичний аналіз	29	55	28	t	53	\N
2770	2	LABORATORY	Програмування	33	15	32	f	53	\N
2771	2	LABORATORY	Програмування	28	15	32	f	53	\N
2772	4	LECTURE	Математичний аналіз1	33	16	20	t	53	\N
2773	4	LECTURE	Математичний аналіз1	31	16	20	t	53	\N
2774	4	LECTURE	Математичний аналіз1	28	16	20	t	53	\N
2775	3	PRACTICAL	Математичний аналіз1	33	16	28	f	53	\N
2776	3	PRACTICAL	Математичний аналіз1	31	16	28	f	53	\N
2777	2	PRACTICAL	Англійська мова	31	132	96	f	53	\N
2778	2	LABORATORY	Програмування	31	15	64	f	53	\N
2779	1	LECTURE	Вступ до спеціальності	31	25	45	t	53	\N
2780	1	LECTURE	Вступ до спеціальності	28	25	45	t	53	\N
2786	1	PRACTICAL	Програмування	28	15	32	f	53	\N
2787	2	PRACTICAL	Англійська мова	28	132	161	f	53	\N
2579	1	PRACTICAL	Teambuilding (командоутворення)	39	285	172	f	47	https://zoom.us
2642	2	LABORATORY	Архітектура комп'ютерів	30	170	60	f	53	\N
2643	2	LABORATORY	Архітектура комп'ютерів	29	170	60	f	53	\N
2644	2	LABORATORY	Архітектура комп'ютерів	5	170	60	f	53	\N
2645	2	LABORATORY	Архітектура комп'ютерів	85	170	60	f	53	\N
2646	2	LABORATORY	Архітектура комп'ютерів	86	170	60	f	53	\N
2647	2	LABORATORY	Архітектура комп'ютерів	32	170	60	f	53	\N
2648	2	LABORATORY	Архітектура комп'ютерів	27	170	60	f	53	\N
2649	2	LABORATORY	Архітектура комп'ютерів	26	170	60	f	53	\N
2735	2	PRACTICAL	Українська  мова (за професійним спрямуванням)	27	169	183	t	53	\N
2736	2	PRACTICAL	Українська  мова (за професійним спрямуванням)	26	169	183	t	53	\N
2650	1	LABORATORY	Архітектура комп'ютерів	33	170	60	f	53	\N
2760	2	LECTURE	Лінійна алгебра	33	22	46	t	53	\N
2761	2	LECTURE	Лінійна алгебра	31	22	46	t	53	\N
2762	2	LECTURE	Лінійна алгебра	28	22	46	t	53	\N
2763	3	PRACTICAL	Лінійна алгебра	33	22	47	t	53	\N
2764	3	PRACTICAL	Лінійна алгебра	31	22	47	t	53	\N
2631	2	PRACTICAL	Алгебра і геометрія	30	14	50	t	53	\N
2632	2	PRACTICAL	Алгебра і геометрія	29	14	50	t	53	\N
2672	2	PRACTICAL	Англійська мова	30	132	53	f	53	\N
2673	2	PRACTICAL	Англійська мова	29	132	53	f	53	\N
2698	2	LABORATORY	Програмування	30	15	42	f	53	\N
2708	2	LABORATORY	Програмування	29	15	42	t	53	\N
2709	2	LABORATORY	Програмування	5	15	42	t	53	\N
2716	3	PRACTICAL	Математичний аналіз	86	55	105	t	53	\N
2717	3	PRACTICAL	Математичний аналіз	32	55	105	t	53	\N
2718	2	PRACTICAL	Українська  мова (за професійним спрямуванням)	86	169	102	t	53	\N
2719	2	PRACTICAL	Українська  мова (за професійним спрямуванням)	32	169	102	t	53	\N
2722	2	LABORATORY	Програмування	86	15	33	f	53	\N
2723	2	PRACTICAL	Програмування	86	15	33	t	53	\N
2724	2	PRACTICAL	Програмування	32	15	33	t	53	\N
2725	2	LECTURE	Алгебра і геометрія	27	14	43	t	53	\N
2726	2	LECTURE	Алгебра і геометрія	30	14	43	t	53	\N
2727	2	LECTURE	Алгебра і геометрія	29	14	43	t	53	\N
2728	2	LECTURE	Алгебра і геометрія	5	14	43	t	53	\N
2729	2	LECTURE	Алгебра і геометрія	85	14	43	t	53	\N
2730	2	LECTURE	Алгебра і геометрія	86	14	43	t	53	\N
2731	2	LECTURE	Алгебра і геометрія	32	14	43	t	53	\N
2732	2	LECTURE	Алгебра і геометрія	26	14	43	t	53	\N
2737	2	PRACTICAL	Англійська мова	27	132	149	f	53	\N
2738	2	PRACTICAL	Англійська мова	26	132	53	f	53	\N
2739	2	LECTURE	Програмування	27	15	60	t	53	\N
2740	2	LECTURE	Програмування	26	15	60	t	53	\N
2741	2	PRACTICAL	Програмування	27	15	60	t	53	\N
2742	2	PRACTICAL	Програмування	26	15	60	t	53	\N
2743	2	LABORATORY	Програмування	27	15	146	f	53	\N
2744	2	LABORATORY	Програмування	26	15	146	f	53	\N
2758	2	PRACTICAL	Аналітична геометрія	33	24	44	t	53	\N
2759	2	PRACTICAL	Аналітична геометрія	31	24	44	t	53	\N
2651	2	LECTURE	Математичний аналіз	30	55	21	t	53	\N
2652	2	LECTURE	Математичний аналіз	29	55	21	t	53	\N
2653	2	LECTURE	Математичний аналіз	5	55	21	t	53	\N
2654	2	LECTURE	Математичний аналіз	85	55	21	t	53	\N
2655	2	LECTURE	Математичний аналіз	86	55	21	t	53	\N
2656	2	LECTURE	Математичний аналіз	32	55	21	t	53	\N
2657	2	LECTURE	Математичний аналіз	27	55	21	t	53	\N
2658	2	LECTURE	Математичний аналіз	26	55	21	t	53	\N
2662	2	PRACTICAL	Українська  мова (за професійним спрямуванням)	30	169	111	t	53	\N
2663	2	PRACTICAL	Українська  мова (за професійним спрямуванням)	29	169	111	t	53	\N
2664	2	LECTURE	Програмування	30	15	41	t	53	\N
2665	2	LECTURE	Програмування	29	15	41	t	53	\N
2666	2	LECTURE	Програмування	5	15	41	t	53	\N
2667	2	LECTURE	Програмування	85	15	41	t	53	\N
2668	2	LECTURE	Програмування	86	15	41	t	53	\N
2669	2	LECTURE	Програмування	32	15	41	t	53	\N
2765	2	LECTURE	Програмування	33	15	32	t	53	\N
2766	2	LECTURE	Програмування	31	15	32	t	53	\N
2767	2	LECTURE	Програмування	28	15	32	t	53	\N
2781	1	PRACTICAL	Вступ до спеціальності	31	25	45	t	53	\N
2782	1	PRACTICAL	Вступ до спеціальності	28	25	45	t	53	\N
2783	2	PRACTICAL	Аналітична геометрія	28	24	44	f	53	\N
2670	2	PRACTICAL	Програмування	30	15	42	t	53	\N
2671	2	PRACTICAL	Програмування	29	15	42	t	53	\N
2674	1	LECTURE	Олімпіадні задачі з інформаційних технологій	30	175	33	t	53	\N
2675	1	LECTURE	Олімпіадні задачі з інформаційних технологій	29	175	33	t	53	\N
2676	1	LECTURE	Олімпіадні задачі з інформаційних технологій	5	175	33	t	53	\N
2677	1	LECTURE	Олімпіадні задачі з інформаційних технологій	85	175	33	t	53	\N
2678	1	LECTURE	Олімпіадні задачі з інформаційних технологій	86	175	33	t	53	\N
2679	1	LECTURE	Олімпіадні задачі з інформаційних технологій	32	175	33	t	53	\N
2680	2	LABORATORY	Олімпіадні задачі з інформаційних технологій	30	175	33	f	53	\N
2681	2	LABORATORY	Олімпіадні задачі з інформаційних технологій	29	175	33	f	53	\N
2682	2	LABORATORY	Олімпіадні задачі з інформаційних технологій	5	175	33	f	53	\N
2683	2	LABORATORY	Олімпіадні задачі з інформаційних технологій	85	175	33	f	53	\N
2684	2	LABORATORY	Олімпіадні задачі з інформаційних технологій	86	175	33	f	53	\N
2685	2	LABORATORY	Олімпіадні задачі з інформаційних технологій	32	175	33	f	53	\N
2692	2	LABORATORY	Пакети прикладних програм	30	174	63	f	53	\N
2693	2	LABORATORY	Пакети прикладних програм	29	174	63	f	53	\N
2694	2	LABORATORY	Пакети прикладних програм	5	174	63	f	53	\N
2695	2	LABORATORY	Пакети прикладних програм	85	174	63	f	53	\N
2696	2	LABORATORY	Пакети прикладних програм	86	174	63	f	53	\N
2697	2	LABORATORY	Пакети прикладних програм	32	174	63	f	53	\N
2720	2	PRACTICAL	Англійська мова	86	132	149	t	53	\N
2721	2	PRACTICAL	Англійська мова	32	132	149	t	53	\N
2733	2	PRACTICAL	Алгебра і геометрія	27	14	45	t	53	\N
2734	2	PRACTICAL	Алгебра і геометрія	26	14	45	t	53	\N
2768	1	PRACTICAL	Програмування	33	15	32	t	53	\N
2769	1	PRACTICAL	Програмування	31	15	32	t	53	\N
2784	3	PRACTICAL	Лінійна алгебра	28	22	47	f	53	\N
2785	3	PRACTICAL	Математичний аналіз1	28	16	105	f	53	\N
2700	2	PRACTICAL	Алгебра і геометрія*	5	259	50	t	53	\N
2701	2	PRACTICAL	Алгебра і геометрія*	85	259	50	t	53	\N
2704	2	PRACTICAL	Українська  мова (за професійним спрямуванням)	5	169	102	t	53	\N
2705	2	PRACTICAL	Українська  мова (за професійним спрямуванням)	85	169	102	t	53	\N
2710	2	PRACTICAL	Програмування	5	15	70	t	53	\N
2711	2	PRACTICAL	Програмування	85	15	70	t	53	\N
2712	2	LABORATORY	Програмування	85	15	70	f	53	\N
2713	2	LABORATORY	Програмування	32	15	70	f	53	\N
2702	3	PRACTICAL	Математичний аналіз*	5	103	28	t	53	\N
2703	3	PRACTICAL	Математичний аналіз*	85	103	28	t	53	\N
2714	2	PRACTICAL	Алгебра і геометрія	86	14	45	t	53	\N
2715	2	PRACTICAL	Алгебра і геометрія	32	14	45	t	53	\N
2745	3	PRACTICAL	Математичний аналіз*	27	103	105	t	53	\N
2746	3	PRACTICAL	Математичний аналіз*	26	103	105	t	53	\N
2747	1	LECTURE	Математична логіка та теорія алгоритмів	27	171	52	t	53	\N
2748	1	LECTURE	Математична логіка та теорія алгоритмів	26	171	52	t	53	\N
2706	2	PRACTICAL	Англійська мова	5	132	161	t	53	\N
2707	2	PRACTICAL	Англійська мова	85	132	161	t	53	\N
2749	2	PRACTICAL	Математична логіка та теорія алгоритмів	27	171	52	t	53	\N
2750	2	PRACTICAL	Математична логіка та теорія алгоритмів	26	171	52	t	53	\N
2751	2	PRACTICAL	Англійська мова	33	132	90	f	53	\N
2752	2	PRACTICAL	Українська  мова (за професійним спрямуванням)	33	169	183	f	53	\N
2753	2	PRACTICAL	Українська  мова (за професійним спрямуванням)	31	169	183	f	53	\N
2754	2	PRACTICAL	Українська  мова (за професійним спрямуванням)	28	169	183	f	53	\N
2755	2	LECTURE	Аналітична геометрія	33	24	44	t	53	\N
2756	2	LECTURE	Аналітична геометрія	31	24	44	t	53	\N
2757	2	LECTURE	Аналітична геометрія	28	24	44	t	53	\N
2788	1	LECTURE	Пакети прикладних програм	86	174	63	t	53	\N
2789	1	LECTURE	Пакети прикладних програм	30	174	63	t	53	\N
2790	1	LECTURE	Пакети прикладних програм	29	174	63	t	53	\N
2791	1	LECTURE	Пакети прикладних програм	5	174	63	t	53	\N
2792	1	LECTURE	Пакети прикладних програм	85	174	63	t	53	\N
2793	1	LECTURE	Пакети прикладних програм	32	174	63	t	53	\N
2794	1	LECTURE	Пакети прикладних програм	28	174	63	t	53	\N
2795	2	LABORATORY	Пакети прикладних програм	28	174	63	f	53	\N
1213	2	LECTURE	Актуарна математика	50	219	38	f	12	https://zoom.us
1335	2	LECTURE	ППЗН	61	250	43	f	12	https://zoom.us
2383	2	LECTURE	Математична логіка	72	86	25	t	47	https://zoom.us
2041	2	PRACTICAL	Психологія (загальна, вікова, педагогічна)	57	52	76	t	47	https://zoom.us
2048	2	LECTURE	Об'єктно-орієнтоване програмування	55	46	32	t	47	https://zoom.us
2049	2	LECTURE	Об'єктно-орієнтоване програмування	71	46	32	t	47	https://zoom.us
2058	1	LECTURE	Основи інформаційних технологій	56	53	69	t	47	https://zoom.us
2326	2	LABORATORY	Системи та методи прийняття рішень	68	69	40	f	47	https://zoom.us
2352	2	LABORATORY	Теорія керування	46	72	38	t	47	https://zoom.us
2353	2	LABORATORY	Теорія керування	49	72	38	t	47	https://zoom.us
2354	2	LABORATORY	Теорія керування	50	72	38	t	47	https://zoom.us
2355	2	LABORATORY	Теорія керування	68	72	38	t	47	https://zoom.us
2386	1	PRACTICAL	Математична логіка	72	86	25	t	47	https://zoom.us
2387	1	PRACTICAL	Математична логіка	73	86	25	t	47	https://zoom.us
2388	1	PRACTICAL	Математична логіка	71	86	25	t	47	https://zoom.us
2389	2	LECTURE	Історія математики	72	267	83	t	47	https://zoom.us
2390	2	LECTURE	Історія математики	73	267	83	t	47	https://zoom.us
2391	2	LECTURE	Історія математики	71	267	83	t	47	https://zoom.us
2392	1	LECTURE	Методи обчислень	72	83	30	t	47	https://zoom.us
2393	1	LECTURE	Методи обчислень	73	83	30	t	47	https://zoom.us
2394	1	LECTURE	Методи обчислень	71	83	30	t	47	https://zoom.us
2395	1	PRACTICAL	Методи обчислень	72	83	30	t	47	https://zoom.us
2396	1	PRACTICAL	Методи обчислень	73	83	30	t	47	https://zoom.us
2397	1	PRACTICAL	Методи обчислень	71	83	30	t	47	https://zoom.us
2409	2	LECTURE	Стереометрія в задачах	73	269	46	t	47	https://zoom.us
2410	2	LECTURE	Стереометрія в задачах	62	269	46	t	47	https://zoom.us
2414	1	PRACTICAL	Мат.статистика з елементами теорії випадкових процесів	71	89	26	f	47	https://zoom.us
2366	2	LABORATORY	Технології програмування мовою Python	68	77	19	f	47	https://zoom.us
2453	1	LECTURE	Технології розробки розподілених баз даних	60	115	70	f	47	https://zoom.us
2475	1	LECTURE	Системи машинного навчання	60	237	64	t	47	https://zoom.us
1911	3	PRACTICAL	Математичний аналіз1	28	16	105	f	47	https://zoom.us
1912	2	LABORATORY	Програмування	28	15	32	f	47	https://zoom.us
1915	3	PRACTICAL	Лінійна алгебра	28	22	47	f	47	https://zoom.us
1916	1	PRACTICAL	Програмування	28	15	32	f	47	https://zoom.us
1917	2	PRACTICAL	Англійська мова	28	132	161	f	47	https://zoom.us
1922	1	LECTURE	Актуальні питання історії та культури України	33	257	51	f	47	https://zoom.us
1923	1	LECTURE	Актуальні питання історії та культури України	31	257	51	f	47	https://zoom.us
2100	2	LABORATORY	Програмування мовою Python	53	48	36	f	47	https://zoom.us
2101	2	LABORATORY	Програмування мовою Python	56	48	36	f	47	https://zoom.us
2102	2	LABORATORY	Програмування мовою Python	72	48	36	f	47	https://zoom.us
2103	2	LABORATORY	Програмування мовою Python	73	48	36	f	47	https://zoom.us
2104	2	LABORATORY	Програмування мовою Python	71	48	36	f	47	https://zoom.us
2109	2	PRACTICAL	Диференціальні рівняння.	55	261	77	t	47	https://zoom.us
2110	2	PRACTICAL	Диференціальні рівняння.	56	261	77	t	47	https://zoom.us
1924	1	PRACTICAL	Актуальні питання історії та культури України	33	257	51	f	47	https://zoom.us
1925	1	PRACTICAL	Актуальні питання історії та культури України	31	257	51	f	47	https://zoom.us
1926	1	PRACTICAL	Актуальні питання історії та культури України	28	257	51	f	47	https://zoom.us
1927	3	LECTURE	Диференціальні рівняння	51	45	69	t	47	https://zoom.us
1928	3	LECTURE	Диференціальні рівняння	52	45	69	t	47	https://zoom.us
1929	3	LECTURE	Диференціальні рівняння	84	45	69	t	47	https://zoom.us
2112	1	LECTURE	Бази даниих та інформаційні системи	36	26	34	t	47	https://zoom.us
2113	1	LECTURE	Бази даниих та інформаційні системи	37	26	34	t	47	https://zoom.us
2114	1	LECTURE	Бази даниих та інформаційні системи	38	26	34	t	47	https://zoom.us
2115	1	LECTURE	Бази даниих та інформаційні системи	39	26	34	t	47	https://zoom.us
2125	2	PRACTICAL	Професійна іноземна мова	36	28	149	t	47	https://zoom.us
2126	2	PRACTICAL	Професійна іноземна мова	41	28	149	t	47	https://zoom.us
2127	1	LECTURE	Теорія програмування	36	31	61	t	47	https://zoom.us
2128	1	LECTURE	Теорія програмування	37	31	61	t	47	https://zoom.us
2129	1	LECTURE	Теорія програмування	38	31	61	t	47	https://zoom.us
2130	1	LECTURE	Теорія програмування	39	31	61	t	47	https://zoom.us
2132	2	LABORATORY	Теорія програмування	37	31	61	f	47	https://zoom.us
2133	2	LECTURE	Теорія ймовірностей та математична статистика	36	30	40	t	47	https://zoom.us
2134	2	LECTURE	Теорія ймовірностей та математична статистика	37	30	40	t	47	https://zoom.us
2135	2	LECTURE	Теорія ймовірностей та математична статистика	38	30	40	t	47	https://zoom.us
2136	2	LECTURE	Теорія ймовірностей та математична статистика	40	30	40	t	47	https://zoom.us
2137	2	LECTURE	Теорія ймовірностей та математична статистика	41	30	40	t	47	https://zoom.us
2138	2	LECTURE	Теорія ймовірностей та математична статистика	49	30	40	t	47	https://zoom.us
2139	3	PRACTICAL	Теорія ймовірностей та математична статистика	36	30	40	t	47	https://zoom.us
2140	3	PRACTICAL	Теорія ймовірностей та математична статистика	37	30	40	t	47	https://zoom.us
2141	3	PRACTICAL	Теорія ймовірностей та математична статистика	38	30	35	t	47	https://zoom.us
2142	3	PRACTICAL	Теорія ймовірностей та математична статистика	40	30	35	t	47	https://zoom.us
2143	3	PRACTICAL	Теорія ймовірностей та математична статистика	41	30	35	t	47	https://zoom.us
2144	3	PRACTICAL	Теорія ймовірностей та математична статистика	49	30	35	t	47	https://zoom.us
2150	2	LABORATORY	Моделювання жорстких систем	37	33	63	f	47	https://zoom.us
2151	2	LABORATORY	Моделювання жорстких систем	38	33	63	f	47	https://zoom.us
2159	2	LABORATORY	Технології програмування на Java	36	32	146	f	47	https://zoom.us
2174	2	LECTURE	Ств.веб-додатків з вик.фреймворку Django мови Python	36	262	36	t	47	https://zoom.us
2175	2	LECTURE	Ств.веб-додатків з вик.фреймворку Django мови Python	37	262	36	t	47	https://zoom.us
2176	2	LECTURE	Ств.веб-додатків з вик.фреймворку Django мови Python	38	262	36	t	47	https://zoom.us
2177	2	LECTURE	Ств.веб-додатків з вик.фреймворку Django мови Python	39	262	36	t	47	https://zoom.us
2184	2	LABORATORY	Бази даниих та інформаційні системи	38	26	63	t	47	https://zoom.us
2185	2	LABORATORY	Бази даниих та інформаційні системи	39	26	63	t	47	https://zoom.us
2186	2	LABORATORY	Операційні системи	38	27	42	t	47	https://zoom.us
2187	2	LABORATORY	Операційні системи	39	27	42	t	47	https://zoom.us
2116	2	LABORATORY	Бази даниих та інформаційні системи	36	26	34	f	47	https://zoom.us
1805	2	LECTURE	Математичний аналіз	26	55	22	t	47	https://zoom.us
2520	2	LECTURE	Диференц.моделі соціальних та природничих процесів	61	128	69	f	47	https://zoom.us
2525	2	LECTURE	Науковий семінар	63	94	35	t	47	https://zoom.us
2526	2	LECTURE	Науковий семінар	65	94	35	t	47	https://zoom.us
1931	2	PRACTICAL	Диференціальні рівняння	52	45	69	t	47	https://zoom.us
2124	2	LABORATORY	Операційні системи	37	27	107	f	47	https://zoom.us
\.


--
-- Data for Name: periods; Type: TABLE DATA; Schema: public; Owner: -
--

COPY public.periods (id, end_time, name, start_time) FROM stdin;
8	17:30:00	6	16:10:00
1	09:40:00	1	08:20:00
2	11:10:00	2	09:50:00
3	12:50:00	3	11:30:00
4	14:20:00	4	13:00:00
7	16:00:00	5	14:40:00
\.


--
-- Data for Name: room_types; Type: TABLE DATA; Schema: public; Owner: -
--

COPY public.room_types (id, description) FROM stdin;
3	Lecture
4	Presentation
1	Laboratory
2	Practice
25	Лекційна
26	практична
27	лабораторія
6	кафедра ПМіІТ
7	кафедра диф.рівнянь
8	кафедра мат.моделювання
9	кафедра алгебри та інформатики
\.


--
-- Data for Name: rooms; Type: TABLE DATA; Schema: public; Owner: -
--

COPY public.rooms (id, disable, name, room_type_id) FROM stdin;
5	t	V-2	2
8	t	V-3	1
6	t	III-111	4
9	t	iv-123	2
1	t	iii - 101	3
2	t	V-33	2
10	t	II-10	4
15	t	x-12	3
16	t	xi-2	3
19	t	ix-107	2
14	t	x-11	2
3	t	iV-3	1
17	t	ix-101	4
21	t	iV-31	3
28	t	ONLINE	1
54	f	1 к. 3 ауд.	25
50	f	1 к. 7 ауд.	25
51	f	1 к.  11 ауд.	26
52	f	1 к. 15 ауд.	27
53	f	1 к. 18 ауд.	25
55	f	1 к. 19 ауд.	27
56	f	1 к. 21 ауд.	27
57	f	1 к. 23 ауд.	25
58	f	1 к. 24 ауд.	25
59	f	1 к. 22 ауд.	25
60	f	1 к. 27 ауд.	27
61	f	1 к. 28 ауд.	25
62	f	1 к. 29 ауд.	26
63	f	1 к. 31 ауд.	27
64	f	1 к. 32 ауд.	27
65	f	1 к. 33 ауд.	25
66	f	1 к. 37 ауд.	25
67	f	1 к. 38 ауд.	25
68	f	1 к. 39 ауд.	25
74	f	1 к. 40 ауд.	25
71	f	11 корпус 7 ауд.	25
72	f	Фіз.факультет	26
73	f	Пара проводиться онлайн	25
107	f	1 К. 44 АУД.	27
109	f	6 корпус 22 ауд.	25
110	f	1 к. 26 ауд.	6
108	f	1 К. 36 АУД.	7
111	f	1 к. 17 ауд.	8
112	f	14 корпус 1-А	25
113	f	14 корпус 54 ауд.	25
114	f	14 корпус 60 ауд.	25
115	f	6 корпус 26 ауд.	25
116	f	17 кропус 201 ауд.	25
117	f	4 корпус 54 ауд.	25
118	f	1 корпус 13 ауд.	9
\.


--
-- Data for Name: schedules; Type: TABLE DATA; Schema: public; Owner: -
--

COPY public.schedules (id, day_of_week, evenodd, lesson_id, period_id, room_id) FROM stdin;
1536	THURSDAY	ODD	94	1	58
1865	MONDAY	ODD	751	2	68
1867	MONDAY	ODD	744	3	68
1868	MONDAY	EVEN	744	3	68
1869	TUESDAY	ODD	754	1	51
2283	TUESDAY	ODD	896	3	65
164	MONDAY	EVEN	275	2	53
165	MONDAY	ODD	210	3	53
166	MONDAY	EVEN	210	3	53
167	MONDAY	ODD	227	4	53
168	MONDAY	EVEN	278	4	57
169	TUESDAY	ODD	263	1	68
170	TUESDAY	EVEN	263	1	68
171	TUESDAY	ODD	259	2	65
172	TUESDAY	EVEN	259	2	65
173	TUESDAY	ODD	230	3	58
174	TUESDAY	EVEN	230	3	58
177	WEDNESDAY	ODD	278	2	61
178	WEDNESDAY	EVEN	278	2	61
179	WEDNESDAY	ODD	231	3	61
180	WEDNESDAY	EVEN	235	3	61
181	THURSDAY	ODD	281	4	55
182	THURSDAY	EVEN	281	4	55
183	THURSDAY	ODD	229	3	55
3	MONDAY	EVEN	2	1	2
4	MONDAY	ODD	38	1	2
5	MONDAY	EVEN	38	1	6
6	MONDAY	ODD	38	2	3
7	MONDAY	EVEN	39	2	3
8	MONDAY	EVEN	40	4	5
10	MONDAY	EVEN	13	4	2
11	TUESDAY	EVEN	14	2	1
12	TUESDAY	ODD	14	4	3
13	WEDNESDAY	EVEN	15	2	6
14	WEDNESDAY	EVEN	16	4	6
15	THURSDAY	ODD	16	2	1
16	THURSDAY	EVEN	16	3	5
17	MONDAY	EVEN	17	2	6
18	MONDAY	EVEN	17	3	5
19	TUESDAY	ODD	17	2	1
20	TUESDAY	EVEN	18	4	3
21	WEDNESDAY	ODD	19	4	1
22	THURSDAY	EVEN	18	1	3
23	THURSDAY	ODD	18	4	5
24	FRIDAY	EVEN	19	1	3
25	FRIDAY	EVEN	20	3	5
26	SATURDAY	EVEN	20	1	5
27	SATURDAY	ODD	20	4	3
28	SUNDAY	ODD	21	3	2
29	SUNDAY	ODD	22	4	2
30	SUNDAY	EVEN	23	3	1
31	SUNDAY	ODD	23	2	6
32	SUNDAY	ODD	23	1	1
33	WEDNESDAY	ODD	23	2	2
37	MONDAY	ODD	26	3	1
38	MONDAY	ODD	26	4	6
39	MONDAY	ODD	27	1	3
40	MONDAY	EVEN	27	1	1
42	TUESDAY	EVEN	27	1	1
43	TUESDAY	ODD	27	3	2
44	TUESDAY	ODD	28	4	1
45	WEDNESDAY	EVEN	28	1	2
46	WEDNESDAY	EVEN	29	3	5
47	THURSDAY	ODD	29	2	2
48	THURSDAY	ODD	29	4	1
49	FRIDAY	EVEN	30	2	5
50	MONDAY	EVEN	31	2	2
51	WEDNESDAY	ODD	31	1	2
52	WEDNESDAY	ODD	31	3	5
53	THURSDAY	ODD	32	1	5
54	THURSDAY	ODD	33	3	6
55	MONDAY	ODD	5	3	3
56	TUESDAY	ODD	6	1	6
57	TUESDAY	ODD	7	4	2
58	WEDNESDAY	ODD	7	1	1
59	WEDNESDAY	EVEN	8	3	6
60	WEDNESDAY	EVEN	9	4	1
61	THURSDAY	EVEN	9	2	3
62	FRIDAY	ODD	10	1	6
63	FRIDAY	ODD	11	4	6
64	SATURDAY	EVEN	11	2	1
65	SATURDAY	EVEN	11	4	1
66	SUNDAY	ODD	11	3	6
67	MONDAY	EVEN	34	3	2
69	TUESDAY	EVEN	36	4	1
70	WEDNESDAY	EVEN	36	1	1
71	WEDNESDAY	EVEN	37	3	2
72	THURSDAY	ODD	37	2	3
73	THURSDAY	EVEN	37	4	1
74	FRIDAY	EVEN	37	1	1
76	MONDAY	ODD	42	1	3
79	MONDAY	ODD	46	3	2
80	MONDAY	EVEN	45	2	6
81	MONDAY	EVEN	47	2	6
84	WEDNESDAY	EVEN	51	1	3
85	WEDNESDAY	EVEN	48	3	6
86	WEDNESDAY	EVEN	50	1	2
87	WEDNESDAY	EVEN	52	1	2
88	WEDNESDAY	ODD	41	2	1
89	WEDNESDAY	EVEN	52	2	1
90	MONDAY	EVEN	51	1	3
92	MONDAY	ODD	50	3	5
93	MONDAY	EVEN	42	1	2
95	WEDNESDAY	ODD	56	1	3
100	MONDAY	EVEN	12	3	9
101	TUESDAY	ODD	57	1	2
102	TUESDAY	EVEN	57	1	2
103	MONDAY	ODD	53	4	15
184	THURSDAY	EVEN	229	3	55
185	THURSDAY	ODD	249	2	55
186	THURSDAY	EVEN	249	2	55
187	THURSDAY	ODD	269	1	55
188	THURSDAY	EVEN	269	1	55
190	MONDAY	ODD	276	2	53
192	MONDAY	ODD	211	3	53
193	MONDAY	EVEN	211	3	53
195	MONDAY	EVEN	279	4	57
196	TUESDAY	ODD	260	2	65
197	TUESDAY	EVEN	260	2	65
206	THURSDAY	ODD	282	3	60
207	THURSDAY	EVEN	282	3	60
104	MONDAY	EVEN	58	2	28
105	TUESDAY	EVEN	58	2	28
106	FRIDAY	EVEN	58	2	28
108	MONDAY	ODD	57	3	9
110	TUESDAY	ODD	54	1	3
111	MONDAY	ODD	26	2	3
112	MONDAY	EVEN	25	3	3
121	MONDAY	EVEN	49	4	10
122	TUESDAY	EVEN	59	1	16
124	TUESDAY	EVEN	59	2	15
125	WEDNESDAY	ODD	58	3	8
126	MONDAY	ODD	58	4	16
128	MONDAY	EVEN	1	2	28
129	MONDAY	ODD	48	2	1
130	FRIDAY	EVEN	43	2	9
131	TUESDAY	EVEN	24	3	5
132	FRIDAY	EVEN	41	4	28
133	MONDAY	ODD	49	2	1
134	MONDAY	ODD	27	3	10
137	MONDAY	ODD	68	1	28
5150	FRIDAY	ODD	2084	2	65
139	MONDAY	ODD	64	1	21
140	MONDAY	ODD	70	4	9
141	MONDAY	ODD	70	7	10
142	MONDAY	EVEN	70	7	1
143	WEDNESDAY	ODD	70	4	9
144	THURSDAY	EVEN	70	1	9
1537	THURSDAY	EVEN	94	1	58
1866	MONDAY	EVEN	751	2	68
1871	TUESDAY	ODD	747	2	68
1873	TUESDAY	ODD	749	3	68
1874	TUESDAY	EVEN	749	3	68
1875	TUESDAY	ODD	755	4	68
3212	WEDNESDAY	ODD	753	4	68
1544	FRIDAY	ODD	75	3	68
1543	FRIDAY	ODD	109	3	68
1878	WEDNESDAY	ODD	748	3	68
162	MONDAY	EVEN	228	1	65
163	MONDAY	ODD	275	2	53
189	MONDAY	EVEN	218	1	65
191	MONDAY	EVEN	276	2	53
200	TUESDAY	ODD	264	1	68
201	TUESDAY	EVEN	264	1	68
202	WEDNESDAY	ODD	236	3	61
203	WEDNESDAY	EVEN	232	3	61
204	WEDNESDAY	ODD	279	2	61
205	WEDNESDAY	EVEN	279	2	61
208	THURSDAY	ODD	221	4	60
209	THURSDAY	EVEN	221	4	60
210	THURSDAY	ODD	250	1	60
211	THURSDAY	EVEN	250	1	60
212	THURSDAY	ODD	270	2	60
213	THURSDAY	EVEN	270	2	60
215	MONDAY	ODD	277	2	53
216	MONDAY	EVEN	277	2	53
3217	WEDNESDAY	EVEN	786	3	65
3220	THURSDAY	ODD	836	1	59
217	MONDAY	EVEN	219	1	65
219	MONDAY	EVEN	286	4	53
220	TUESDAY	ODD	265	1	68
221	TUESDAY	EVEN	265	1	68
224	WEDNESDAY	ODD	233	3	61
225	WEDNESDAY	EVEN	237	3	61
1879	WEDNESDAY	EVEN	748	3	68
1882	THURSDAY	ODD	752	2	74
1889	FRIDAY	ODD	745	2	68
230	THURSDAY	EVEN	283	3	60
231	THURSDAY	ODD	283	3	60
232	THURSDAY	ODD	222	4	60
233	THURSDAY	EVEN	222	4	60
234	THURSDAY	ODD	271	2	60
235	THURSDAY	EVEN	271	2	60
236	THURSDAY	ODD	251	1	60
237	THURSDAY	EVEN	251	1	60
1891	FRIDAY	ODD	750	3	55
241	WEDNESDAY	ODD	287	4	55
242	WEDNESDAY	EVEN	287	4	55
238	FRIDAY	EVEN	288	3	68
291	TUESDAY	ODD	274	2	60
243	MONDAY	EVEN	212	3	53
244	MONDAY	ODD	212	3	53
245	MONDAY	ODD	213	4	53
246	MONDAY	EVEN	216	1	65
248	TUESDAY	ODD	266	1	68
249	TUESDAY	EVEN	266	1	68
252	WEDNESDAY	ODD	234	3	61
253	WEDNESDAY	EVEN	238	3	61
256	THURSDAY	ODD	272	1	55
257	THURSDAY	EVEN	272	1	55
258	THURSDAY	ODD	252	2	55
259	THURSDAY	EVEN	252	2	55
260	THURSDAY	ODD	223	3	55
261	THURSDAY	EVEN	223	3	55
262	MONDAY	ODD	273	1	55
263	MONDAY	EVEN	273	1	55
268	MONDAY	ODD	280	4	57
292	TUESDAY	EVEN	274	2	60
198	TUESDAY	ODD	225	3	61
269	TUESDAY	ODD	267	1	68
270	TUESDAY	EVEN	267	1	68
271	TUESDAY	ODD	262	2	65
272	TUESDAY	EVEN	262	2	65
277	WEDNESDAY	ODD	304	1	54
278	WEDNESDAY	ODD	312	2	54
279	WEDNESDAY	EVEN	312	2	54
280	WEDNESDAY	ODD	308	3	54
281	WEDNESDAY	EVEN	308	3	54
283	WEDNESDAY	EVEN	280	4	61
282	WEDNESDAY	ODD	280	4	61
284	THURSDAY	ODD	313	1	63
285	THURSDAY	EVEN	313	1	63
286	THURSDAY	ODD	309	2	63
287	THURSDAY	EVEN	309	2	63
288	WEDNESDAY	EVEN	304	1	54
289	TUESDAY	ODD	268	1	68
290	TUESDAY	EVEN	268	1	68
222	TUESDAY	ODD	226	3	61
199	TUESDAY	EVEN	225	3	61
223	TUESDAY	EVEN	226	3	61
273	TUESDAY	ODD	318	3	57
274	TUESDAY	EVEN	318	3	57
293	TUESDAY	ODD	322	3	57
295	WEDNESDAY	ODD	306	1	54
296	WEDNESDAY	EVEN	306	1	54
297	WEDNESDAY	ODD	314	2	54
300	WEDNESDAY	EVEN	310	3	54
303	THURSDAY	ODD	315	3	56
1538	THURSDAY	ODD	93	1	58
1870	TUESDAY	EVEN	754	1	51
1539	THURSDAY	EVEN	93	1	58
294	TUESDAY	EVEN	322	3	57
1550	WEDNESDAY	ODD	736	4	64
5154	MONDAY	ODD	2065	3	53
2284	TUESDAY	EVEN	896	3	65
1558	FRIDAY	EVEN	365	2	68
2286	TUESDAY	EVEN	938	2	53
2288	TUESDAY	EVEN	945	1	65
3213	WEDNESDAY	EVEN	753	4	68
2291	MONDAY	EVEN	939	3	59
2292	MONDAY	ODD	912	4	65
3214	WEDNESDAY	ODD	785	4	68
2303	TUESDAY	ODD	951	2	53
2304	TUESDAY	EVEN	951	2	53
2305	TUESDAY	ODD	956	3	54
2310	WEDNESDAY	EVEN	950	3	59
2311	WEDNESDAY	ODD	948	3	59
2312	WEDNESDAY	ODD	927	7	72
2324	FRIDAY	ODD	907	4	68
2326	FRIDAY	ODD	908	4	68
2328	FRIDAY	ODD	973	1	53
2332	WEDNESDAY	ODD	928	7	72
2333	WEDNESDAY	EVEN	928	7	72
2335	MONDAY	EVEN	914	2	53
2339	MONDAY	EVEN	977	4	53
3215	WEDNESDAY	EVEN	785	4	68
2356	TUESDAY	ODD	970	3	54
2357	FRIDAY	ODD	975	1	53
2361	FRIDAY	ODD	980	3	66
2362	FRIDAY	EVEN	980	3	66
2368	MONDAY	EVEN	915	2	53
2369	MONDAY	ODD	978	3	53
2370	MONDAY	EVEN	978	3	53
2372	MONDAY	EVEN	979	4	53
2374	TUESDAY	EVEN	981	1	66
2375	TUESDAY	ODD	974	2	66
3216	WEDNESDAY	ODD	786	3	65
2403	WEDNESDAY	EVEN	969	2	59
2411	MONDAY	ODD	985	2	63
2413	MONDAY	ODD	990	3	63
2420	TUESDAY	EVEN	988	3	66
2422	WEDNESDAY	EVEN	996	3	52
2424	WEDNESDAY	EVEN	994	4	63
2439	MONDAY	ODD	1003	4	63
2441	MONDAY	ODD	1026	7	56
2442	MONDAY	EVEN	1026	7	56
2457	THURSDAY	EVEN	1041	3	68
2461	FRIDAY	EVEN	1009	1	68
2463	FRIDAY	EVEN	1031	2	68
3218	WEDNESDAY	ODD	787	3	65
3224	THURSDAY	ODD	849	1	59
2467	FRIDAY	EVEN	1032	2	68
2468	WEDNESDAY	ODD	1037	2	60
2472	TUESDAY	ODD	1052	4	52
2473	TUESDAY	EVEN	1052	4	52
2474	TUESDAY	ODD	1020	3	66
2475	TUESDAY	EVEN	1020	3	66
2476	TUESDAY	ODD	1006	2	60
2478	MONDAY	ODD	1048	3	52
2481	MONDAY	EVEN	1027	7	56
2482	MONDAY	ODD	1050	4	56
2486	THURSDAY	ODD	1000	2	65
2487	THURSDAY	ODD	1022	3	68
2488	THURSDAY	EVEN	1046	4	68
2489	FRIDAY	ODD	1010	1	68
2490	FRIDAY	EVEN	1010	1	68
2495	FRIDAY	ODD	931	7	68
2496	FRIDAY	EVEN	931	7	68
2500	MONDAY	EVEN	1007	2	63
2502	MONDAY	EVEN	1028	3	63
2506	TUESDAY	EVEN	1038	2	56
2509	WEDNESDAY	ODD	1053	3	62
2510	WEDNESDAY	EVEN	1053	3	62
2511	WEDNESDAY	ODD	1044	4	63
2512	WEDNESDAY	EVEN	1044	4	63
2515	THURSDAY	ODD	1001	2	65
2516	THURSDAY	EVEN	997	2	65
2517	THURSDAY	EVEN	1042	3	68
2518	FRIDAY	ODD	1011	1	68
2519	FRIDAY	EVEN	1011	1	68
2520	THURSDAY	ODD	1023	3	68
2521	FRIDAY	ODD	1033	2	68
2523	FRIDAY	ODD	1034	2	68
2524	FRIDAY	EVEN	1034	2	68
3228	THURSDAY	ODD	853	1	59
2528	MONDAY	ODD	1063	3	53
2536	WEDNESDAY	EVEN	1055	2	65
2537	WEDNESDAY	ODD	1061	3	68
2538	WEDNESDAY	EVEN	1061	3	68
2542	FRIDAY	EVEN	1012	1	68
2550	MONDAY	ODD	1073	3	53
2570	FRIDAY	ODD	1035	2	68
2571	FRIDAY	EVEN	1035	2	68
2579	TUESDAY	EVEN	1076	1	67
2581	TUESDAY	EVEN	1008	2	60
2582	TUESDAY	ODD	1079	3	53
2583	TUESDAY	EVEN	1079	3	53
2584	TUESDAY	ODD	1080	4	53
2585	TUESDAY	EVEN	1080	4	53
2586	WEDNESDAY	ODD	1077	1	59
2587	WEDNESDAY	EVEN	1077	1	59
2588	WEDNESDAY	ODD	1078	2	59
2306	WEDNESDAY	ODD	957	1	56
2344	WEDNESDAY	ODD	971	1	56
2314	THURSDAY	ODD	947	1	65
2315	THURSDAY	EVEN	947	1	65
2355	THURSDAY	ODD	965	4	60
298	WEDNESDAY	EVEN	314	2	54
299	WEDNESDAY	ODD	310	3	54
1551	WEDNESDAY	EVEN	736	4	64
1553	FRIDAY	EVEN	333	2	68
1554	FRIDAY	ODD	341	2	68
1555	FRIDAY	EVEN	363	2	68
1556	FRIDAY	EVEN	364	2	68
1561	MONDAY	ODD	324	3	56
1563	THURSDAY	ODD	431	4	54
1872	TUESDAY	EVEN	747	2	68
1565	MONDAY	ODD	431	1	54
1568	MONDAY	EVEN	431	1	54
3219	WEDNESDAY	EVEN	787	3	65
1574	MONDAY	ODD	442	3	54
1576	WEDNESDAY	ODD	460	4	52
1896	MONDAY	EVEN	762	3	68
1897	TUESDAY	ODD	803	1	58
1904	TUESDAY	ODD	793	4	68
3221	THURSDAY	EVEN	836	1	59
3222	THURSDAY	ODD	790	2	59
3223	THURSDAY	EVEN	790	2	59
3225	THURSDAY	EVEN	849	1	59
1924	MONDAY	ODD	763	3	68
1925	MONDAY	EVEN	763	3	68
1927	TUESDAY	EVEN	804	1	61
1928	TUESDAY	ODD	768	2	68
1930	TUESDAY	ODD	774	3	68
1932	TUESDAY	ODD	794	4	68
3226	THURSDAY	ODD	791	2	59
1956	MONDAY	ODD	764	3	68
1957	MONDAY	EVEN	764	3	68
1962	TUESDAY	ODD	775	3	68
1978	MONDAY	ODD	782	2	68
1986	TUESDAY	ODD	818	3	68
1987	TUESDAY	EVEN	818	3	68
2008	MONDAY	ODD	766	3	68
2009	MONDAY	EVEN	766	3	68
2015	TUESDAY	ODD	823	2	68
2016	TUESDAY	EVEN	823	2	68
1940	THURSDAY	EVEN	800	1	52
2338	MONDAY	ODD	977	4	53
2340	TUESDAY	ODD	972	2	66
1888	FRIDAY	ODD	752	1	68
1890	FRIDAY	EVEN	745	2	68
1913	THURSDAY	ODD	784	2	74
1914	THURSDAY	EVEN	784	2	74
1921	FRIDAY	EVEN	802	3	56
1948	FRIDAY	ODD	759	3	65
2000	FRIDAY	ODD	819	1	60
1908	WEDNESDAY	EVEN	772	3	68
1952	FRIDAY	ODD	808	1	65
1974	FRIDAY	ODD	809	2	65
1975	FRIDAY	EVEN	809	2	65
1976	FRIDAY	ODD	760	3	65
1977	FRIDAY	EVEN	760	3	65
1996	THURSDAY	ODD	821	3	53
1997	THURSDAY	EVEN	820	3	53
2001	FRIDAY	EVEN	819	1	60
2351	THURSDAY	EVEN	962	1	65
2002	FRIDAY	ODD	814	2	53
2003	FRIDAY	EVEN	814	2	53
2004	FRIDAY	ODD	810	3	53
2028	FRIDAY	EVEN	811	3	53
2030	THURSDAY	EVEN	789	4	53
1971	THURSDAY	ODD	761	2	60
1972	THURSDAY	EVEN	761	2	60
2307	WEDNESDAY	EVEN	957	1	56
2309	WEDNESDAY	EVEN	949	2	59
2313	WEDNESDAY	EVEN	927	7	72
2336	MONDAY	ODD	976	3	53
2347	WEDNESDAY	EVEN	968	2	59
2348	WEDNESDAY	ODD	960	3	59
2359	FRIDAY	ODD	980	2	66
2360	FRIDAY	EVEN	980	2	66
2363	FRIDAY	ODD	909	4	68
2364	FRIDAY	EVEN	909	4	68
2367	MONDAY	ODD	915	2	53
2371	MONDAY	ODD	979	4	53
2404	WEDNESDAY	ODD	961	3	59
2405	WEDNESDAY	EVEN	967	3	59
2410	THURSDAY	EVEN	981	4	65
2412	MONDAY	EVEN	985	2	63
2416	TUESDAY	EVEN	983	1	52
2421	WEDNESDAY	ODD	996	3	52
2427	THURSDAY	ODD	984	2	65
2431	THURSDAY	EVEN	995	4	68
2432	FRIDAY	ODD	986	1	68
2433	FRIDAY	EVEN	986	1	68
2434	FRIDAY	ODD	991	2	68
2448	TUESDAY	EVEN	1019	3	66
2453	WEDNESDAY	EVEN	1043	3	63
2455	THURSDAY	EVEN	1004	2	65
2456	THURSDAY	ODD	1021	3	68
2458	MONDAY	ODD	1047	3	52
2459	THURSDAY	EVEN	1045	4	68
2466	FRIDAY	ODD	1032	2	68
2469	WEDNESDAY	EVEN	1037	2	60
2470	FRIDAY	ODD	1049	3	53
2471	FRIDAY	EVEN	1049	3	53
2477	TUESDAY	EVEN	1006	2	60
2479	MONDAY	EVEN	1048	3	52
2480	MONDAY	ODD	1027	7	56
2483	MONDAY	EVEN	1050	4	56
2491	FRIDAY	ODD	1051	7	68
2492	FRIDAY	EVEN	1051	7	68
2493	FRIDAY	ODD	888	7	68
2494	FRIDAY	EVEN	888	7	68
2497	FRIDAY	ODD	934	7	68
2498	FRIDAY	EVEN	934	7	68
2499	MONDAY	ODD	1007	2	63
2501	MONDAY	ODD	1028	3	63
2503	TUESDAY	ODD	998	1	52
2504	TUESDAY	EVEN	998	1	52
2505	TUESDAY	ODD	1038	2	56
2417	TUESDAY	ODD	992	2	56
2418	TUESDAY	EVEN	992	2	56
2507	WEDNESDAY	ODD	1054	2	62
2508	WEDNESDAY	EVEN	1054	2	62
2522	FRIDAY	EVEN	1033	2	68
2345	WEDNESDAY	EVEN	971	1	56
2352	THURSDAY	ODD	966	2	65
2406	THURSDAY	ODD	963	1	65
1552	FRIDAY	ODD	327	2	68
304	THURSDAY	EVEN	315	3	56
305	THURSDAY	ODD	311	4	56
306	THURSDAY	EVEN	311	4	56
307	THURSDAY	ODD	307	7	56
308	THURSDAY	EVEN	307	7	56
1570	MONDAY	ODD	454	1	54
1571	MONDAY	EVEN	454	1	54
1577	WEDNESDAY	EVEN	460	4	52
317	TUESDAY	ODD	334	3	55
318	TUESDAY	EVEN	334	3	55
1586	MONDAY	ODD	239	7	68
1587	MONDAY	ODD	242	7	68
1589	MONDAY	ODD	241	7	68
1590	MONDAY	ODD	246	7	68
1591	MONDAY	ODD	243	7	68
1592	MONDAY	ODD	539	8	68
1593	MONDAY	EVEN	539	8	68
1594	TUESDAY	ODD	541	4	58
1596	MONDAY	ODD	248	7	68
1597	MONDAY	ODD	530	8	68
331	THURSDAY	ODD	333	3	68
332	THURSDAY	EVEN	333	3	68
333	THURSDAY	ODD	331	4	68
334	THURSDAY	EVEN	331	4	68
335	THURSDAY	ODD	340	7	71
336	THURSDAY	EVEN	340	7	71
337	FRIDAY	ODD	336	1	68
338	FRIDAY	EVEN	336	1	68
3227	THURSDAY	EVEN	791	2	59
341	FRIDAY	ODD	338	3	68
342	FRIDAY	EVEN	294	3	68
343	FRIDAY	ODD	349	4	59
344	FRIDAY	EVEN	349	4	59
345	FRIDAY	EVEN	295	3	68
346	FRIDAY	ODD	369	3	68
1887	THURSDAY	EVEN	746	4	55
1884	THURSDAY	ODD	757	3	55
349	FRIDAY	ODD	378	1	68
350	FRIDAY	EVEN	378	1	68
351	THURSDAY	ODD	347	7	71
352	THURSDAY	EVEN	347	7	71
355	THURSDAY	ODD	363	3	68
356	THURSDAY	EVEN	363	3	68
357	THURSDAY	ODD	360	4	68
358	THURSDAY	EVEN	360	4	68
1602	MONDAY	ODD	245	7	68
1604	TUESDAY	ODD	261	4	64
1643	THURSDAY	ODD	81	3	68
1606	WEDNESDAY	ODD	303	4	67
1607	WEDNESDAY	EVEN	301	4	67
1608	WEDNESDAY	ODD	298	7	67
364	WEDNESDAY	ODD	345	2	52
365	WEDNESDAY	EVEN	345	2	52
1609	WEDNESDAY	EVEN	298	7	67
1611	THURSDAY	EVEN	594	3	66
1612	TUESDAY	ODD	728	4	73
370	TUESDAY	ODD	357	1	52
371	TUESDAY	EVEN	357	1	52
1613	THURSDAY	ODD	86	7	72
1620	THURSDAY	ODD	136	7	72
1628	THURSDAY	EVEN	139	7	72
1631	TUESDAY	ODD	76	2	61
1632	TUESDAY	EVEN	76	2	61
376	TUESDAY	ODD	352	2	67
377	TUESDAY	EVEN	352	2	67
378	TUESDAY	ODD	350	3	67
379	TUESDAY	EVEN	350	3	67
1633	TUESDAY	ODD	83	3	53
1638	MONDAY	EVEN	82	3	56
1640	FRIDAY	ODD	84	4	68
1641	FRIDAY	EVEN	84	4	68
1642	THURSDAY	EVEN	79	1	68
1644	THURSDAY	EVEN	81	3	68
1885	THURSDAY	EVEN	757	3	55
1650	TUESDAY	EVEN	146	3	53
1883	THURSDAY	EVEN	752	2	74
1654	MONDAY	EVEN	118	3	55
390	THURSDAY	ODD	342	2	53
391	THURSDAY	EVEN	342	2	53
392	THURSDAY	ODD	364	3	68
393	THURSDAY	EVEN	364	3	68
394	THURSDAY	ODD	361	4	68
395	THURSDAY	EVEN	361	4	68
396	THURSDAY	ODD	348	7	71
397	THURSDAY	EVEN	348	7	71
398	FRIDAY	ODD	344	1	68
399	FRIDAY	EVEN	344	1	68
401	FRIDAY	ODD	370	3	68
402	FRIDAY	EVEN	377	3	68
403	TUESDAY	ODD	353	2	57
404	TUESDAY	EVEN	353	2	57
1660	FRIDAY	ODD	142	4	68
1806	WEDNESDAY	ODD	74	3	68
407	TUESDAY	ODD	382	4	67
408	TUESDAY	EVEN	382	4	67
1808	WEDNESDAY	ODD	80	2	68
1809	WEDNESDAY	EVEN	80	2	68
1816	WEDNESDAY	ODD	127	2	68
1823	WEDNESDAY	EVEN	89	3	68
1834	TUESDAY	ODD	652	4	54
415	THURSDAY	ODD	381	2	53
416	THURSDAY	EVEN	381	2	53
417	THURSDAY	ODD	365	3	68
418	THURSDAY	EVEN	365	3	68
419	FRIDAY	ODD	367	4	52
420	FRIDAY	EVEN	367	4	52
1841	WEDNESDAY	ODD	645	4	68
1843	WEDNESDAY	ODD	645	7	68
1845	FRIDAY	EVEN	654	2	50
428	THURSDAY	ODD	362	4	68
429	THURSDAY	EVEN	362	4	68
430	FRIDAY	ODD	389	2	53
431	THURSDAY	ODD	397	3	65
432	THURSDAY	EVEN	397	3	65
1857	FRIDAY	EVEN	656	3	50
1859	WEDNESDAY	EVEN	648	4	68
1862	WEDNESDAY	EVEN	646	4	68
437	THURSDAY	EVEN	403	1	65
328	THURSDAY	EVEN	327	2	68
353	THURSDAY	ODD	341	2	68
354	THURSDAY	EVEN	341	2	68
368	TUESDAY	ODD	351	2	51
427	FRIDAY	EVEN	383	1	54
426	FRIDAY	ODD	383	1	54
1557	FRIDAY	ODD	384	2	54
442	FRIDAY	EVEN	389	2	53
1559	FRIDAY	ODD	386	4	53
444	FRIDAY	EVEN	389	3	53
446	FRIDAY	ODD	417	1	63
447	FRIDAY	EVEN	417	1	63
1560	FRIDAY	EVEN	323	4	54
1562	MONDAY	EVEN	324	3	56
451	WEDNESDAY	EVEN	400	7	65
452	WEDNESDAY	EVEN	411	4	65
456	TUESDAY	ODD	391	3	65
466	TUESDAY	ODD	394	4	65
467	TUESDAY	EVEN	394	4	65
468	TUESDAY	ODD	415	7	63
469	TUESDAY	EVEN	415	7	63
1569	MONDAY	ODD	428	3	54
1579	MONDAY	ODD	445	3	54
473	WEDNESDAY	EVEN	412	4	65
474	WEDNESDAY	ODD	399	7	65
1588	MONDAY	ODD	240	7	68
495	FRIDAY	ODD	385	2	53
459	TUESDAY	EVEN	420	4	60
454	TUESDAY	ODD	356	2	67
455	TUESDAY	EVEN	356	2	67
462	TUESDAY	ODD	355	2	64
463	TUESDAY	EVEN	355	2	64
1595	TUESDAY	EVEN	541	4	58
1598	MONDAY	EVEN	530	8	68
1599	MONDAY	ODD	247	7	68
1600	MONDAY	ODD	523	8	68
1601	MONDAY	EVEN	523	8	68
1603	MONDAY	ODD	244	7	68
1605	TUESDAY	EVEN	261	4	64
1610	THURSDAY	ODD	302	4	64
1614	THURSDAY	EVEN	86	7	72
1621	THURSDAY	EVEN	136	7	72
1622	THURSDAY	EVEN	140	7	72
1626	THURSDAY	EVEN	141	7	72
1634	TUESDAY	EVEN	83	3	53
1893	MONDAY	ODD	779	2	68
1637	MONDAY	ODD	82	3	56
1894	MONDAY	EVEN	779	2	68
1648	TUESDAY	EVEN	95	2	61
1895	MONDAY	ODD	762	3	68
1665	TUESDAY	ODD	131	2	61
1666	TUESDAY	EVEN	131	2	61
1667	TUESDAY	ODD	147	3	53
1670	MONDAY	EVEN	110	3	65
1898	TUESDAY	EVEN	803	1	58
1901	TUESDAY	ODD	767	2	68
1673	MONDAY	ODD	739	2	61
1674	MONDAY	ODD	740	2	61
1675	MONDAY	ODD	187	4	52
1807	WEDNESDAY	EVEN	74	3	68
1811	WEDNESDAY	EVEN	114	3	68
1814	WEDNESDAY	ODD	115	3	68
1818	WEDNESDAY	ODD	188	3	68
1821	WEDNESDAY	EVEN	186	2	68
1822	WEDNESDAY	ODD	89	3	68
1824	WEDNESDAY	ODD	128	2	68
1825	WEDNESDAY	EVEN	128	2	68
1828	WEDNESDAY	ODD	90	3	68
1829	WEDNESDAY	EVEN	90	3	68
1830	WEDNESDAY	ODD	358	2	63
1831	WEDNESDAY	EVEN	358	2	63
1833	WEDNESDAY	EVEN	375	3	63
1835	TUESDAY	EVEN	652	4	54
1837	TUESDAY	EVEN	652	7	54
1838	WEDNESDAY	ODD	650	2	50
1846	FRIDAY	ODD	654	3	50
1847	FRIDAY	EVEN	654	3	50
3229	THURSDAY	EVEN	853	1	59
1960	TUESDAY	ODD	769	2	68
1961	TUESDAY	EVEN	769	2	68
1963	TUESDAY	EVEN	775	3	68
3230	THURSDAY	ODD	792	2	59
3231	THURSDAY	EVEN	792	2	59
1979	MONDAY	EVEN	782	2	68
1980	MONDAY	ODD	765	3	68
1981	MONDAY	EVEN	765	3	68
1892	FRIDAY	EVEN	750	3	55
1918	FRIDAY	ODD	758	2	68
2407	THURSDAY	EVEN	963	1	65
2414	MONDAY	EVEN	990	3	63
2415	TUESDAY	ODD	983	1	52
2419	TUESDAY	ODD	988	3	66
2423	WEDNESDAY	ODD	994	4	63
2428	THURSDAY	EVEN	982	2	65
2429	THURSDAY	ODD	989	3	68
2430	THURSDAY	EVEN	993	3	68
2435	FRIDAY	EVEN	991	2	68
2438	MONDAY	EVEN	1047	3	52
2440	MONDAY	EVEN	1003	4	63
2445	TUESDAY	ODD	1005	2	60
2446	TUESDAY	EVEN	1005	2	60
2447	TUESDAY	ODD	1019	3	66
2449	WEDNESDAY	ODD	1036	2	60
2450	WEDNESDAY	EVEN	1036	2	60
2452	WEDNESDAY	ODD	1043	3	63
2454	THURSDAY	ODD	999	2	65
2460	FRIDAY	ODD	1009	1	68
2462	FRIDAY	ODD	1031	2	68
2529	MONDAY	EVEN	1063	3	53
2530	MONDAY	EVEN	1064	4	55
2535	WEDNESDAY	ODD	1055	2	65
2541	FRIDAY	ODD	1012	1	68
2545	MONDAY	ODD	1059	2	53
2549	MONDAY	EVEN	1073	3	53
2551	MONDAY	ODD	1074	4	60
2553	TUESDAY	ODD	1067	1	65
2554	TUESDAY	EVEN	1067	1	65
2557	TUESDAY	ODD	1068	3	60
2558	TUESDAY	EVEN	1068	3	60
2559	WEDNESDAY	ODD	1066	2	65
2560	WEDNESDAY	EVEN	1066	2	65
2561	WEDNESDAY	ODD	1071	3	68
2562	WEDNESDAY	EVEN	1071	3	68
2408	THURSDAY	ODD	967	2	65
2409	THURSDAY	EVEN	961	2	65
438	THURSDAY	ODD	403	1	65
439	THURSDAY	ODD	408	2	65
440	THURSDAY	EVEN	408	2	65
441	THURSDAY	ODD	416	4	65
445	FRIDAY	ODD	389	3	53
450	WEDNESDAY	ODD	400	7	65
453	WEDNESDAY	ODD	411	4	65
457	TUESDAY	EVEN	391	3	65
464	TUESDAY	ODD	390	3	65
465	TUESDAY	EVEN	390	3	65
472	WEDNESDAY	ODD	412	4	65
475	WEDNESDAY	EVEN	399	7	65
1615	THURSDAY	ODD	134	7	72
478	THURSDAY	ODD	402	1	65
479	THURSDAY	EVEN	402	1	65
480	THURSDAY	ODD	407	2	65
481	THURSDAY	EVEN	407	2	65
482	THURSDAY	ODD	414	4	65
483	THURSDAY	ODD	396	3	65
484	THURSDAY	EVEN	396	3	65
485	FRIDAY	ODD	413	1	53
486	FRIDAY	EVEN	413	1	53
487	THURSDAY	ODD	418	7	71
488	THURSDAY	EVEN	418	7	71
489	FRIDAY	ODD	388	2	53
490	FRIDAY	EVEN	388	2	53
491	FRIDAY	ODD	388	3	53
492	FRIDAY	EVEN	388	3	53
493	FRIDAY	EVEN	385	3	53
494	FRIDAY	ODD	385	3	53
496	FRIDAY	EVEN	385	2	53
497	FRIDAY	ODD	387	1	53
498	FRIDAY	EVEN	387	1	53
499	THURSDAY	ODD	395	3	65
500	THURSDAY	EVEN	395	3	65
501	THURSDAY	EVEN	405	2	65
502	THURSDAY	ODD	401	1	65
503	THURSDAY	EVEN	401	1	65
504	THURSDAY	ODD	405	2	65
1623	THURSDAY	ODD	137	7	72
506	WEDNESDAY	ODD	404	4	65
507	WEDNESDAY	EVEN	404	4	65
508	WEDNESDAY	ODD	398	7	65
509	WEDNESDAY	EVEN	398	7	65
1624	THURSDAY	EVEN	137	7	72
1625	THURSDAY	ODD	141	7	72
1627	THURSDAY	ODD	139	7	72
513	TUESDAY	ODD	393	4	65
514	TUESDAY	EVEN	393	4	65
515	TUESDAY	ODD	386	3	65
518	TUESDAY	EVEN	386	3	65
519	MONDAY	EVEN	220	1	65
1900	TUESDAY	EVEN	767	2	68
1629	THURSDAY	ODD	138	7	72
523	MONDAY	ODD	443	4	71
524	MONDAY	EVEN	443	4	71
525	MONDAY	ODD	443	7	71
1630	THURSDAY	EVEN	138	7	72
1646	MONDAY	EVEN	737	2	65
528	TUESDAY	ODD	448	2	54
529	TUESDAY	EVEN	448	2	54
1647	TUESDAY	ODD	95	2	61
1649	TUESDAY	ODD	146	3	53
1902	TUESDAY	ODD	773	3	68
1653	MONDAY	ODD	118	3	55
1655	MONDAY	EVEN	738	2	65
535	WEDNESDAY	EVEN	467	3	59
536	WEDNESDAY	ODD	467	3	59
1656	THURSDAY	ODD	122	3	68
1657	THURSDAY	EVEN	122	3	68
539	THURSDAY	ODD	467	1	54
540	THURSDAY	ODD	468	2	54
541	THURSDAY	EVEN	468	2	54
542	THURSDAY	EVEN	444	1	54
543	THURSDAY	ODD	458	3	55
544	THURSDAY	EVEN	458	3	55
1903	TUESDAY	EVEN	773	3	68
1678	MONDAY	EVEN	184	3	65
552	MONDAY	ODD	440	4	71
553	MONDAY	EVEN	440	4	71
554	MONDAY	ODD	440	7	71
1681	TUESDAY	ODD	190	3	53
1682	TUESDAY	EVEN	190	3	53
557	TUESDAY	ODD	446	2	54
558	TUESDAY	EVEN	446	2	54
1810	WEDNESDAY	ODD	114	3	68
1812	WEDNESDAY	ODD	126	2	68
1813	WEDNESDAY	EVEN	126	2	68
1815	WEDNESDAY	EVEN	115	3	68
563	WEDNESDAY	ODD	456	1	59
564	WEDNESDAY	EVEN	456	1	59
1817	WEDNESDAY	EVEN	127	2	68
1819	WEDNESDAY	EVEN	188	3	68
567	WEDNESDAY	ODD	452	3	59
568	WEDNESDAY	EVEN	452	3	59
1820	WEDNESDAY	ODD	186	2	68
1826	WEDNESDAY	ODD	129	2	68
571	THURSDAY	ODD	452	1	54
572	THURSDAY	ODD	453	2	54
573	THURSDAY	EVEN	453	2	54
574	THURSDAY	ODD	457	3	54
575	THURSDAY	EVEN	457	3	54
576	THURSDAY	EVEN	441	1	54
577	THURSDAY	ODD	454	4	54
579	THURSDAY	ODD	423	3	54
580	THURSDAY	EVEN	423	3	54
581	THURSDAY	EVEN	425	1	54
582	THURSDAY	ODD	436	2	54
583	THURSDAY	EVEN	436	2	54
584	THURSDAY	ODD	435	1	54
1827	WEDNESDAY	EVEN	129	2	68
1836	TUESDAY	ODD	652	7	54
1842	WEDNESDAY	EVEN	645	4	68
545	FRIDAY	EVEN	459	3	68
458	TUESDAY	ODD	420	4	60
461	TUESDAY	EVEN	419	7	67
520	MONDAY	ODD	449	2	54
1844	FRIDAY	ODD	654	2	50
548	MONDAY	ODD	447	2	54
1849	FRIDAY	EVEN	656	2	50
1853	WEDNESDAY	ODD	644	4	68
1854	WEDNESDAY	EVEN	644	4	68
516	TUESDAY	ODD	354	2	58
517	TUESDAY	EVEN	354	2	58
589	WEDNESDAY	ODD	435	3	59
593	TUESDAY	ODD	437	2	54
594	TUESDAY	EVEN	437	2	54
3232	TUESDAY	ODD	1360	3	57
3234	MONDAY	ODD	987	1	56
1616	THURSDAY	EVEN	134	7	72
1659	THURSDAY	EVEN	158	1	68
1661	FRIDAY	EVEN	142	4	68
1662	THURSDAY	EVEN	159	3	65
3236	MONDAY	ODD	1014	1	56
1668	TUESDAY	EVEN	147	3	53
1669	MONDAY	ODD	110	3	65
1677	MONDAY	ODD	184	3	65
1679	TUESDAY	ODD	183	2	61
1680	TUESDAY	EVEN	183	2	61
3241	MONDAY	EVEN	1016	1	56
1676	MONDAY	EVEN	187	4	52
1832	WEDNESDAY	ODD	375	3	63
1848	FRIDAY	ODD	656	2	50
1850	WEDNESDAY	EVEN	650	4	54
1851	WEDNESDAY	ODD	650	7	54
1852	WEDNESDAY	EVEN	650	7	54
1855	WEDNESDAY	ODD	644	7	68
1856	FRIDAY	ODD	656	3	50
1858	WEDNESDAY	ODD	648	4	68
1860	WEDNESDAY	ODD	648	7	68
1861	WEDNESDAY	ODD	646	4	68
1863	WEDNESDAY	ODD	646	7	68
3244	TUESDAY	ODD	1198	1	63
3248	TUESDAY	ODD	1197	1	63
3249	TUESDAY	EVEN	1197	1	63
3251	TUESDAY	EVEN	1123	3	63
3252	TUESDAY	ODD	1200	1	63
3253	TUESDAY	EVEN	1200	1	63
1917	FRIDAY	ODD	784	1	68
1920	FRIDAY	ODD	802	3	56
1907	WEDNESDAY	ODD	772	3	68
2574	MONDAY	ODD	1069	2	53
2577	MONDAY	EVEN	1029	7	56
2595	THURSDAY	EVEN	1084	4	56
2753	FRIDAY	EVEN	975	1	53
2755	MONDAY	ODD	1306	4	50
2758	THURSDAY	EVEN	1310	4	50
2764	MONDAY	EVEN	1278	1	52
2767	WEDNESDAY	ODD	1292	1	50
2768	WEDNESDAY	EVEN	1292	1	50
2769	WEDNESDAY	ODD	1294	2	50
2771	WEDNESDAY	ODD	1281	1	50
2773	WEDNESDAY	ODD	1283	2	50
2785	MONDAY	ODD	1056	4	52
2810	WEDNESDAY	ODD	816	2	53
2814	WEDNESDAY	ODD	824	2	53
2819	WEDNESDAY	EVEN	844	3	65
2820	WEDNESDAY	EVEN	864	3	65
2824	WEDNESDAY	ODD	796	2	52
2825	WEDNESDAY	EVEN	796	2	52
2832	WEDNESDAY	ODD	797	2	52
2838	WEDNESDAY	ODD	898	2	60
2839	WEDNESDAY	EVEN	898	2	60
2840	WEDNESDAY	ODD	937	3	66
2934	MONDAY	EVEN	1131	2	65
2935	MONDAY	ODD	1132	3	65
2936	MONDAY	EVEN	1132	3	65
2939	TUESDAY	ODD	1114	2	63
2940	TUESDAY	EVEN	1114	2	63
2942	WEDNESDAY	EVEN	1113	1	68
2947	THURSDAY	ODD	1137	2	68
2948	THURSDAY	EVEN	1137	2	68
2949	THURSDAY	EVEN	1175	3	54
2950	FRIDAY	ODD	1150	1	55
2951	FRIDAY	EVEN	1150	1	55
2954	FRIDAY	ODD	1138	3	63
2955	FRIDAY	EVEN	1138	3	63
2842	THURSDAY	EVEN	886	1	68
2844	THURSDAY	EVEN	921	1	68
2835	WEDNESDAY	EVEN	942	2	54
3209	WEDNESDAY	EVEN	1359	8	51
590	WEDNESDAY	EVEN	435	3	59
591	WEDNESDAY	ODD	421	1	59
592	WEDNESDAY	EVEN	421	1	59
1922	MONDAY	ODD	780	2	68
1923	MONDAY	EVEN	780	2	68
1926	TUESDAY	ODD	804	1	61
1929	TUESDAY	EVEN	768	2	68
1617	THURSDAY	ODD	135	7	72
1685	THURSDAY	EVEN	164	3	65
1686	FRIDAY	ODD	144	2	59
1687	FRIDAY	EVEN	144	2	59
1688	FRIDAY	EVEN	161	3	59
1689	THURSDAY	ODD	93	2	58
1931	TUESDAY	EVEN	774	3	68
3233	TUESDAY	EVEN	1360	3	57
1692	TUESDAY	ODD	97	2	61
1693	TUESDAY	EVEN	97	2	61
1698	MONDAY	ODD	120	3	60
1699	MONDAY	EVEN	120	3	60
1701	MONDAY	EVEN	124	4	53
3235	MONDAY	EVEN	987	1	56
3237	MONDAY	EVEN	1014	1	56
3239	MONDAY	EVEN	1015	1	56
1954	MONDAY	ODD	781	2	68
1955	MONDAY	EVEN	781	2	68
1958	TUESDAY	ODD	812	1	57
1959	TUESDAY	EVEN	812	1	57
1984	TUESDAY	ODD	770	2	68
1985	TUESDAY	EVEN	770	2	68
1988	TUESDAY	ODD	817	4	67
1989	TUESDAY	EVEN	817	4	67
3240	MONDAY	ODD	1016	1	56
3242	WEDNESDAY	ODD	1017	1	52
3243	WEDNESDAY	EVEN	1017	1	52
2006	MONDAY	ODD	783	2	68
2007	MONDAY	EVEN	783	2	68
2017	TUESDAY	ODD	826	3	68
2018	TUESDAY	EVEN	826	3	68
2019	TUESDAY	ODD	825	4	67
2020	TUESDAY	EVEN	825	4	67
1939	THURSDAY	ODD	800	1	52
1941	THURSDAY	ODD	807	2	52
1942	THURSDAY	EVEN	807	2	52
1944	FRIDAY	ODD	806	1	65
1945	FRIDAY	EVEN	806	1	65
1946	FRIDAY	ODD	805	2	65
1947	FRIDAY	EVEN	805	2	65
1949	FRIDAY	EVEN	759	3	65
1953	FRIDAY	EVEN	808	1	65
2995	THURSDAY	EVEN	1188	1	68
1999	THURSDAY	EVEN	788	4	53
1998	THURSDAY	ODD	788	4	53
2005	FRIDAY	EVEN	810	3	53
2021	FRIDAY	ODD	822	2	53
2022	FRIDAY	EVEN	822	2	53
2027	FRIDAY	ODD	811	3	53
2024	THURSDAY	ODD	833	3	53
2025	THURSDAY	EVEN	832	3	53
2029	THURSDAY	ODD	789	4	53
2999	FRIDAY	ODD	1160	1	55
2568	FRIDAY	ODD	1013	1	68
2569	FRIDAY	EVEN	1013	1	68
2575	MONDAY	EVEN	1069	2	53
2576	MONDAY	ODD	1029	7	56
2754	TUESDAY	EVEN	974	2	66
2756	THURSDAY	EVEN	1303	2	50
2763	MONDAY	ODD	1278	1	52
2765	MONDAY	ODD	1277	2	59
2766	MONDAY	EVEN	1277	2	59
2770	WEDNESDAY	EVEN	1294	2	50
2772	WEDNESDAY	EVEN	1281	1	50
2811	WEDNESDAY	EVEN	816	2	53
2812	WEDNESDAY	ODD	815	1	52
2815	WEDNESDAY	EVEN	824	2	53
2816	WEDNESDAY	ODD	829	3	60
2817	WEDNESDAY	EVEN	829	3	60
2841	WEDNESDAY	EVEN	937	3	66
2967	WEDNESDAY	ODD	1115	1	68
2970	THURSDAY	ODD	1187	1	68
2982	MONDAY	ODD	1134	2	65
2994	THURSDAY	ODD	1188	1	68
3000	FRIDAY	EVEN	1160	1	55
3001	FRIDAY	ODD	1145	2	52
3054	WEDNESDAY	ODD	1155	2	68
3055	WEDNESDAY	EVEN	1155	2	68
3056	WEDNESDAY	ODD	1213	3	51
3060	THURSDAY	ODD	1143	2	68
3080	MONDAY	ODD	1258	3	59
3081	MONDAY	EVEN	1258	3	59
3087	TUESDAY	EVEN	1244	2	59
3088	TUESDAY	ODD	1246	3	59
3092	WEDNESDAY	ODD	1274	4	65
3093	WEDNESDAY	EVEN	1274	4	65
3095	THURSDAY	EVEN	1244	1	66
3100	FRIDAY	ODD	1251	4	52
3103	FRIDAY	EVEN	1249	7	53
3105	THURSDAY	EVEN	1241	1	66
3107	THURSDAY	EVEN	1263	2	66
3111	WEDNESDAY	ODD	1248	1	66
3112	WEDNESDAY	EVEN	1248	1	66
3113	WEDNESDAY	ODD	1242	2	51
3114	WEDNESDAY	EVEN	1242	2	51
3115	WEDNESDAY	EVEN	1247	3	58
3119	TUESDAY	EVEN	1210	3	58
3122	MONDAY	ODD	1255	3	59
3125	MONDAY	EVEN	1256	4	59
3127	FRIDAY	EVEN	1254	4	52
3142	TUESDAY	ODD	1267	4	58
3144	TUESDAY	ODD	1269	1	68
2843	THURSDAY	EVEN	920	1	68
2834	WEDNESDAY	ODD	942	2	54
3238	MONDAY	ODD	1015	1	56
601	MONDAY	ODD	439	4	71
602	MONDAY	EVEN	439	4	71
603	MONDAY	ODD	439	7	71
605	MONDAY	ODD	506	2	65
606	MONDAY	EVEN	506	2	65
607	MONDAY	ODD	504	3	65
608	MONDAY	EVEN	504	3	65
609	MONDAY	ODD	498	4	65
610	MONDAY	EVEN	292	4	53
611	TUESDAY	ODD	478	2	68
612	TUESDAY	EVEN	478	2	68
613	TUESDAY	ODD	496	3	68
614	TUESDAY	EVEN	496	3	68
615	TUESDAY	ODD	470	4	68
616	TUESDAY	EVEN	470	4	68
1618	THURSDAY	EVEN	135	7	72
618	THURSDAY	ODD	505	2	56
619	THURSDAY	EVEN	505	2	56
620	THURSDAY	ODD	488	1	56
621	THURSDAY	EVEN	488	1	56
622	WEDNESDAY	ODD	497	2	55
623	WEDNESDAY	EVEN	497	2	55
624	WEDNESDAY	ODD	499	3	55
625	WEDNESDAY	EVEN	499	3	55
626	WEDNESDAY	ODD	254	1	55
627	WEDNESDAY	EVEN	254	1	55
1694	TUESDAY	ODD	148	3	53
1695	TUESDAY	EVEN	148	3	53
1697	TUESDAY	EVEN	152	4	53
632	WEDNESDAY	ODD	513	3	56
633	WEDNESDAY	EVEN	513	3	56
635	MONDAY	ODD	512	3	65
636	MONDAY	EVEN	512	3	65
637	MONDAY	ODD	514	2	65
638	MONDAY	EVEN	514	2	65
639	MONDAY	ODD	500	4	65
640	MONDAY	EVEN	515	4	65
641	MONDAY	EVEN	515	7	65
2042	TUESDAY	ODD	813	1	57
643	TUESDAY	EVEN	480	2	68
644	TUESDAY	ODD	510	3	68
645	TUESDAY	EVEN	510	3	68
646	TUESDAY	ODD	507	4	68
647	TUESDAY	EVEN	507	4	68
2043	TUESDAY	EVEN	813	1	57
649	THURSDAY	ODD	509	2	52
650	TUESDAY	ODD	480	2	68
651	THURSDAY	EVEN	509	2	52
652	WEDNESDAY	ODD	511	1	56
653	WEDNESDAY	EVEN	511	1	56
654	WEDNESDAY	ODD	255	2	56
655	WEDNESDAY	EVEN	255	2	56
2044	TUESDAY	ODD	835	2	65
2045	TUESDAY	EVEN	835	2	65
658	THURSDAY	ODD	508	3	52
659	THURSDAY	EVEN	508	3	52
661	MONDAY	ODD	521	3	65
662	MONDAY	EVEN	521	3	65
3245	TUESDAY	EVEN	1198	1	63
3246	TUESDAY	ODD	1124	3	63
665	MONDAY	ODD	502	4	65
666	MONDAY	EVEN	293	4	53
667	TUESDAY	ODD	483	2	68
668	TUESDAY	EVEN	483	2	68
669	TUESDAY	ODD	518	3	68
670	TUESDAY	EVEN	518	3	68
671	TUESDAY	ODD	474	4	68
672	TUESDAY	EVEN	474	4	68
673	WEDNESDAY	ODD	519	1	56
674	WEDNESDAY	EVEN	519	1	56
675	WEDNESDAY	ODD	257	2	56
676	WEDNESDAY	EVEN	257	2	56
677	WEDNESDAY	ODD	522	3	56
678	WEDNESDAY	EVEN	522	3	56
3247	TUESDAY	EVEN	1124	3	63
680	THURSDAY	ODD	291	1	52
681	THURSDAY	EVEN	291	1	52
682	THURSDAY	ODD	491	2	52
683	THURSDAY	EVEN	491	2	52
684	THURSDAY	ODD	520	3	52
685	THURSDAY	EVEN	520	3	52
686	THURSDAY	ODD	532	7	63
687	THURSDAY	EVEN	532	7	63
688	THURSDAY	ODD	527	4	63
689	THURSDAY	EVEN	527	4	63
690	THURSDAY	ODD	529	3	63
691	THURSDAY	EVEN	529	3	63
692	WEDNESDAY	ODD	492	1	60
693	WEDNESDAY	EVEN	492	1	60
694	WEDNESDAY	ODD	526	2	60
695	WEDNESDAY	EVEN	526	2	60
2058	THURSDAY	ODD	844	3	59
697	MONDAY	ODD	528	3	65
698	MONDAY	EVEN	528	3	65
2061	FRIDAY	EVEN	842	1	59
2063	FRIDAY	EVEN	837	2	59
701	MONDAY	ODD	503	4	65
702	MONDAY	EVEN	531	4	65
703	MONDAY	EVEN	531	7	65
3250	TUESDAY	ODD	1123	3	63
705	TUESDAY	ODD	258	1	60
706	TUESDAY	EVEN	258	1	60
707	TUESDAY	ODD	484	2	68
708	TUESDAY	EVEN	484	2	68
709	TUESDAY	ODD	525	3	68
710	TUESDAY	EVEN	525	3	68
711	TUESDAY	ODD	475	4	68
712	TUESDAY	EVEN	475	4	68
1886	THURSDAY	ODD	746	4	55
714	MONDAY	ODD	535	3	65
715	MONDAY	EVEN	535	3	65
2069	TUESDAY	ODD	828	3	68
3254	TUESDAY	ODD	1201	1	63
2036	MONDAY	EVEN	838	1	68
719	MONDAY	ODD	501	4	65
720	MONDAY	EVEN	533	4	65
721	MONDAY	EVEN	533	7	65
2037	MONDAY	ODD	841	2	52
2038	MONDAY	EVEN	841	2	52
724	TUESDAY	ODD	481	2	68
725	TUESDAY	EVEN	481	2	68
726	TUESDAY	ODD	537	3	68
2040	MONDAY	EVEN	838	3	68
597	MONDAY	ODD	438	2	54
2049	WEDNESDAY	EVEN	845	2	66
727	TUESDAY	EVEN	537	3	68
1619	THURSDAY	ODD	140	7	72
1696	TUESDAY	ODD	152	4	53
730	WEDNESDAY	ODD	538	2	60
731	WEDNESDAY	EVEN	538	2	60
732	THURSDAY	ODD	536	3	63
733	THURSDAY	EVEN	536	3	63
3255	TUESDAY	EVEN	1201	1	63
3256	TUESDAY	ODD	1128	1	56
741	WEDNESDAY	EVEN	253	1	55
754	TUESDAY	ODD	482	2	68
757	TUESDAY	EVEN	549	3	68
759	TUESDAY	EVEN	542	4	68
761	WEDNESDAY	ODD	550	2	55
764	WEDNESDAY	EVEN	544	3	55
769	THURSDAY	ODD	637	1	52
787	WEDNESDAY	ODD	551	3	53
1700	MONDAY	ODD	124	4	53
2046	TUESDAY	ODD	827	3	68
2047	TUESDAY	EVEN	827	3	68
789	THURSDAY	ODD	554	3	51
3257	TUESDAY	EVEN	1128	1	56
2052	WEDNESDAY	ODD	843	1	65
2053	WEDNESDAY	EVEN	843	1	65
3023	TUESDAY	EVEN	1199	1	63
3066	TUESDAY	ODD	1206	2	62
2059	THURSDAY	EVEN	844	3	59
2067	TUESDAY	ODD	848	2	65
2068	TUESDAY	EVEN	848	2	65
2070	TUESDAY	EVEN	828	3	68
2082	WEDNESDAY	ODD	863	1	65
2048	WEDNESDAY	ODD	846	2	66
2076	MONDAY	EVEN	854	1	68
2080	MONDAY	ODD	868	2	55
2073	WEDNESDAY	EVEN	866	2	65
2578	TUESDAY	ODD	1075	1	67
2580	TUESDAY	ODD	1008	2	60
2593	THURSDAY	ODD	1024	3	68
2774	WEDNESDAY	EVEN	1283	2	50
2776	MONDAY	EVEN	1312	1	52
2779	MONDAY	ODD	1302	1	52
2781	MONDAY	ODD	1301	2	59
2782	MONDAY	EVEN	1301	2	59
2813	WEDNESDAY	EVEN	815	1	52
2821	WEDNESDAY	EVEN	865	3	65
2822	WEDNESDAY	ODD	756	2	52
2823	WEDNESDAY	EVEN	756	2	52
2830	WEDNESDAY	ODD	777	4	56
2831	WEDNESDAY	EVEN	777	4	56
2833	WEDNESDAY	EVEN	797	2	52
2836	WEDNESDAY	ODD	899	3	52
2837	WEDNESDAY	EVEN	899	3	52
2845	MONDAY	ODD	1220	2	66
2968	WEDNESDAY	EVEN	1115	1	68
2969	WEDNESDAY	ODD	1169	2	67
2972	THURSDAY	ODD	1139	2	68
2974	THURSDAY	EVEN	1177	3	54
2975	FRIDAY	ODD	1172	1	52
2983	MONDAY	EVEN	1134	2	65
2984	MONDAY	ODD	1194	3	65
2988	TUESDAY	ODD	1203	2	62
2996	THURSDAY	ODD	1140	2	68
2997	THURSDAY	EVEN	1140	2	68
3003	FRIDAY	ODD	1182	3	56
3004	FRIDAY	EVEN	1182	3	56
3005	FRIDAY	EVEN	1174	1	52
3013	THURSDAY	ODD	1141	2	68
3014	THURSDAY	EVEN	1141	2	68
3015	MONDAY	ODD	1125	1	52
3025	TUESDAY	EVEN	1204	2	54
3031	MONDAY	ODD	1030	3	63
3034	TUESDAY	EVEN	1126	2	63
3035	WEDNESDAY	ODD	1118	1	68
3036	WEDNESDAY	EVEN	1118	1	68
3041	THURSDAY	ODD	1142	2	68
3044	THURSDAY	EVEN	1180	3	54
3010	THURSDAY	EVEN	1179	3	54
3048	FRIDAY	EVEN	1184	2	56
3050	FRIDAY	EVEN	1147	3	63
3064	FRIDAY	ODD	1148	2	63
3067	TUESDAY	EVEN	1206	2	62
3073	MONDAY	EVEN	1196	3	65
3077	MONDAY	EVEN	1268	1	61
3078	MONDAY	ODD	1268	2	61
3079	MONDAY	EVEN	1268	2	61
3094	THURSDAY	ODD	1244	1	66
3096	THURSDAY	ODD	1271	2	51
3097	THURSDAY	EVEN	1271	2	51
3126	FRIDAY	ODD	1254	4	52
3128	FRIDAY	ODD	1252	7	53
3129	FRIDAY	EVEN	1253	7	53
3140	TUESDAY	ODD	1267	3	58
3148	MONDAY	ODD	1259	4	59
3149	MONDAY	EVEN	1259	4	59
2818	WEDNESDAY	ODD	830	3	60
734	THURSDAY	ODD	540	4	63
735	THURSDAY	EVEN	540	4	63
742	THURSDAY	ODD	485	2	52
743	THURSDAY	EVEN	485	2	52
744	MONDAY	ODD	545	2	64
745	MONDAY	EVEN	545	2	64
2060	FRIDAY	ODD	842	1	59
1718	THURSDAY	ODD	192	2	59
1729	MONDAY	EVEN	198	3	59
2062	FRIDAY	ODD	837	2	59
2075	TUESDAY	EVEN	870	1	65
3260	MONDAY	ODD	1173	1	53
2083	WEDNESDAY	EVEN	863	1	65
2089	THURSDAY	EVEN	864	3	59
2090	FRIDAY	ODD	861	1	59
2091	FRIDAY	EVEN	861	1	59
2092	FRIDAY	ODD	850	2	59
2093	FRIDAY	EVEN	850	2	59
2101	TUESDAY	ODD	871	1	65
2102	TUESDAY	EVEN	871	1	65
2109	WEDNESDAY	ODD	862	1	65
2110	WEDNESDAY	EVEN	862	1	65
2116	THURSDAY	EVEN	865	3	59
2117	FRIDAY	ODD	862	1	59
2081	MONDAY	EVEN	868	2	55
2078	MONDAY	EVEN	854	3	68
2099	WEDNESDAY	ODD	872	2	65
2106	MONDAY	ODD	860	2	52
2589	WEDNESDAY	EVEN	1078	2	59
2591	WEDNESDAY	EVEN	1083	3	59
2592	THURSDAY	ODD	1002	2	65
2596	FRIDAY	ODD	1081	1	58
2597	FRIDAY	EVEN	1081	1	58
2775	MONDAY	ODD	1312	1	52
2777	MONDAY	ODD	1311	2	59
2778	MONDAY	EVEN	1311	2	59
2780	MONDAY	EVEN	1302	1	52
2846	MONDAY	EVEN	1220	2	66
2847	MONDAY	ODD	1222	3	55
2848	MONDAY	EVEN	1222	3	60
2971	THURSDAY	EVEN	1187	1	68
2973	THURSDAY	EVEN	1139	2	68
2976	FRIDAY	ODD	1144	2	52
2977	FRIDAY	EVEN	1144	2	52
2978	FRIDAY	ODD	1181	3	56
2979	FRIDAY	EVEN	1181	3	56
2985	MONDAY	EVEN	1194	3	65
2993	WEDNESDAY	EVEN	1152	2	68
2998	THURSDAY	EVEN	1178	3	54
3002	FRIDAY	EVEN	1145	2	52
3006	FRIDAY	ODD	1146	2	63
3007	FRIDAY	EVEN	1146	2	63
3018	MONDAY	EVEN	1135	2	65
3019	MONDAY	ODD	1195	3	65
3020	MONDAY	EVEN	1195	3	65
3021	TUESDAY	ODD	1199	1	63
3022	THURSDAY	EVEN	1189	1	68
3026	WEDNESDAY	ODD	1117	1	68
3027	WEDNESDAY	EVEN	1117	1	68
3046	FRIDAY	EVEN	1162	1	55
3047	FRIDAY	ODD	1184	2	56
3049	FRIDAY	ODD	1147	3	63
3052	TUESDAY	EVEN	1215	4	62
3053	TUESDAY	ODD	1215	7	62
3057	WEDNESDAY	EVEN	1213	3	51
3058	THURSDAY	ODD	1191	1	68
3059	THURSDAY	EVEN	1191	1	68
3061	THURSDAY	EVEN	1143	2	68
3062	FRIDAY	ODD	1163	1	55
3075	TUESDAY	EVEN	1192	3	57
3082	MONDAY	ODD	1260	4	59
3083	MONDAY	EVEN	1260	4	59
3084	TUESDAY	ODD	1270	1	68
3085	TUESDAY	EVEN	1270	1	68
3086	TUESDAY	ODD	1244	2	59
3089	TUESDAY	EVEN	1246	3	59
3101	FRIDAY	EVEN	1251	4	52
3102	FRIDAY	ODD	1250	7	53
3116	TUESDAY	ODD	1241	2	59
3117	TUESDAY	EVEN	1241	2	59
3118	TUESDAY	ODD	1210	3	58
3120	TUESDAY	ODD	1210	4	58
3121	TUESDAY	EVEN	1210	4	58
3123	MONDAY	EVEN	1255	3	59
3136	WEDNESDAY	ODD	1245	2	51
3137	WEDNESDAY	EVEN	1245	2	51
3138	TUESDAY	ODD	1243	2	59
3139	TUESDAY	EVEN	1243	2	59
3145	TUESDAY	EVEN	1269	1	68
3146	MONDAY	ODD	1257	3	59
3147	MONDAY	EVEN	1257	3	59
736	THURSDAY	ODD	534	7	63
737	THURSDAY	EVEN	534	7	63
740	WEDNESDAY	ODD	253	1	55
746	MONDAY	ODD	546	3	64
747	MONDAY	EVEN	546	3	64
748	MONDAY	ODD	543	4	65
750	MONDAY	EVEN	547	4	65
751	MONDAY	EVEN	547	7	65
752	TUESDAY	ODD	256	1	60
753	TUESDAY	EVEN	256	1	60
755	TUESDAY	EVEN	482	2	68
756	TUESDAY	ODD	549	3	68
758	TUESDAY	ODD	542	4	68
762	WEDNESDAY	EVEN	550	2	55
763	WEDNESDAY	ODD	544	3	55
862	THURSDAY	ODD	594	3	66
867	THURSDAY	ODD	600	4	66
775	MONDAY	ODD	552	3	61
767	THURSDAY	ODD	490	2	52
768	THURSDAY	EVEN	490	2	52
770	THURSDAY	EVEN	637	1	52
771	MONDAY	ODD	556	1	60
772	MONDAY	EVEN	556	1	60
773	MONDAY	ODD	558	2	60
774	MONDAY	EVEN	558	2	60
777	TUESDAY	ODD	486	1	55
778	TUESDAY	EVEN	486	1	55
779	TUESDAY	ODD	493	2	68
780	TUESDAY	EVEN	493	2	68
781	TUESDAY	ODD	557	3	68
782	TUESDAY	EVEN	557	3	68
783	WEDNESDAY	ODD	555	1	53
784	WEDNESDAY	EVEN	555	1	53
785	WEDNESDAY	ODD	553	2	53
786	WEDNESDAY	EVEN	553	2	53
788	WEDNESDAY	EVEN	551	3	53
864	THURSDAY	EVEN	593	4	66
2074	TUESDAY	ODD	870	1	65
1705	TUESDAY	ODD	174	2	59
1706	TUESDAY	EVEN	174	2	59
1709	FRIDAY	ODD	174	1	57
1712	FRIDAY	EVEN	176	2	57
799	WEDNESDAY	ODD	567	3	53
800	WEDNESDAY	EVEN	567	3	53
801	WEDNESDAY	ODD	573	4	53
802	WEDNESDAY	EVEN	573	4	53
803	WEDNESDAY	ODD	569	2	53
804	WEDNESDAY	EVEN	569	2	53
805	WEDNESDAY	ODD	579	1	53
806	WEDNESDAY	EVEN	579	1	53
807	TUESDAY	ODD	581	1	56
808	TUESDAY	EVEN	581	1	56
809	TUESDAY	ODD	494	2	68
810	TUESDAY	EVEN	494	2	68
811	TUESDAY	ODD	577	3	68
812	TUESDAY	EVEN	577	3	68
815	MONDAY	ODD	487	1	56
816	MONDAY	EVEN	487	1	56
817	MONDAY	ODD	575	2	56
818	MONDAY	EVEN	575	2	56
1713	FRIDAY	ODD	392	2	57
1716	FRIDAY	EVEN	194	1	57
2088	THURSDAY	ODD	864	3	59
823	WEDNESDAY	ODD	568	3	53
824	WEDNESDAY	EVEN	568	3	53
825	WEDNESDAY	ODD	574	4	53
826	WEDNESDAY	EVEN	574	4	53
827	WEDNESDAY	ODD	570	2	53
828	WEDNESDAY	EVEN	570	2	53
829	WEDNESDAY	ODD	580	1	53
830	WEDNESDAY	EVEN	580	1	53
831	TUESDAY	ODD	582	1	56
832	TUESDAY	EVEN	582	1	56
833	TUESDAY	ODD	495	2	68
834	TUESDAY	EVEN	495	2	68
835	TUESDAY	ODD	578	3	68
836	TUESDAY	EVEN	578	3	68
839	MONDAY	ODD	489	1	56
840	MONDAY	EVEN	489	1	56
841	MONDAY	ODD	576	2	56
842	MONDAY	EVEN	576	2	56
845	MONDAY	ODD	599	4	52
2095	TUESDAY	ODD	852	2	65
1726	MONDAY	ODD	206	4	55
1727	MONDAY	ODD	208	7	55
851	TUESDAY	ODD	596	3	63
852	TUESDAY	EVEN	596	3	63
1728	MONDAY	ODD	198	3	59
854	WEDNESDAY	EVEN	590	7	56
855	WEDNESDAY	EVEN	590	8	56
857	WEDNESDAY	ODD	585	3	57
858	WEDNESDAY	ODD	584	8	56
859	WEDNESDAY	ODD	586	4	57
860	WEDNESDAY	EVEN	586	4	57
1731	MONDAY	ODD	192	2	59
2096	TUESDAY	EVEN	852	2	65
865	THURSDAY	ODD	601	7	60
866	THURSDAY	EVEN	601	7	60
868	MONDAY	ODD	603	3	51
869	MONDAY	ODD	612	4	52
1732	MONDAY	EVEN	192	2	59
2115	THURSDAY	ODD	865	3	59
2118	FRIDAY	EVEN	862	1	59
2119	FRIDAY	ODD	851	2	59
460	TUESDAY	ODD	419	7	67
813	MONDAY	ODD	571	3	61
837	MONDAY	ODD	566	3	61
776	MONDAY	EVEN	552	3	61
814	MONDAY	EVEN	571	3	61
838	MONDAY	EVEN	566	3	61
790	THURSDAY	EVEN	554	3	51
843	MONDAY	ODD	591	3	67
844	MONDAY	EVEN	592	3	67
846	MONDAY	EVEN	592	4	67
856	TUESDAY	EVEN	589	4	63
873	TUESDAY	ODD	602	3	51
874	TUESDAY	EVEN	602	3	51
2072	WEDNESDAY	ODD	869	2	65
2103	MONDAY	EVEN	855	1	68
2107	MONDAY	EVEN	860	2	52
2590	WEDNESDAY	ODD	1083	3	59
2594	THURSDAY	ODD	1084	4	56
2849	THURSDAY	ODD	1221	3	57
1707	THURSDAY	ODD	175	2	59
881	WEDNESDAY	EVEN	610	7	56
1708	THURSDAY	EVEN	162	2	59
884	WEDNESDAY	EVEN	615	4	57
886	WEDNESDAY	ODD	606	8	56
1710	FRIDAY	EVEN	174	1	57
923	MONDAY	ODD	214	4	58
924	MONDAY	ODD	299	2	51
1711	FRIDAY	ODD	176	2	57
1714	FRIDAY	EVEN	392	2	57
1715	FRIDAY	ODD	194	1	57
1730	MONDAY	EVEN	198	4	59
2120	FRIDAY	EVEN	851	2	59
2133	FRIDAY	EVEN	776	4	56
2100	WEDNESDAY	EVEN	867	2	65
2105	MONDAY	EVEN	855	3	68
2138	THURSDAY	EVEN	778	1	60
2598	FRIDAY	ODD	1082	2	60
2599	FRIDAY	EVEN	1082	2	60
2600	TUESDAY	ODD	1087	1	67
2601	TUESDAY	EVEN	1085	1	67
2604	TUESDAY	ODD	1093	3	53
2607	TUESDAY	EVEN	1095	4	53
2614	THURSDAY	ODD	1103	2	54
2615	THURSDAY	EVEN	1104	2	54
2617	THURSDAY	EVEN	1101	3	65
2627	TUESDAY	ODD	1106	2	58
2633	WEDNESDAY	EVEN	1090	1	59
2634	WEDNESDAY	ODD	1092	2	59
2635	WEDNESDAY	EVEN	1092	2	59
2662	WEDNESDAY	ODD	1288	3	66
2664	THURSDAY	ODD	1276	1	50
2665	THURSDAY	ODD	1275	2	50
2669	FRIDAY	ODD	1280	2	50
2670	FRIDAY	EVEN	1280	2	50
2786	TUESDAY	ODD	1062	2	55
2789	TUESDAY	EVEN	1058	3	61
2790	THURSDAY	ODD	1039	1	60
2793	THURSDAY	EVEN	1060	2	52
2850	THURSDAY	EVEN	1221	3	57
2853	WEDNESDAY	ODD	1313	4	51
2856	WEDNESDAY	EVEN	1308	7	51
2857	THURSDAY	EVEN	1309	3	50
2858	THURSDAY	ODD	1226	3	57
2860	THURSDAY	ODD	1228	4	60
2862	MONDAY	EVEN	847	4	56
2989	TUESDAY	EVEN	1203	2	62
2990	WEDNESDAY	ODD	1116	1	68
2991	WEDNESDAY	EVEN	1116	1	68
2992	WEDNESDAY	ODD	1152	2	68
3008	FRIDAY	ODD	1183	3	56
3009	FRIDAY	EVEN	1183	3	56
3011	THURSDAY	ODD	1189	1	68
3016	MONDAY	EVEN	1125	1	60
3017	MONDAY	ODD	1135	2	65
3024	TUESDAY	ODD	1204	2	54
3028	WEDNESDAY	ODD	1171	2	67
3032	MONDAY	EVEN	1030	3	63
3033	TUESDAY	ODD	1126	2	63
3037	WEDNESDAY	ODD	1154	2	68
3038	WEDNESDAY	EVEN	1154	2	68
3039	THURSDAY	ODD	1190	1	68
3040	THURSDAY	EVEN	1190	1	68
3042	THURSDAY	EVEN	1142	2	68
3043	THURSDAY	ODD	1025	3	68
3045	FRIDAY	ODD	1162	1	55
3051	TUESDAY	ODD	1214	4	62
3063	FRIDAY	EVEN	1163	1	55
3065	FRIDAY	EVEN	1148	2	63
3070	MONDAY	ODD	1136	2	65
3071	MONDAY	EVEN	1136	2	65
3072	MONDAY	ODD	1196	3	65
3074	TUESDAY	ODD	1192	3	57
3076	MONDAY	ODD	1268	1	61
3104	THURSDAY	ODD	1241	1	66
3106	THURSDAY	ODD	1261	2	66
3124	MONDAY	ODD	1256	4	59
3130	THURSDAY	ODD	1243	1	66
3131	THURSDAY	EVEN	1243	1	66
3132	THURSDAY	ODD	1264	2	66
3133	THURSDAY	EVEN	1266	2	66
3141	TUESDAY	EVEN	1267	3	58
3143	TUESDAY	EVEN	1267	4	58
1717	THURSDAY	EVEN	163	2	59
880	WEDNESDAY	EVEN	610	8	56
883	WEDNESDAY	ODD	615	4	57
887	THURSDAY	ODD	607	3	59
888	THURSDAY	EVEN	607	3	59
889	THURSDAY	ODD	613	4	51
890	THURSDAY	EVEN	614	4	51
891	THURSDAY	ODD	614	7	51
2135	WEDNESDAY	ODD	801	4	52
894	THURSDAY	ODD	621	3	59
898	THURSDAY	ODD	636	1	66
1722	TUESDAY	ODD	658	2	59
901	WEDNESDAY	EVEN	629	2	66
906	MONDAY	ODD	633	2	66
907	MONDAY	EVEN	633	2	66
908	MONDAY	ODD	619	3	66
909	MONDAY	EVEN	619	3	66
911	MONDAY	EVEN	625	4	52
1723	TUESDAY	EVEN	658	2	59
5151	FRIDAY	ODD	2085	2	65
5155	MONDAY	ODD	2066	3	53
925	MONDAY	EVEN	299	2	51
2145	THURSDAY	EVEN	810	2	53
902	TUESDAY	ODD	630	3	66
903	TUESDAY	EVEN	630	3	66
2137	THURSDAY	ODD	778	1	60
2602	TUESDAY	ODD	1102	2	58
2603	TUESDAY	EVEN	1102	2	58
2605	TUESDAY	EVEN	1093	3	53
2608	WEDNESDAY	ODD	1089	1	59
2609	WEDNESDAY	EVEN	1089	1	59
2610	WEDNESDAY	ODD	1091	2	59
2613	WEDNESDAY	EVEN	1100	3	59
2616	THURSDAY	ODD	1101	3	65
2621	FRIDAY	EVEN	1097	1	58
2622	FRIDAY	ODD	1098	2	60
2626	TUESDAY	EVEN	1088	1	67
2631	TUESDAY	ODD	1108	4	51
2632	WEDNESDAY	ODD	1090	1	59
2637	WEDNESDAY	EVEN	1094	3	64
2639	THURSDAY	ODD	1109	2	64
2640	THURSDAY	EVEN	1109	2	64
2644	THURSDAY	EVEN	1105	4	65
2646	FRIDAY	ODD	1096	2	58
2647	FRIDAY	EVEN	1111	2	64
2656	TUESDAY	ODD	1282	2	50
2787	TUESDAY	EVEN	1062	2	55
2788	TUESDAY	ODD	1058	3	61
2791	THURSDAY	EVEN	1039	1	60
2792	THURSDAY	ODD	1060	2	52
2794	THURSDAY	ODD	1057	3	63
2798	MONDAY	ODD	1070	1	63
2801	WEDNESDAY	EVEN	1018	1	52
895	THURSDAY	EVEN	621	3	59
896	THURSDAY	ODD	635	2	66
897	THURSDAY	EVEN	635	2	66
900	WEDNESDAY	ODD	629	2	66
1038	THURSDAY	ODD	77	2	68
905	MONDAY	EVEN	634	1	66
910	MONDAY	ODD	620	4	66
1039	THURSDAY	EVEN	77	2	68
917	WEDNESDAY	ODD	628	4	66
919	WEDNESDAY	ODD	627	7	55
1733	MONDAY	ODD	75	4	65
1736	FRIDAY	EVEN	119	2	56
2136	WEDNESDAY	EVEN	801	4	52
2139	THURSDAY	EVEN	809	3	68
2144	THURSDAY	ODD	821	2	53
2606	TUESDAY	ODD	1095	4	53
2611	WEDNESDAY	EVEN	1091	2	59
1737	MONDAY	EVEN	177	3	59
1741	MONDAY	ODD	193	2	59
1743	MONDAY	EVEN	199	4	59
938	TUESDAY	ODD	653	2	50
1744	TUESDAY	ODD	195	2	59
2612	WEDNESDAY	ODD	1100	3	59
2620	FRIDAY	ODD	1097	1	58
2623	FRIDAY	EVEN	1098	2	60
1749	FRIDAY	ODD	657	1	57
1753	MONDAY	ODD	121	3	52
1757	TUESDAY	ODD	98	2	61
1027	TUESDAY	EVEN	85	1	73
2624	FRIDAY	EVEN	1104	3	51
2625	TUESDAY	ODD	1086	1	67
2629	TUESDAY	ODD	1107	3	51
950	TUESDAY	ODD	655	2	50
2630	TUESDAY	EVEN	1107	3	51
2636	WEDNESDAY	ODD	1094	3	64
2638	THURSDAY	EVEN	1112	1	64
2641	THURSDAY	ODD	1105	3	65
2642	THURSDAY	EVEN	1105	3	65
2649	FRIDAY	ODD	1110	4	65
2654	TUESDAY	ODD	1284	1	50
2655	TUESDAY	EVEN	1284	1	50
2796	TUESDAY	ODD	1065	2	52
2797	TUESDAY	EVEN	1065	2	52
961	FRIDAY	ODD	651	3	57
962	FRIDAY	EVEN	651	3	57
2802	THURSDAY	ODD	1072	1	55
2805	THURSDAY	EVEN	1040	2	55
2807	MONDAY	EVEN	946	7	56
2808	MONDAY	ODD	940	2	60
2855	WEDNESDAY	ODD	1308	7	51
2859	THURSDAY	EVEN	1226	3	57
2861	THURSDAY	EVEN	1228	4	60
3152	MONDAY	ODD	1346	4	51
3153	MONDAY	EVEN	1346	4	51
3155	MONDAY	EVEN	1347	4	51
3156	MONDAY	ODD	1349	4	51
3183	TUESDAY	EVEN	1056	4	56
3150	WEDNESDAY	ODD	1348	4	66
988	THURSDAY	ODD	643	1	51
989	THURSDAY	EVEN	643	1	51
990	THURSDAY	ODD	643	2	51
994	THURSDAY	ODD	305	4	52
995	THURSDAY	EVEN	305	4	52
1001	THURSDAY	ODD	647	1	51
1002	THURSDAY	EVEN	647	1	51
1003	THURSDAY	ODD	647	2	51
1030	WEDNESDAY	ODD	78	1	68
1031	WEDNESDAY	EVEN	78	1	68
1046	MONDAY	ODD	321	1	52
1047	MONDAY	EVEN	321	1	52
1026	TUESDAY	ODD	85	1	61
2132	FRIDAY	ODD	776	4	56
2134	THURSDAY	EVEN	805	3	68
2628	TUESDAY	EVEN	1106	2	58
2643	THURSDAY	ODD	1105	4	65
2645	FRIDAY	EVEN	1112	1	64
2648	FRIDAY	ODD	1096	3	65
1055	THURSDAY	ODD	99	2	68
1060	WEDNESDAY	ODD	103	1	68
1061	WEDNESDAY	EVEN	103	1	68
2657	TUESDAY	EVEN	1282	2	50
1056	THURSDAY	EVEN	99	2	68
2663	WEDNESDAY	EVEN	1287	3	66
1069	TUESDAY	ODD	150	1	58
1070	TUESDAY	EVEN	150	1	58
2667	FRIDAY	ODD	1279	1	50
2799	MONDAY	EVEN	1070	1	63
2800	WEDNESDAY	ODD	1018	1	52
2803	THURSDAY	EVEN	1072	1	55
2804	THURSDAY	ODD	1040	2	55
2806	MONDAY	ODD	946	7	56
2809	MONDAY	EVEN	940	2	60
2863	MONDAY	ODD	1223	2	66
2864	MONDAY	EVEN	1223	2	66
2865	THURSDAY	ODD	1225	3	57
2872	TUESDAY	ODD	1165	1	55
2873	TUESDAY	EVEN	1165	1	55
1083	TUESDAY	ODD	151	1	51
1084	TUESDAY	EVEN	151	1	51
2874	TUESDAY	ODD	1233	2	61
2875	TUESDAY	EVEN	1233	2	61
1087	WEDNESDAY	ODD	167	1	68
1088	WEDNESDAY	EVEN	167	1	68
2130	THURSDAY	ODD	799	1	52
2131	THURSDAY	EVEN	799	1	52
3151	WEDNESDAY	EVEN	1348	4	66
1103	WEDNESDAY	ODD	172	1	68
1104	WEDNESDAY	EVEN	172	1	68
1095	FRIDAY	EVEN	100	4	65
1118	TUESDAY	ODD	156	1	66
1119	TUESDAY	EVEN	156	1	66
1094	FRIDAY	ODD	100	4	65
1135	WEDNESDAY	ODD	168	1	68
1136	WEDNESDAY	EVEN	168	1	68
1097	FRIDAY	EVEN	143	3	65
1096	FRIDAY	ODD	143	3	65
1158	WEDNESDAY	ODD	169	1	68
1159	WEDNESDAY	EVEN	169	1	68
1100	THURSDAY	ODD	110	3	65
1102	THURSDAY	EVEN	123	2	65
1048	MONDAY	ODD	319	2	58
1049	MONDAY	EVEN	319	2	58
1101	THURSDAY	ODD	123	2	65
1129	THURSDAY	ODD	185	2	65
1130	THURSDAY	EVEN	185	2	65
1128	THURSDAY	ODD	184	3	65
1112	FRIDAY	ODD	189	3	65
1113	FRIDAY	EVEN	189	3	65
1110	FRIDAY	ODD	191	4	65
1111	FRIDAY	EVEN	191	4	65
1131	FRIDAY	ODD	101	1	59
1132	FRIDAY	EVEN	101	1	59
1734	MONDAY	ODD	109	4	65
1746	THURSDAY	EVEN	165	2	59
1750	FRIDAY	EVEN	657	1	57
1751	FRIDAY	ODD	197	2	57
1752	FRIDAY	EVEN	197	2	57
1758	TUESDAY	EVEN	98	2	61
1760	TUESDAY	EVEN	149	3	53
1162	FRIDAY	ODD	102	1	59
1163	FRIDAY	EVEN	102	1	59
1764	FRIDAY	ODD	145	2	59
1765	FRIDAY	EVEN	145	2	59
1767	MONDAY	EVEN	449	2	54
1769	MONDAY	EVEN	447	2	54
1771	MONDAY	EVEN	438	2	54
1735	FRIDAY	ODD	119	2	56
2161	FRIDAY	ODD	839	3	59
2162	FRIDAY	EVEN	839	3	59
2173	MONDAY	ODD	882	3	65
1738	MONDAY	EVEN	177	4	59
1739	MONDAY	ODD	175	2	59
1740	MONDAY	EVEN	175	2	59
1742	MONDAY	EVEN	193	2	59
1745	TUESDAY	EVEN	195	2	59
1747	MONDAY	EVEN	199	3	59
1748	THURSDAY	ODD	193	2	59
1754	MONDAY	EVEN	121	3	52
1755	MONDAY	ODD	125	4	53
1756	MONDAY	EVEN	125	4	53
1770	MONDAY	EVEN	442	3	54
1772	MONDAY	EVEN	428	3	54
2180	TUESDAY	EVEN	883	2	51
2181	TUESDAY	ODD	877	3	65
2182	TUESDAY	EVEN	877	3	65
2187	WEDNESDAY	ODD	887	3	56
2188	WEDNESDAY	EVEN	887	3	56
2189	WEDNESDAY	ODD	890	7	72
2190	WEDNESDAY	EVEN	890	7	72
2192	THURSDAY	ODD	880	2	56
2197	FRIDAY	ODD	873	2	53
2198	FRIDAY	EVEN	873	2	53
2199	FRIDAY	ODD	884	3	53
2201	FRIDAY	ODD	881	4	68
2204	MONDAY	EVEN	918	2	56
2205	MONDAY	ODD	910	3	65
2207	FRIDAY	ODD	904	4	68
2208	FRIDAY	EVEN	904	4	68
2212	FRIDAY	ODD	891	2	53
2213	FRIDAY	EVEN	891	2	53
2214	FRIDAY	EVEN	916	3	53
2219	TUESDAY	ODD	933	2	57
2224	TUESDAY	EVEN	922	4	52
2227	WEDNESDAY	ODD	932	2	55
2233	FRIDAY	ODD	905	4	68
2234	FRIDAY	EVEN	905	4	68
2257	MONDAY	ODD	903	3	55
2268	FRIDAY	EVEN	906	4	68
2666	THURSDAY	EVEN	1285	2	50
2265	WEDNESDAY	ODD	935	1	60
2866	THURSDAY	EVEN	1225	3	57
2867	THURSDAY	ODD	1227	4	60
2868	THURSDAY	EVEN	1227	4	60
2869	MONDAY	ODD	1218	3	56
2870	MONDAY	EVEN	1218	3	56
2871	MONDAY	EVEN	1218	4	60
2876	TUESDAY	ODD	1235	3	56
2879	WEDNESDAY	EVEN	1216	1	68
2881	WEDNESDAY	EVEN	1157	2	68
2882	FRIDAY	ODD	1239	1	56
2883	FRIDAY	EVEN	1239	1	56
2889	MONDAY	EVEN	1224	2	66
2896	TUESDAY	EVEN	1166	1	55
2898	TUESDAY	EVEN	1234	2	61
2899	TUESDAY	ODD	1236	3	56
2900	TUESDAY	EVEN	1236	3	56
2908	FRIDAY	EVEN	1240	1	56
2943	WEDNESDAY	ODD	1149	2	68
2944	WEDNESDAY	EVEN	1149	2	68
2945	THURSDAY	ODD	1185	1	68
2946	THURSDAY	EVEN	1185	1	68
2952	FRIDAY	ODD	1176	2	56
2953	FRIDAY	EVEN	1176	2	56
2959	MONDAY	ODD	1133	2	65
2962	MONDAY	EVEN	1193	3	65
2965	TUESDAY	ODD	1202	2	62
2966	TUESDAY	EVEN	1202	2	62
3154	MONDAY	ODD	1347	4	51
3157	MONDAY	EVEN	1349	4	51
3167	TUESDAY	EVEN	1353	4	61
3169	TUESDAY	EVEN	1354	7	61
3170	TUESDAY	ODD	1355	7	61
3174	TUESDAY	ODD	1356	7	61
3178	THURSDAY	ODD	1265	3	63
2194	THURSDAY	EVEN	874	3	58
2230	THURSDAY	ODD	930	2	66
3205	THURSDAY	ODD	1296	3	50
3179	THURSDAY	EVEN	1245	3	61
1183	WEDNESDAY	ODD	173	2	65
1184	WEDNESDAY	EVEN	173	2	65
2153	THURSDAY	ODD	833	2	53
2221	TUESDAY	ODD	894	3	65
2222	TUESDAY	EVEN	894	3	65
2223	TUESDAY	ODD	922	4	52
1191	MONDAY	ODD	199	3	59
2238	FRIDAY	ODD	892	2	53
1193	TUESDAY	ODD	157	1	57
1194	TUESDAY	EVEN	157	1	57
1195	WEDNESDAY	ODD	201	1	65
1196	WEDNESDAY	EVEN	201	1	65
1197	WEDNESDAY	ODD	205	3	65
1198	WEDNESDAY	EVEN	205	3	65
2239	FRIDAY	EVEN	892	2	53
1203	THURSDAY	ODD	203	1	59
1204	THURSDAY	EVEN	203	1	59
2272	FRIDAY	EVEN	943	3	58
1209	FRIDAY	ODD	207	3	65
2675	TUESDAY	ODD	1293	1	50
2676	TUESDAY	EVEN	1293	1	50
2678	TUESDAY	EVEN	1291	2	50
2683	WEDNESDAY	EVEN	1297	3	66
1217	TUESDAY	ODD	155	1	59
1218	TUESDAY	EVEN	155	1	59
2686	THURSDAY	ODD	1289	2	50
2688	THURSDAY	EVEN	1296	3	50
2691	FRIDAY	EVEN	1299	2	62
1919	FRIDAY	EVEN	758	2	68
1223	WEDNESDAY	ODD	171	2	65
1224	WEDNESDAY	EVEN	171	2	65
1225	WEDNESDAY	ODD	200	1	65
1226	WEDNESDAY	EVEN	200	1	65
1227	WEDNESDAY	ODD	204	3	65
1228	WEDNESDAY	EVEN	204	3	65
1229	THURSDAY	ODD	202	1	59
1230	THURSDAY	EVEN	202	1	59
2711	THURSDAY	ODD	1309	4	50
2712	MONDAY	ODD	1337	3	67
2713	MONDAY	EVEN	1337	3	67
2715	MONDAY	EVEN	1343	4	67
1235	FRIDAY	ODD	206	3	65
2717	TUESDAY	ODD	1332	1	64
2719	TUESDAY	ODD	1343	2	64
2720	TUESDAY	EVEN	1341	2	64
1187	MONDAY	ODD	209	1	60
1240	WEDNESDAY	ODD	170	2	65
1241	WEDNESDAY	EVEN	170	2	65
1242	WEDNESDAY	ODD	178	1	65
1243	WEDNESDAY	EVEN	178	1	65
1244	WEDNESDAY	ODD	180	3	65
1245	WEDNESDAY	EVEN	180	3	65
1246	THURSDAY	ODD	179	1	59
1247	THURSDAY	EVEN	179	1	59
2721	TUESDAY	ODD	1342	3	64
2724	WEDNESDAY	EVEN	1336	2	54
2727	WEDNESDAY	ODD	1334	4	54
1251	FRIDAY	ODD	181	3	65
2731	THURSDAY	EVEN	1319	1	57
1254	TUESDAY	ODD	154	1	59
1255	TUESDAY	EVEN	154	1	59
2733	THURSDAY	EVEN	1322	2	57
2735	MONDAY	EVEN	1321	2	54
2738	MONDAY	ODD	1329	4	67
2740	TUESDAY	ODD	1331	2	67
1260	MONDAY	ODD	177	3	59
2744	TUESDAY	EVEN	1326	3	54
2746	WEDNESDAY	ODD	1326	2	54
2748	WEDNESDAY	ODD	1325	4	54
2751	WEDNESDAY	EVEN	1314	1	54
1268	TUESDAY	ODD	335	4	58
1269	TUESDAY	EVEN	335	4	58
1270	THURSDAY	ODD	327	2	68
1271	TUESDAY	ODD	328	2	66
1272	TUESDAY	EVEN	328	2	66
1273	TUESDAY	ODD	337	7	55
1274	TUESDAY	EVEN	337	7	55
1275	WEDNESDAY	ODD	339	4	63
1276	WEDNESDAY	EVEN	339	4	63
1277	WEDNESDAY	ODD	296	7	63
1278	WEDNESDAY	EVEN	296	7	63
1279	WEDNESDAY	ODD	332	8	63
1280	WEDNESDAY	EVEN	332	8	63
1281	TUESDAY	EVEN	351	2	51
1282	WEDNESDAY	ODD	366	3	52
1283	WEDNESDAY	EVEN	366	3	52
1284	WEDNESDAY	ODD	297	4	52
1285	WEDNESDAY	EVEN	297	4	52
1286	WEDNESDAY	ODD	372	7	52
1287	WEDNESDAY	EVEN	372	7	52
1288	WEDNESDAY	ODD	346	1	63
1289	WEDNESDAY	EVEN	346	1	63
1290	TUESDAY	ODD	373	4	52
1291	TUESDAY	EVEN	373	4	52
2877	TUESDAY	EVEN	1235	3	56
1188	MONDAY	EVEN	209	1	60
2878	WEDNESDAY	ODD	1216	1	68
2880	WEDNESDAY	ODD	1157	2	68
2884	FRIDAY	ODD	1237	2	65
1297	FRIDAY	ODD	320	4	54
1298	TUESDAY	ODD	326	1	63
1299	TUESDAY	EVEN	326	1	63
1300	TUESDAY	ODD	380	3	60
1301	TUESDAY	EVEN	380	3	60
1302	WEDNESDAY	ODD	368	4	60
1303	WEDNESDAY	EVEN	368	4	60
1304	WEDNESDAY	ODD	359	7	60
1305	WEDNESDAY	EVEN	359	7	60
1267	MONDAY	EVEN	182	1	60
1266	MONDAY	ODD	182	1	60
2885	FRIDAY	EVEN	1237	2	65
3163	TUESDAY	EVEN	1351	4	61
3165	TUESDAY	EVEN	1352	4	61
3181	THURSDAY	EVEN	1242	3	61
3182	WEDNESDAY	EVEN	1357	4	51
2247	THURSDAY	EVEN	936	2	68
2275	THURSDAY	ODD	941	2	68
1306	MONDAY	ODD	317	3	55
1307	MONDAY	ODD	316	2	58
1310	WEDNESDAY	ODD	289	2	63
1316	WEDNESDAY	ODD	444	2	59
1320	TUESDAY	ODD	469	3	56
1322	TUESDAY	ODD	466	4	53
1323	TUESDAY	EVEN	466	4	53
1329	TUESDAY	EVEN	451	3	56
1330	TUESDAY	ODD	450	4	53
1334	TUESDAY	ODD	433	1	54
1336	WEDNESDAY	ODD	425	2	59
1759	TUESDAY	ODD	149	3	53
1763	THURSDAY	ODD	94	2	58
1766	FRIDAY	EVEN	160	3	59
1768	MONDAY	EVEN	445	3	54
2919	FRIDAY	ODD	1231	2	65
2154	THURSDAY	EVEN	811	2	53
2157	MONDAY	ODD	838	1	68
2163	MONDAY	ODD	854	1	68
2166	FRIDAY	ODD	856	3	59
2174	MONDAY	EVEN	882	3	65
2177	TUESDAY	ODD	879	1	53
2178	TUESDAY	EVEN	879	1	53
2179	TUESDAY	ODD	883	2	51
2183	TUESDAY	ODD	889	7	55
2184	TUESDAY	EVEN	889	7	55
2185	WEDNESDAY	ODD	878	2	56
2186	WEDNESDAY	EVEN	878	2	56
2193	THURSDAY	EVEN	880	2	56
2200	FRIDAY	EVEN	884	3	53
2202	FRIDAY	EVEN	881	4	68
2155	THURSDAY	ODD	834	7	56
2156	THURSDAY	EVEN	834	7	56
2203	MONDAY	ODD	918	2	56
2206	MONDAY	EVEN	910	3	65
2209	WEDNESDAY	ODD	924	7	72
2210	WEDNESDAY	EVEN	924	7	72
2211	FRIDAY	ODD	916	3	53
2217	TUESDAY	ODD	900	1	53
2218	TUESDAY	EVEN	900	1	53
2225	WEDNESDAY	ODD	902	1	55
2226	WEDNESDAY	EVEN	902	1	55
2228	WEDNESDAY	EVEN	932	2	55
2235	WEDNESDAY	ODD	925	7	72
2259	MONDAY	ODD	911	4	65
2260	MONDAY	EVEN	911	4	65
2262	MONDAY	EVEN	919	7	55
2263	TUESDAY	ODD	901	1	53
2267	FRIDAY	ODD	906	4	68
2271	FRIDAY	ODD	943	3	58
2273	THURSDAY	ODD	944	3	60
2274	THURSDAY	EVEN	944	3	60
2677	TUESDAY	ODD	1291	2	50
2695	MONDAY	ODD	1305	3	50
2697	MONDAY	EVEN	1305	3	50
2730	THURSDAY	ODD	1319	1	64
2732	THURSDAY	ODD	1320	2	57
2749	WEDNESDAY	ODD	1318	3	54
2750	WEDNESDAY	EVEN	1317	3	57
2266	WEDNESDAY	EVEN	935	1	60
2886	THURSDAY	ODD	1208	7	57
2891	MONDAY	EVEN	1219	3	56
2892	MONDAY	EVEN	1219	4	60
2897	TUESDAY	ODD	1234	2	61
2901	WEDNESDAY	ODD	1217	1	68
2904	WEDNESDAY	EVEN	1158	2	68
2905	THURSDAY	ODD	1209	7	57
2906	THURSDAY	EVEN	1209	7	57
2907	FRIDAY	ODD	1240	1	56
2909	FRIDAY	ODD	1238	2	65
2920	FRIDAY	ODD	1232	3	55
2921	FRIDAY	EVEN	1232	3	55
2922	WEDNESDAY	ODD	1120	1	68
2928	TUESDAY	ODD	1207	4	58
2930	MONDAY	ODD	1128	4	55
3160	THURSDAY	ODD	1101	4	65
3161	THURSDAY	EVEN	1099	4	63
3164	TUESDAY	ODD	1352	4	61
3166	TUESDAY	ODD	1353	4	61
3168	TUESDAY	ODD	1354	7	61
3171	TUESDAY	EVEN	1355	7	61
3172	TUESDAY	ODD	1356	4	61
3173	TUESDAY	EVEN	1356	4	61
3177	THURSDAY	ODD	1272	3	51
2175	MONDAY	ODD	885	4	55
2176	MONDAY	EVEN	885	4	55
2246	THURSDAY	ODD	936	2	68
3204	THURSDAY	EVEN	1286	3	50
1308	MONDAY	EVEN	316	2	58
1309	MONDAY	EVEN	317	3	55
2158	MONDAY	ODD	840	3	68
1326	WEDNESDAY	ODD	441	2	59
1328	TUESDAY	ODD	451	3	56
1331	TUESDAY	EVEN	450	4	53
1337	WEDNESDAY	EVEN	425	2	59
1773	FRIDAY	ODD	618	3	66
2164	MONDAY	ODD	859	3	68
2167	FRIDAY	EVEN	856	3	59
2169	FRIDAY	ODD	857	3	59
2170	FRIDAY	EVEN	857	3	59
2171	MONDAY	ODD	855	1	68
2172	MONDAY	ODD	858	3	68
2220	TUESDAY	EVEN	933	2	57
2231	THURSDAY	EVEN	897	2	55
2232	THURSDAY	ODD	897	3	56
2236	WEDNESDAY	EVEN	925	7	72
2237	THURSDAY	ODD	893	3	61
2242	FRIDAY	ODD	917	3	53
2243	FRIDAY	EVEN	917	3	53
2249	TUESDAY	ODD	923	2	63
2250	TUESDAY	EVEN	923	2	63
2251	TUESDAY	ODD	895	3	65
2252	TUESDAY	EVEN	895	3	65
2258	MONDAY	EVEN	903	3	55
2261	MONDAY	ODD	919	7	55
2264	TUESDAY	EVEN	901	1	53
2277	WEDNESDAY	ODD	926	7	72
2278	WEDNESDAY	EVEN	926	7	72
2684	WEDNESDAY	ODD	1298	3	66
2685	THURSDAY	ODD	1290	1	50
2687	THURSDAY	EVEN	1295	2	50
2690	FRIDAY	ODD	1300	2	62
2692	FRIDAY	ODD	1300	3	62
2698	TUESDAY	ODD	1307	2	50
2699	TUESDAY	EVEN	1304	2	50
2700	TUESDAY	EVEN	1303	3	50
2714	MONDAY	ODD	1338	4	67
2716	MONDAY	EVEN	1344	7	67
2718	TUESDAY	EVEN	1341	1	64
2722	TUESDAY	EVEN	1335	3	64
2723	WEDNESDAY	ODD	1335	2	54
2725	WEDNESDAY	ODD	1339	3	65
2726	WEDNESDAY	EVEN	1340	3	54
2887	THURSDAY	EVEN	1208	7	57
2911	WEDNESDAY	ODD	1156	2	68
2914	WEDNESDAY	EVEN	1230	3	60
2915	THURSDAY	ODD	1164	2	55
2923	WEDNESDAY	EVEN	1120	1	68
2924	TUESDAY	ODD	1229	2	61
2925	TUESDAY	EVEN	1229	2	61
2929	TUESDAY	EVEN	1207	4	58
2937	TUESDAY	ODD	1186	1	63
2938	TUESDAY	EVEN	1186	1	63
2941	WEDNESDAY	ODD	1113	1	68
2960	MONDAY	EVEN	1133	2	65
2961	MONDAY	ODD	1193	3	65
3162	TUESDAY	ODD	1351	4	61
3175	TUESDAY	EVEN	1356	7	61
3176	THURSDAY	EVEN	1246	3	51
3180	THURSDAY	ODD	1262	3	63
2276	THURSDAY	EVEN	941	2	68
3206	WEDNESDAY	ODD	1358	8	51
3207	WEDNESDAY	EVEN	1358	8	51
3210	MONDAY	ODD	1350	2	62
1311	WEDNESDAY	EVEN	289	2	63
1312	TUESDAY	ODD	300	3	64
1313	TUESDAY	EVEN	300	3	64
1317	WEDNESDAY	EVEN	444	2	59
2287	TUESDAY	ODD	945	1	65
2293	MONDAY	EVEN	912	4	65
1321	TUESDAY	EVEN	469	3	56
1327	WEDNESDAY	EVEN	441	2	59
1332	TUESDAY	ODD	455	1	54
1333	TUESDAY	EVEN	455	1	54
1335	TUESDAY	EVEN	433	1	54
2298	MONDAY	EVEN	952	3	59
2299	MONDAY	ODD	958	4	59
1340	TUESDAY	EVEN	471	7	59
1341	WEDNESDAY	ODD	290	4	55
1342	WEDNESDAY	EVEN	290	4	55
1343	THURSDAY	ODD	516	7	63
1344	THURSDAY	EVEN	516	7	63
1345	TUESDAY	EVEN	476	7	59
1346	TUESDAY	EVEN	517	7	68
1347	TUESDAY	EVEN	524	7	68
1348	TUESDAY	EVEN	473	7	68
1349	THURSDAY	ODD	548	7	63
1350	THURSDAY	EVEN	548	7	63
1351	THURSDAY	ODD	560	1	57
1352	THURSDAY	EVEN	560	1	57
1353	THURSDAY	ODD	559	2	57
1354	THURSDAY	EVEN	559	2	57
1355	THURSDAY	ODD	563	2	57
1356	THURSDAY	EVEN	563	2	57
1357	THURSDAY	ODD	561	3	57
1358	THURSDAY	EVEN	561	3	57
1359	THURSDAY	ODD	564	2	57
1360	THURSDAY	EVEN	564	2	57
1361	THURSDAY	ODD	562	3	57
1362	THURSDAY	EVEN	562	3	57
1363	MONDAY	ODD	604	2	61
1364	MONDAY	ODD	583	2	61
1365	TUESDAY	ODD	597	2	53
1366	TUESDAY	EVEN	598	2	53
1367	TUESDAY	ODD	595	4	57
1368	TUESDAY	ODD	623	2	53
1369	TUESDAY	EVEN	624	2	53
1370	TUESDAY	ODD	626	4	53
1371	TUESDAY	EVEN	659	4	53
1372	TUESDAY	EVEN	622	7	53
1373	TUESDAY	EVEN	608	7	53
1374	TUESDAY	ODD	611	2	53
1375	TUESDAY	EVEN	612	2	53
1376	MONDAY	EVEN	678	1	73
1377	MONDAY	ODD	673	2	73
1378	MONDAY	EVEN	674	2	73
1379	MONDAY	ODD	669	3	73
1380	MONDAY	EVEN	670	3	73
1381	TUESDAY	ODD	667	1	73
1774	FRIDAY	EVEN	617	3	66
1383	TUESDAY	ODD	668	2	73
1775	FRIDAY	ODD	617	4	66
1776	FRIDAY	EVEN	618	4	66
1386	WEDNESDAY	ODD	675	3	73
1387	WEDNESDAY	EVEN	676	3	73
2300	MONDAY	EVEN	958	4	59
2302	MONDAY	EVEN	959	7	59
1390	THURSDAY	ODD	661	3	73
1391	THURSDAY	EVEN	662	3	73
1392	FRIDAY	ODD	677	1	73
2320	THURSDAY	ODD	955	3	52
1395	FRIDAY	EVEN	672	2	73
2321	THURSDAY	EVEN	955	4	52
1397	MONDAY	ODD	683	2	73
1398	MONDAY	EVEN	684	2	73
1399	TUESDAY	ODD	682	2	73
1400	TUESDAY	ODD	681	1	73
2322	FRIDAY	ODD	954	3	57
2323	FRIDAY	EVEN	954	3	57
1403	WEDNESDAY	ODD	685	3	73
1404	WEDNESDAY	EVEN	686	3	73
1405	THURSDAY	ODD	664	3	73
1406	THURSDAY	EVEN	665	3	73
2327	FRIDAY	EVEN	908	4	68
1408	THURSDAY	ODD	687	4	73
1409	THURSDAY	EVEN	687	4	73
2329	FRIDAY	EVEN	973	1	53
2330	FRIDAY	ODD	964	3	57
1412	FRIDAY	ODD	672	2	73
1413	FRIDAY	ODD	688	2	73
1414	FRIDAY	EVEN	690	2	73
1415	MONDAY	ODD	692	3	73
1416	MONDAY	EVEN	692	3	73
1417	WEDNESDAY	EVEN	691	4	73
1418	WEDNESDAY	ODD	694	1	73
1419	WEDNESDAY	EVEN	694	1	73
2334	MONDAY	ODD	914	2	53
2341	TUESDAY	EVEN	972	2	66
1422	WEDNESDAY	ODD	700	3	73
1423	WEDNESDAY	EVEN	700	3	73
2346	WEDNESDAY	ODD	968	2	59
2349	WEDNESDAY	EVEN	966	3	59
1426	THURSDAY	ODD	697	3	73
1427	THURSDAY	ODD	693	2	73
1428	THURSDAY	EVEN	693	2	73
1429	THURSDAY	EVEN	697	3	73
1430	FRIDAY	ODD	702	1	73
1431	FRIDAY	EVEN	702	1	73
1432	FRIDAY	ODD	696	2	73
1433	FRIDAY	EVEN	701	2	73
1434	FRIDAY	ODD	695	3	73
1435	FRIDAY	EVEN	695	3	73
2354	THURSDAY	EVEN	965	3	56
2365	WEDNESDAY	ODD	929	7	72
2366	WEDNESDAY	EVEN	929	7	72
2373	TUESDAY	ODD	981	1	66
2377	WEDNESDAY	ODD	969	2	59
2734	MONDAY	ODD	1322	2	54
2736	MONDAY	ODD	1328	3	67
2737	MONDAY	EVEN	1328	3	67
1447	THURSDAY	ODD	724	2	51
1448	THURSDAY	EVEN	724	2	51
1446	THURSDAY	ODD	725	1	51
2739	TUESDAY	ODD	1323	1	64
2319	THURSDAY	ODD	950	2	65
2296	MONDAY	ODD	913	2	53
2350	THURSDAY	ODD	962	1	65
1452	WEDNESDAY	ODD	588	7	56
1453	WEDNESDAY	EVEN	587	3	57
1454	WEDNESDAY	EVEN	616	3	57
1455	WEDNESDAY	ODD	605	3	57
1456	WEDNESDAY	ODD	609	7	56
1457	TUESDAY	ODD	153	4	53
1458	TUESDAY	EVEN	153	4	53
2285	TUESDAY	ODD	938	2	53
1461	MONDAY	ODD	727	4	73
1463	TUESDAY	ODD	729	3	73
1464	TUESDAY	EVEN	730	3	73
1515	FRIDAY	EVEN	75	3	68
1466	TUESDAY	EVEN	716	4	73
1467	TUESDAY	EVEN	716	2	73
1468	TUESDAY	ODD	715	1	73
1469	TUESDAY	EVEN	715	1	73
1470	TUESDAY	ODD	714	2	73
1471	WEDNESDAY	ODD	726	4	73
1472	WEDNESDAY	EVEN	726	4	73
1473	THURSDAY	EVEN	720	1	73
1474	WEDNESDAY	ODD	719	3	73
1475	WEDNESDAY	EVEN	719	3	73
1476	WEDNESDAY	ODD	717	1	73
1477	WEDNESDAY	EVEN	717	1	73
1478	THURSDAY	ODD	711	1	73
1479	THURSDAY	EVEN	706	1	73
1480	THURSDAY	ODD	710	3	73
1481	THURSDAY	EVEN	710	3	73
1482	TUESDAY	ODD	723	3	73
1483	TUESDAY	EVEN	723	3	73
1484	TUESDAY	ODD	712	1	73
1485	TUESDAY	EVEN	712	1	73
1486	TUESDAY	ODD	713	2	73
1487	TUESDAY	EVEN	709	2	73
1488	TUESDAY	EVEN	709	4	73
1489	WEDNESDAY	ODD	708	1	73
1490	WEDNESDAY	EVEN	708	1	73
1491	WEDNESDAY	ODD	704	2	73
1492	WEDNESDAY	EVEN	704	2	73
1493	WEDNESDAY	ODD	705	3	73
1494	WEDNESDAY	EVEN	705	3	73
1516	FRIDAY	EVEN	109	3	68
1496	FRIDAY	EVEN	674	1	73
1497	WEDNESDAY	EVEN	668	1	73
1498	WEDNESDAY	ODD	660	2	73
1499	WEDNESDAY	EVEN	660	2	73
1500	TUESDAY	EVEN	678	2	73
1501	WEDNESDAY	EVEN	682	1	73
1502	WEDNESDAY	ODD	666	2	73
1503	WEDNESDAY	EVEN	666	2	73
1504	FRIDAY	EVEN	684	1	73
2301	MONDAY	ODD	959	7	59
1507	TUESDAY	ODD	630	1	67
1508	TUESDAY	ODD	285	4	52
1509	TUESDAY	EVEN	285	4	52
1510	FRIDAY	ODD	284	3	68
1512	TUESDAY	EVEN	732	1	64
1511	TUESDAY	ODD	732	1	64
1513	TUESDAY	ODD	731	1	64
1514	TUESDAY	EVEN	731	1	64
2308	WEDNESDAY	ODD	949	2	59
1518	FRIDAY	EVEN	386	4	53
1519	WEDNESDAY	ODD	406	3	58
1520	WEDNESDAY	EVEN	406	3	58
1521	WEDNESDAY	ODD	409	3	58
1522	WEDNESDAY	EVEN	409	3	58
1523	WEDNESDAY	ODD	410	3	58
1524	WEDNESDAY	EVEN	410	3	58
1525	FRIDAY	EVEN	733	3	68
1526	FRIDAY	ODD	325	3	54
1527	FRIDAY	EVEN	734	3	68
1528	THURSDAY	ODD	698	1	73
1529	WEDNESDAY	ODD	699	4	73
1530	WEDNESDAY	ODD	735	2	73
1531	WEDNESDAY	EVEN	735	2	73
1532	THURSDAY	ODD	703	4	73
1533	THURSDAY	EVEN	703	1	73
1534	FRIDAY	EVEN	671	3	73
2317	THURSDAY	EVEN	953	3	52
2318	THURSDAY	ODD	953	4	52
2325	FRIDAY	EVEN	907	4	68
2331	FRIDAY	EVEN	964	3	57
2337	MONDAY	EVEN	976	3	53
2741	TUESDAY	EVEN	1330	2	67
2742	TUESDAY	ODD	1318	3	67
2747	WEDNESDAY	EVEN	1327	2	54
2752	TUESDAY	ODD	1314	4	63
2888	MONDAY	ODD	1224	2	66
2890	MONDAY	ODD	1219	3	56
2895	TUESDAY	ODD	1166	1	55
2902	WEDNESDAY	EVEN	1217	1	68
2903	WEDNESDAY	ODD	1158	2	68
2910	FRIDAY	EVEN	1238	2	57
2912	WEDNESDAY	EVEN	1156	2	68
2913	WEDNESDAY	ODD	1230	3	60
2916	THURSDAY	EVEN	1164	2	55
2918	FRIDAY	EVEN	1231	2	57
2933	MONDAY	ODD	1131	2	65
2297	MONDAY	EVEN	913	2	53
2316	THURSDAY	EVEN	948	2	65
2353	THURSDAY	EVEN	960	2	65
3208	WEDNESDAY	ODD	1359	8	51
3211	MONDAY	EVEN	1350	2	62
5152	FRIDAY	EVEN	2084	2	65
3270	MONDAY	ODD	1647	8	54
3271	MONDAY	ODD	1648	8	54
5153	FRIDAY	EVEN	2085	2	65
5156	MONDAY	EVEN	2065	3	53
5157	MONDAY	EVEN	2066	3	53
3285	TUESDAY	ODD	1710	2	68
3286	TUESDAY	ODD	1711	2	68
3287	TUESDAY	ODD	1712	2	68
3288	TUESDAY	ODD	1713	2	68
3289	TUESDAY	ODD	1714	2	68
3290	TUESDAY	ODD	1715	2	68
3291	TUESDAY	EVEN	1710	2	68
3292	TUESDAY	EVEN	1711	2	68
3293	TUESDAY	EVEN	1712	2	68
3294	TUESDAY	EVEN	1713	2	68
3295	TUESDAY	EVEN	1714	2	68
3296	TUESDAY	EVEN	1715	2	68
3322	WEDNESDAY	ODD	1718	2	57
3323	WEDNESDAY	EVEN	1718	2	57
3325	WEDNESDAY	ODD	1721	7	72
3326	WEDNESDAY	ODD	1722	7	72
3327	WEDNESDAY	ODD	1723	7	72
3328	WEDNESDAY	ODD	1724	7	72
3329	WEDNESDAY	ODD	1725	7	72
3330	WEDNESDAY	ODD	1726	7	72
3331	WEDNESDAY	ODD	1727	7	72
3332	WEDNESDAY	ODD	1728	7	72
3333	WEDNESDAY	ODD	1729	7	72
3334	WEDNESDAY	ODD	1730	7	72
3335	WEDNESDAY	ODD	1731	7	72
3336	WEDNESDAY	EVEN	1721	7	72
3337	WEDNESDAY	EVEN	1722	7	72
3338	WEDNESDAY	EVEN	1723	7	72
3339	WEDNESDAY	EVEN	1724	7	72
3340	WEDNESDAY	EVEN	1725	7	72
3341	WEDNESDAY	EVEN	1726	7	72
3342	WEDNESDAY	EVEN	1727	7	72
3343	WEDNESDAY	EVEN	1728	7	72
3344	WEDNESDAY	EVEN	1729	7	72
3346	WEDNESDAY	EVEN	1731	7	72
5002	FRIDAY	ODD	1995	2	55
3350	THURSDAY	EVEN	1720	7	60
5158	THURSDAY	ODD	2014	1	68
5159	THURSDAY	ODD	2015	1	68
3370	WEDNESDAY	ODD	1719	2	57
3381	FRIDAY	ODD	1672	2	57
5160	THURSDAY	ODD	2016	1	68
5161	THURSDAY	EVEN	2014	1	68
5162	THURSDAY	EVEN	2015	1	68
5163	THURSDAY	EVEN	2016	1	68
5170	THURSDAY	EVEN	2028	3	53
5171	THURSDAY	EVEN	2029	3	53
5180	TUESDAY	EVEN	2485	1	110
5181	THURSDAY	ODD	2062	3	65
5182	THURSDAY	ODD	2063	3	65
5183	THURSDAY	ODD	2064	3	65
5166	THURSDAY	EVEN	2017	2	66
5167	THURSDAY	EVEN	2018	2	66
3345	WEDNESDAY	EVEN	1730	7	72
3349	THURSDAY	ODD	1720	7	60
5168	THURSDAY	ODD	2028	3	53
5169	THURSDAY	ODD	2029	3	53
3371	WEDNESDAY	EVEN	1719	2	57
5173	FRIDAY	ODD	1994	4	55
3376	THURSDAY	EVEN	1748	3	55
3377	THURSDAY	ODD	1688	4	58
3378	THURSDAY	EVEN	1688	4	58
5184	THURSDAY	EVEN	2062	3	65
3382	FRIDAY	EVEN	1672	2	57
5185	THURSDAY	EVEN	2063	3	65
5186	THURSDAY	EVEN	2064	3	65
5165	THURSDAY	ODD	2018	2	66
5164	THURSDAY	ODD	2017	2	66
3419	MONDAY	ODD	1819	3	73
3433	MONDAY	EVEN	1825	3	73
3418	MONDAY	ODD	1818	3	73
5172	WEDNESDAY	EVEN	1994	3	60
3373	THURSDAY	ODD	1747	3	55
3374	THURSDAY	ODD	1748	3	55
3375	THURSDAY	EVEN	1747	3	55
3487	FRIDAY	ODD	1849	1	57
3361	TUESDAY	ODD	1733	1	58
3365	TUESDAY	EVEN	1733	1	58
3364	TUESDAY	ODD	1736	1	58
3368	TUESDAY	EVEN	1736	1	58
3554	FRIDAY	ODD	1773	3	56
3555	FRIDAY	EVEN	1773	3	56
3485	THURSDAY	ODD	1848	4	58
3486	THURSDAY	EVEN	1848	4	58
3488	FRIDAY	EVEN	1849	1	57
3489	FRIDAY	ODD	1851	2	57
3490	FRIDAY	EVEN	1851	2	57
3491	FRIDAY	ODD	1850	1	57
3492	FRIDAY	EVEN	1850	1	57
3493	THURSDAY	ODD	1852	2	57
3494	THURSDAY	EVEN	1852	2	57
3497	FRIDAY	ODD	1857	2	58
3498	FRIDAY	EVEN	1857	2	58
3495	FRIDAY	ODD	1853	3	58
3496	FRIDAY	EVEN	1853	3	58
3499	THURSDAY	ODD	1749	1	56
3500	THURSDAY	EVEN	1749	1	56
3501	THURSDAY	ODD	1854	2	57
3502	THURSDAY	EVEN	1854	2	57
3503	FRIDAY	ODD	1855	2	58
3504	FRIDAY	EVEN	1855	2	58
3505	FRIDAY	ODD	1856	3	58
3506	FRIDAY	EVEN	1856	3	58
3507	WEDNESDAY	ODD	1675	2	67
3508	WEDNESDAY	EVEN	1675	2	67
3510	THURSDAY	ODD	1758	2	56
3511	THURSDAY	EVEN	1758	2	56
3516	FRIDAY	ODD	1862	1	66
3517	FRIDAY	ODD	1858	2	66
3518	FRIDAY	EVEN	1858	2	66
3519	FRIDAY	EVEN	1859	3	66
3522	WEDNESDAY	ODD	1676	2	67
3523	WEDNESDAY	EVEN	1676	2	67
3525	THURSDAY	ODD	1759	2	52
3526	THURSDAY	EVEN	1759	2	52
3527	FRIDAY	ODD	1863	1	66
3528	FRIDAY	ODD	1864	2	66
3529	FRIDAY	EVEN	1864	2	66
3530	FRIDAY	EVEN	1755	3	66
3531	TUESDAY	ODD	1768	2	53
3532	TUESDAY	ODD	1769	2	53
3533	TUESDAY	EVEN	1768	2	53
3534	TUESDAY	EVEN	1769	2	53
3537	WEDNESDAY	EVEN	1677	1	61
3538	WEDNESDAY	ODD	1867	2	61
3546	THURSDAY	ODD	1869	2	61
3547	THURSDAY	ODD	1870	2	61
3548	THURSDAY	EVEN	1869	2	61
3549	THURSDAY	EVEN	1870	2	61
3550	THURSDAY	ODD	1764	3	61
3551	THURSDAY	EVEN	1764	3	61
3553	FRIDAY	EVEN	1868	2	67
3556	THURSDAY	ODD	1763	3	61
3557	THURSDAY	EVEN	1763	3	61
3561	FRIDAY	EVEN	1867	2	67
3562	WEDNESDAY	EVEN	1678	1	61
3563	WEDNESDAY	ODD	1868	2	61
3573	TUESDAY	ODD	1874	1	66
3574	TUESDAY	EVEN	1874	1	66
3558	FRIDAY	ODD	1772	1	56
3559	FRIDAY	EVEN	1772	1	56
3420	MONDAY	ODD	1820	3	73
3428	MONDAY	EVEN	1820	3	73
3421	MONDAY	ODD	1821	3	73
3575	TUESDAY	ODD	1908	2	61
3576	TUESDAY	EVEN	1908	2	61
3427	MONDAY	EVEN	1819	3	73
3429	MONDAY	EVEN	1821	3	73
3422	MONDAY	ODD	1822	3	73
3430	MONDAY	EVEN	1822	3	73
3423	MONDAY	ODD	1823	3	73
3431	MONDAY	EVEN	1823	3	73
3424	MONDAY	ODD	1824	3	73
3432	MONDAY	EVEN	1824	3	73
3425	MONDAY	ODD	1825	3	73
3426	MONDAY	EVEN	1818	3	73
3569	MONDAY	ODD	1891	3	59
3570	MONDAY	ODD	1892	3	59
3637	TUESDAY	ODD	1915	2	57
3638	TUESDAY	EVEN	1926	2	57
3639	WEDNESDAY	EVEN	1914	1	66
3636	TUESDAY	EVEN	1917	1	57
3635	TUESDAY	ODD	1917	1	57
3626	TUESDAY	ODD	1909	2	55
3627	TUESDAY	EVEN	1909	2	55
3642	FRIDAY	ODD	1921	3	68
3649	WEDNESDAY	EVEN	1932	1	68
3650	WEDNESDAY	EVEN	1933	1	68
3651	WEDNESDAY	EVEN	1934	1	68
3652	WEDNESDAY	EVEN	1935	1	68
3653	WEDNESDAY	EVEN	1936	1	68
3654	WEDNESDAY	EVEN	1937	1	68
3655	WEDNESDAY	ODD	1939	2	68
3656	WEDNESDAY	ODD	1940	2	68
3657	WEDNESDAY	ODD	1941	2	68
3658	WEDNESDAY	ODD	1942	2	68
3659	WEDNESDAY	ODD	1943	2	68
3660	WEDNESDAY	ODD	1944	2	68
3661	WEDNESDAY	EVEN	1939	2	68
3662	WEDNESDAY	EVEN	1940	2	68
3663	WEDNESDAY	EVEN	1941	2	68
3664	WEDNESDAY	EVEN	1942	2	68
3665	WEDNESDAY	EVEN	1943	2	68
3666	WEDNESDAY	EVEN	1944	2	68
3744	THURSDAY	ODD	1945	4	60
3745	THURSDAY	EVEN	1945	4	60
3754	MONDAY	ODD	1982	1	56
3755	MONDAY	EVEN	1982	1	56
3756	MONDAY	ODD	1983	2	56
3757	MONDAY	EVEN	1983	2	56
3758	MONDAY	ODD	1984	3	56
3759	MONDAY	EVEN	1984	3	56
3760	TUESDAY	ODD	1986	4	52
3761	TUESDAY	EVEN	1986	4	52
3762	TUESDAY	ODD	1987	7	58
3763	TUESDAY	EVEN	1987	7	58
3643	WEDNESDAY	ODD	1932	1	68
3644	WEDNESDAY	ODD	1933	1	68
3645	WEDNESDAY	ODD	1934	1	68
3646	WEDNESDAY	ODD	1935	1	68
3647	WEDNESDAY	ODD	1936	1	68
3648	WEDNESDAY	ODD	1937	1	68
3698	MONDAY	ODD	1967	4	58
3704	MONDAY	EVEN	1967	4	58
3699	MONDAY	ODD	1968	4	58
3705	MONDAY	EVEN	1968	4	58
3700	MONDAY	ODD	1969	4	58
3706	MONDAY	EVEN	1969	4	58
3701	MONDAY	ODD	1970	4	58
3707	MONDAY	EVEN	1970	4	58
3708	MONDAY	EVEN	1971	4	58
3702	MONDAY	ODD	1971	4	58
3621	FRIDAY	ODD	1923	3	68
3742	THURSDAY	ODD	2097	3	56
3743	THURSDAY	EVEN	2097	3	56
3713	TUESDAY	EVEN	1927	3	74
3714	TUESDAY	EVEN	1928	3	74
3715	TUESDAY	EVEN	1929	3	74
3764	THURSDAY	ODD	1981	3	63
3765	THURSDAY	EVEN	1981	3	63
3725	THURSDAY	ODD	1930	1	65
3728	THURSDAY	EVEN	1930	1	65
3726	THURSDAY	ODD	1931	1	65
3727	THURSDAY	EVEN	1931	1	65
3766	THURSDAY	ODD	2098	4	52
3772	MONDAY	EVEN	1996	3	55
3767	THURSDAY	EVEN	2098	4	52
3771	MONDAY	ODD	1996	3	55
3773	MONDAY	ODD	2105	4	55
3774	MONDAY	EVEN	2105	4	55
3775	MONDAY	ODD	2099	7	55
3776	MONDAY	EVEN	2099	7	55
3777	TUESDAY	ODD	2006	1	61
3778	TUESDAY	EVEN	2006	1	61
3783	THURSDAY	ODD	2004	4	56
3784	THURSDAY	EVEN	2004	4	56
3785	THURSDAY	ODD	1988	7	56
3786	THURSDAY	EVEN	1988	7	56
3894	WEDNESDAY	EVEN	2048	3	65
3892	WEDNESDAY	ODD	2048	3	65
3825	TUESDAY	ODD	2030	1	52
3793	TUESDAY	ODD	2008	2	58
3794	TUESDAY	EVEN	2008	2	58
3795	TUESDAY	ODD	1993	3	63
3796	TUESDAY	EVEN	1993	3	63
3797	TUESDAY	ODD	2005	4	63
3798	TUESDAY	EVEN	2005	4	63
3827	TUESDAY	EVEN	2030	1	52
3826	TUESDAY	ODD	2031	1	52
3828	TUESDAY	EVEN	2031	1	52
3850	FRIDAY	EVEN	2030	2	55
3851	FRIDAY	EVEN	2031	2	55
3902	THURSDAY	ODD	2042	2	53
3815	MONDAY	ODD	2032	1	66
3816	MONDAY	ODD	2033	1	66
3817	MONDAY	ODD	2032	2	66
3818	MONDAY	ODD	2033	2	66
3819	MONDAY	EVEN	2024	2	66
3820	MONDAY	EVEN	2025	2	66
3821	MONDAY	ODD	2022	3	66
3822	MONDAY	ODD	2023	3	66
3823	MONDAY	EVEN	2022	3	66
3824	MONDAY	EVEN	2023	3	66
3829	TUESDAY	ODD	2026	2	66
3830	TUESDAY	ODD	2027	2	66
3831	TUESDAY	EVEN	2026	2	66
3832	TUESDAY	EVEN	2027	2	66
3872	TUESDAY	ODD	2011	2	58
3873	TUESDAY	EVEN	2011	2	58
3880	WEDNESDAY	ODD	2036	1	59
3881	WEDNESDAY	ODD	2037	1	59
3882	WEDNESDAY	ODD	2038	1	59
3883	WEDNESDAY	EVEN	2036	1	59
3884	WEDNESDAY	EVEN	2037	1	59
3885	WEDNESDAY	EVEN	2038	1	59
3886	WEDNESDAY	ODD	2039	2	59
3887	WEDNESDAY	ODD	2040	2	59
3888	WEDNESDAY	ODD	2041	2	59
3889	WEDNESDAY	EVEN	2039	2	59
3890	WEDNESDAY	EVEN	2040	2	59
3891	WEDNESDAY	EVEN	2041	2	59
3893	WEDNESDAY	ODD	2049	3	64
3895	WEDNESDAY	EVEN	2049	3	64
3972	TUESDAY	ODD	2125	3	51
3975	TUESDAY	EVEN	2126	3	51
3874	TUESDAY	ODD	2045	3	53
3877	TUESDAY	EVEN	2045	3	53
3875	TUESDAY	ODD	2046	3	53
3878	TUESDAY	EVEN	2046	3	53
3876	TUESDAY	ODD	2047	3	53
3879	TUESDAY	EVEN	2047	3	53
3970	TUESDAY	ODD	2116	2	52
3811	THURSDAY	ODD	2100	3	56
3812	THURSDAY	EVEN	2100	3	56
3781	THURSDAY	ODD	2000	3	60
3782	THURSDAY	EVEN	2000	3	60
3847	FRIDAY	ODD	2035	1	55
3849	FRIDAY	EVEN	2035	1	55
3846	FRIDAY	ODD	2034	1	55
3848	FRIDAY	EVEN	2034	1	55
3787	MONDAY	ODD	2001	2	52
3780	TUESDAY	EVEN	2007	2	51
3779	TUESDAY	ODD	2007	2	51
3788	MONDAY	EVEN	2001	2	52
3790	MONDAY	EVEN	2019	3	57
3918	FRIDAY	EVEN	2063	1	65
3917	FRIDAY	EVEN	2062	1	65
3996	THURSDAY	ODD	2260	1	68
3999	THURSDAY	ODD	2263	1	68
4001	THURSDAY	ODD	2160	1	68
4002	THURSDAY	EVEN	2260	1	68
4003	THURSDAY	EVEN	2261	1	68
4005	THURSDAY	EVEN	2263	1	68
4006	THURSDAY	EVEN	2264	1	68
4014	THURSDAY	ODD	2141	3	57
4016	THURSDAY	ODD	2143	3	57
4020	THURSDAY	EVEN	2143	3	57
4027	FRIDAY	ODD	2119	1	53
4028	FRIDAY	ODD	2120	1	53
4030	FRIDAY	ODD	2122	1	53
4031	FRIDAY	EVEN	2127	1	53
4032	FRIDAY	EVEN	2128	1	53
4035	FRIDAY	ODD	2145	2	53
4039	FRIDAY	EVEN	2145	2	53
4040	FRIDAY	EVEN	2146	2	53
4051	FRIDAY	EVEN	2170	4	52
4053	FRIDAY	EVEN	2172	4	52
4066	WEDNESDAY	EVEN	2265	2	52
4068	WEDNESDAY	EVEN	2117	3	52
4069	MONDAY	ODD	2188	2	55
4071	MONDAY	EVEN	2188	2	55
4074	TUESDAY	ODD	2191	1	55
4076	TUESDAY	EVEN	2191	1	55
4055	MONDAY	ODD	2150	7	60
4059	TUESDAY	ODD	2182	3	67
4060	TUESDAY	ODD	2183	3	67
4022	THURSDAY	ODD	2139	3	68
4025	THURSDAY	EVEN	2140	3	68
3905	THURSDAY	EVEN	2042	2	53
3903	THURSDAY	ODD	2043	2	53
3906	THURSDAY	EVEN	2043	2	53
3904	THURSDAY	ODD	2044	2	53
3907	THURSDAY	EVEN	2044	2	53
3915	FRIDAY	ODD	2063	1	65
3914	FRIDAY	ODD	2062	1	65
3916	FRIDAY	ODD	2064	1	65
3919	FRIDAY	EVEN	2064	1	65
3927	TUESDAY	ODD	2012	2	67
3928	TUESDAY	EVEN	2012	2	67
3952	MONDAY	ODD	2174	3	53
3953	MONDAY	ODD	2175	3	53
3954	MONDAY	ODD	2176	3	53
3956	MONDAY	EVEN	2174	3	53
3957	MONDAY	EVEN	2175	3	53
3960	MONDAY	ODD	2178	4	56
3961	MONDAY	ODD	2179	4	56
3962	MONDAY	ODD	2180	4	56
3963	MONDAY	ODD	2181	4	56
3978	WEDNESDAY	ODD	2159	1	56
3982	WEDNESDAY	ODD	2131	3	55
4004	THURSDAY	EVEN	2262	1	68
4007	THURSDAY	EVEN	2160	1	68
3971	TUESDAY	EVEN	2116	2	52
3950	FRIDAY	EVEN	2168	3	68
3951	FRIDAY	EVEN	2169	3	68
3973	TUESDAY	ODD	2126	3	51
3974	TUESDAY	EVEN	2125	3	51
3979	WEDNESDAY	EVEN	2159	1	56
3980	WEDNESDAY	ODD	2149	2	55
3981	WEDNESDAY	EVEN	2149	2	55
3990	THURSDAY	ODD	2133	2	68
3992	THURSDAY	ODD	2135	2	68
3994	THURSDAY	ODD	2137	2	68
4008	THURSDAY	EVEN	2133	2	68
4010	THURSDAY	EVEN	2135	2	68
4013	THURSDAY	EVEN	2138	2	68
4058	TUESDAY	EVEN	2124	2	56
4064	WEDNESDAY	EVEN	2132	1	52
4061	TUESDAY	EVEN	2182	3	67
4062	TUESDAY	EVEN	2183	3	67
3977	TUESDAY	ODD	2140	4	68
3943	TUESDAY	ODD	2013	2	67
3944	TUESDAY	EVEN	2013	2	67
3948	FRIDAY	EVEN	2166	3	68
3949	FRIDAY	EVEN	2167	3	68
3955	MONDAY	ODD	2177	3	53
3958	MONDAY	EVEN	2176	3	53
3959	MONDAY	EVEN	2177	3	53
3964	MONDAY	EVEN	2178	4	56
3965	MONDAY	EVEN	2179	4	56
3966	MONDAY	EVEN	2180	4	56
3967	MONDAY	EVEN	2181	4	56
3941	TUESDAY	ODD	2088	1	51
3942	TUESDAY	EVEN	2088	1	51
3945	FRIDAY	EVEN	2163	3	73
3946	FRIDAY	EVEN	2164	3	73
3947	FRIDAY	EVEN	2165	3	73
3983	WEDNESDAY	EVEN	2131	3	55
3991	THURSDAY	ODD	2134	2	68
3993	THURSDAY	ODD	2136	2	68
3995	THURSDAY	ODD	2138	2	68
3997	THURSDAY	ODD	2261	1	68
3998	THURSDAY	ODD	2262	1	68
4000	THURSDAY	ODD	2264	1	68
3976	TUESDAY	ODD	2139	4	68
4009	THURSDAY	EVEN	2134	2	68
4011	THURSDAY	EVEN	2136	2	68
4012	THURSDAY	EVEN	2137	2	68
4026	FRIDAY	ODD	2118	1	53
4029	FRIDAY	ODD	2121	1	53
4033	FRIDAY	EVEN	2129	1	53
4034	FRIDAY	EVEN	2130	1	53
4036	FRIDAY	ODD	2146	2	53
4037	FRIDAY	ODD	2147	2	53
4041	FRIDAY	EVEN	2147	2	53
4043	FRIDAY	ODD	2112	3	53
4044	FRIDAY	ODD	2113	3	53
4046	FRIDAY	ODD	2115	3	53
4047	FRIDAY	ODD	2170	4	52
4048	FRIDAY	ODD	2171	4	52
4050	FRIDAY	ODD	2173	4	52
4057	TUESDAY	ODD	2124	2	56
4075	TUESDAY	EVEN	2190	1	55
4024	THURSDAY	EVEN	2139	3	68
4015	THURSDAY	ODD	2142	3	57
4017	THURSDAY	ODD	2144	3	57
4018	THURSDAY	EVEN	2141	3	57
4019	THURSDAY	EVEN	2142	3	57
4021	THURSDAY	EVEN	2144	3	57
4045	FRIDAY	ODD	2114	3	53
4049	FRIDAY	ODD	2172	4	52
4052	FRIDAY	EVEN	2171	4	52
4054	FRIDAY	EVEN	2173	4	52
4063	WEDNESDAY	ODD	2132	1	52
4065	WEDNESDAY	ODD	2265	2	52
4067	WEDNESDAY	ODD	2117	3	52
4070	MONDAY	ODD	2189	2	55
4072	MONDAY	EVEN	2189	2	55
4073	TUESDAY	ODD	2190	1	55
4081	TUESDAY	ODD	2141	4	57
4082	TUESDAY	ODD	2142	4	57
4083	TUESDAY	ODD	2143	4	57
4084	TUESDAY	ODD	2144	4	57
4085	WEDNESDAY	ODD	2151	2	55
4086	WEDNESDAY	EVEN	2151	2	55
4087	WEDNESDAY	ODD	2186	3	56
4088	WEDNESDAY	ODD	2187	3	56
4089	WEDNESDAY	EVEN	2186	3	56
4090	WEDNESDAY	EVEN	2187	3	56
4093	TUESDAY	ODD	2196	3	66
4094	TUESDAY	ODD	2197	3	66
4095	TUESDAY	EVEN	2196	3	66
4096	TUESDAY	EVEN	2197	3	66
4105	MONDAY	ODD	2213	2	57
4106	MONDAY	ODD	2214	2	57
4107	MONDAY	EVEN	2213	2	57
4108	MONDAY	EVEN	2214	2	57
4110	MONDAY	ODD	2202	3	52
4111	MONDAY	EVEN	2202	3	52
4112	MONDAY	ODD	2206	4	60
4113	MONDAY	EVEN	2206	4	60
4115	TUESDAY	ODD	2209	1	68
4116	TUESDAY	ODD	2210	1	68
4117	TUESDAY	EVEN	2209	1	68
4118	TUESDAY	EVEN	2210	1	68
4123	WEDNESDAY	ODD	2203	3	61
4124	WEDNESDAY	ODD	2204	3	61
4125	WEDNESDAY	ODD	2205	3	61
4126	WEDNESDAY	EVEN	2203	3	61
4127	WEDNESDAY	EVEN	2204	3	61
4128	WEDNESDAY	EVEN	2205	3	61
4129	FRIDAY	ODD	2199	1	61
4130	FRIDAY	ODD	2200	1	61
4131	FRIDAY	EVEN	2199	1	61
4132	FRIDAY	EVEN	2200	1	61
4133	FRIDAY	ODD	2198	2	55
4134	FRIDAY	EVEN	2198	2	55
4135	MONDAY	ODD	2211	1	60
4136	MONDAY	EVEN	2211	1	60
4137	MONDAY	ODD	2215	3	63
4138	MONDAY	EVEN	2215	3	63
4139	TUESDAY	ODD	2201	2	63
4140	TUESDAY	EVEN	2201	2	63
4141	WEDNESDAY	ODD	2207	4	60
4142	WEDNESDAY	ODD	2208	4	60
4143	WEDNESDAY	EVEN	2207	4	60
4144	WEDNESDAY	EVEN	2208	4	60
4145	FRIDAY	ODD	2259	2	56
4146	FRIDAY	EVEN	2259	2	56
4156	MONDAY	EVEN	2234	3	58
4157	TUESDAY	EVEN	2245	1	59
4158	TUESDAY	ODD	2241	2	59
4159	TUESDAY	ODD	2242	2	59
4160	TUESDAY	ODD	2243	2	59
4161	TUESDAY	ODD	2244	2	59
4162	TUESDAY	EVEN	2241	2	59
4163	TUESDAY	EVEN	2242	2	59
4164	TUESDAY	EVEN	2243	2	59
4165	TUESDAY	EVEN	2244	2	59
4166	TUESDAY	ODD	2224	3	59
4167	TUESDAY	ODD	2225	3	59
4168	TUESDAY	ODD	2226	3	59
4176	WEDNESDAY	ODD	2230	1	53
4177	WEDNESDAY	ODD	2231	1	53
4178	WEDNESDAY	EVEN	2230	1	53
4179	WEDNESDAY	EVEN	2231	1	53
4183	WEDNESDAY	EVEN	2218	2	65
4184	WEDNESDAY	EVEN	2219	2	65
4185	WEDNESDAY	EVEN	2220	2	65
4186	WEDNESDAY	ODD	2217	3	56
4187	WEDNESDAY	EVEN	2217	3	56
4191	THURSDAY	ODD	2221	2	66
4192	THURSDAY	ODD	2222	2	66
4193	THURSDAY	ODD	2223	2	66
4056	MONDAY	EVEN	2150	7	60
4120	TUESDAY	EVEN	2212	2	60
4121	WEDNESDAY	ODD	2216	2	63
4122	WEDNESDAY	EVEN	2216	2	63
4147	MONDAY	ODD	2238	2	58
4150	MONDAY	EVEN	2238	2	58
4153	MONDAY	ODD	2238	3	58
4148	MONDAY	ODD	2239	2	58
4151	MONDAY	EVEN	2239	2	58
4154	MONDAY	ODD	2239	3	58
4155	MONDAY	ODD	2240	3	58
4023	THURSDAY	ODD	2140	3	68
4119	TUESDAY	ODD	2212	2	60
4194	THURSDAY	EVEN	2221	2	66
4196	THURSDAY	EVEN	2223	2	66
4215	TUESDAY	EVEN	2246	1	59
4223	MONDAY	EVEN	2235	3	58
4195	THURSDAY	EVEN	2222	2	66
4198	THURSDAY	ODD	2228	3	66
4199	THURSDAY	ODD	2229	3	66
4204	FRIDAY	ODD	2234	2	51
4205	FRIDAY	EVEN	2234	2	51
4206	FRIDAY	ODD	2236	3	51
4213	MONDAY	ODD	2253	4	57
4214	MONDAY	EVEN	2254	4	57
4222	MONDAY	ODD	2257	4	66
4224	MONDAY	EVEN	2257	4	66
4226	MONDAY	EVEN	2258	7	66
4232	FRIDAY	EVEN	2235	2	51
4234	FRIDAY	EVEN	2237	3	51
4197	THURSDAY	ODD	2227	3	66
4200	THURSDAY	EVEN	2227	3	66
4201	THURSDAY	EVEN	2228	3	66
4225	MONDAY	ODD	2258	7	66
4233	FRIDAY	ODD	2237	3	51
4212	MONDAY	EVEN	2253	3	108
4202	THURSDAY	EVEN	2229	3	66
4207	FRIDAY	EVEN	2236	3	51
4231	FRIDAY	ODD	2235	2	51
4258	TUESDAY	ODD	2285	1	65
4259	TUESDAY	ODD	2293	2	65
4260	TUESDAY	ODD	2286	1	65
4261	TUESDAY	ODD	2287	1	65
4262	TUESDAY	ODD	2288	1	65
4263	TUESDAY	ODD	2294	2	65
4264	TUESDAY	ODD	2295	2	65
4265	TUESDAY	ODD	2296	2	65
4266	TUESDAY	ODD	2297	2	65
4267	TUESDAY	ODD	2298	2	65
4268	TUESDAY	EVEN	2285	1	65
4269	TUESDAY	EVEN	2286	1	65
4270	TUESDAY	EVEN	2287	1	65
4271	TUESDAY	EVEN	2288	1	65
4276	TUESDAY	EVEN	2293	2	65
4277	TUESDAY	EVEN	2294	2	65
4278	TUESDAY	EVEN	2295	2	65
4279	TUESDAY	EVEN	2296	2	65
4280	TUESDAY	EVEN	2297	2	65
4281	TUESDAY	EVEN	2298	2	65
4282	TUESDAY	ODD	2311	3	52
4283	TUESDAY	EVEN	2311	3	52
4284	WEDNESDAY	ODD	2317	3	53
4285	WEDNESDAY	ODD	2318	3	53
4286	WEDNESDAY	ODD	2319	3	53
4287	WEDNESDAY	ODD	2320	3	53
4288	WEDNESDAY	ODD	2321	3	53
4289	WEDNESDAY	EVEN	2339	3	53
4290	WEDNESDAY	EVEN	2340	3	53
4291	WEDNESDAY	EVEN	2341	3	53
4296	THURSDAY	ODD	2299	1	60
4297	THURSDAY	EVEN	2299	1	60
4300	FRIDAY	ODD	2305	1	59
4301	FRIDAY	ODD	2306	1	59
4302	FRIDAY	ODD	2307	1	59
4303	FRIDAY	ODD	2308	1	59
4304	FRIDAY	ODD	2309	1	59
4305	FRIDAY	ODD	2310	1	59
4306	FRIDAY	EVEN	2305	1	59
4307	FRIDAY	EVEN	2306	1	59
4308	FRIDAY	EVEN	2307	1	59
4309	FRIDAY	EVEN	2308	1	59
4310	FRIDAY	EVEN	2309	1	59
4311	FRIDAY	EVEN	2310	1	59
4312	FRIDAY	ODD	2331	2	59
4313	FRIDAY	ODD	2332	2	59
4314	FRIDAY	ODD	2333	2	59
4315	FRIDAY	ODD	2334	2	59
4316	FRIDAY	EVEN	2331	2	59
4317	FRIDAY	EVEN	2332	2	59
4318	FRIDAY	EVEN	2333	2	59
4319	FRIDAY	EVEN	2334	2	59
4320	FRIDAY	ODD	2335	3	55
4321	FRIDAY	EVEN	2335	3	55
4322	TUESDAY	ODD	2314	3	56
4323	TUESDAY	ODD	2315	3	56
4324	TUESDAY	ODD	2316	3	56
4325	TUESDAY	EVEN	2314	3	56
4326	TUESDAY	EVEN	2315	3	56
4327	TUESDAY	EVEN	2316	3	56
4332	THURSDAY	ODD	2336	1	52
4333	THURSDAY	EVEN	2336	1	52
4334	THURSDAY	ODD	2300	2	55
4343	THURSDAY	EVEN	2300	2	55
4344	WEDNESDAY	ODD	2324	4	63
4345	WEDNESDAY	EVEN	2324	4	63
4346	THURSDAY	ODD	2301	1	60
4347	THURSDAY	EVEN	2301	1	60
4348	FRIDAY	ODD	2337	3	55
4349	FRIDAY	EVEN	2337	3	55
4354	THURSDAY	ODD	2338	1	52
4355	THURSDAY	EVEN	2338	1	52
4356	THURSDAY	ODD	2302	2	55
4357	THURSDAY	EVEN	2302	2	55
4358	MONDAY	ODD	2356	3	59
4359	MONDAY	ODD	2357	3	59
4360	MONDAY	EVEN	2356	3	59
4339	WEDNESDAY	EVEN	2352	7	55
4335	WEDNESDAY	ODD	2352	7	55
4229	TUESDAY	EVEN	2256	2	54
4240	MONDAY	EVEN	2327	1	68
4340	WEDNESDAY	EVEN	2353	7	55
4337	WEDNESDAY	ODD	2354	7	55
4341	WEDNESDAY	EVEN	2354	7	55
4338	WEDNESDAY	ODD	2355	7	55
4342	WEDNESDAY	EVEN	2355	7	55
4236	MONDAY	ODD	2327	1	68
4273	TUESDAY	EVEN	2290	4	68
4274	TUESDAY	EVEN	2291	4	68
4336	WEDNESDAY	ODD	2353	7	55
4237	MONDAY	ODD	2328	1	68
4241	MONDAY	EVEN	2328	1	68
4238	MONDAY	ODD	2329	1	68
4242	MONDAY	EVEN	2329	1	68
4239	MONDAY	ODD	2330	1	68
4243	MONDAY	EVEN	2330	1	68
4247	MONDAY	ODD	2348	2	59
4252	MONDAY	EVEN	2348	2	59
4253	MONDAY	EVEN	2349	2	59
4248	MONDAY	ODD	2349	2	59
4246	MONDAY	ODD	2347	2	59
4251	MONDAY	EVEN	2347	2	59
4245	MONDAY	ODD	2346	2	59
4250	MONDAY	EVEN	2346	2	59
4244	MONDAY	ODD	2345	2	59
4249	MONDAY	EVEN	2345	2	59
4228	TUESDAY	ODD	2256	2	54
4361	MONDAY	EVEN	2357	3	59
4416	MONDAY	ODD	2389	2	54
4418	MONDAY	ODD	2391	2	54
4364	MONDAY	ODD	2358	4	59
4365	MONDAY	ODD	2359	4	59
4371	TUESDAY	ODD	2303	1	56
4376	TUESDAY	ODD	2371	4	53
4377	TUESDAY	EVEN	2370	4	53
4378	TUESDAY	EVEN	2371	4	53
4379	TUESDAY	ODD	2368	7	53
4381	TUESDAY	EVEN	2368	7	53
4382	TUESDAY	EVEN	2369	7	53
4393	THURSDAY	EVEN	2375	1	63
4408	WEDNESDAY	ODD	2374	3	63
4410	WEDNESDAY	ODD	2363	7	60
4411	WEDNESDAY	EVEN	2363	7	60
4417	MONDAY	ODD	2390	2	54
4372	TUESDAY	EVEN	2303	1	56
4375	TUESDAY	ODD	2370	4	53
4380	TUESDAY	ODD	2369	7	53
4388	WEDNESDAY	ODD	2360	4	61
4389	WEDNESDAY	ODD	2361	4	61
4394	THURSDAY	ODD	2358	2	67
4395	THURSDAY	ODD	2359	2	67
4373	TUESDAY	ODD	2362	3	60
4386	WEDNESDAY	ODD	2326	2	56
4374	TUESDAY	EVEN	2362	3	60
4406	TUESDAY	ODD	2304	1	56
4407	TUESDAY	EVEN	2304	1	56
4409	WEDNESDAY	EVEN	2374	3	63
4412	THURSDAY	ODD	2367	1	55
4413	THURSDAY	EVEN	2367	1	55
4384	WEDNESDAY	ODD	2312	1	55
4385	WEDNESDAY	EVEN	2312	1	55
4387	WEDNESDAY	EVEN	2326	2	56
4390	WEDNESDAY	EVEN	2360	4	61
4391	WEDNESDAY	EVEN	2361	4	61
4392	THURSDAY	ODD	2375	1	63
4402	FRIDAY	ODD	2364	2	61
4403	FRIDAY	ODD	2365	2	61
4404	FRIDAY	EVEN	2364	2	61
4405	FRIDAY	EVEN	2365	2	61
4422	MONDAY	ODD	2383	3	65
4423	MONDAY	ODD	2384	3	65
4424	MONDAY	ODD	2385	3	65
4425	MONDAY	EVEN	2383	3	65
4426	MONDAY	EVEN	2384	3	65
4427	MONDAY	EVEN	2385	3	65
4504	WEDNESDAY	ODD	2050	4	60
4506	WEDNESDAY	EVEN	2050	4	60
4436	TUESDAY	EVEN	2407	4	57
4437	TUESDAY	EVEN	2408	4	57
4438	WEDNESDAY	ODD	2392	2	53
4439	WEDNESDAY	ODD	2393	2	53
4440	WEDNESDAY	ODD	2394	2	53
4441	WEDNESDAY	EVEN	2395	2	53
4442	WEDNESDAY	EVEN	2396	2	53
4443	WEDNESDAY	EVEN	2397	2	53
4447	THURSDAY	ODD	2376	1	51
4448	THURSDAY	ODD	2377	1	51
4449	THURSDAY	EVEN	2376	1	51
4450	THURSDAY	EVEN	2377	1	51
4451	THURSDAY	ODD	2405	2	51
4452	THURSDAY	ODD	2406	2	51
4453	THURSDAY	EVEN	2405	2	51
4454	THURSDAY	EVEN	2406	2	51
4456	THURSDAY	ODD	2102	4	52
4457	THURSDAY	EVEN	2102	4	52
4478	WEDNESDAY	ODD	2415	1	67
4479	WEDNESDAY	EVEN	2415	1	67
4480	THURSDAY	ODD	2413	2	64
4481	THURSDAY	EVEN	2413	2	64
4502	WEDNESDAY	EVEN	2429	4	58
4503	WEDNESDAY	EVEN	2430	4	58
4505	WEDNESDAY	ODD	2051	4	56
4507	WEDNESDAY	EVEN	2051	4	56
4508	THURSDAY	ODD	2194	2	62
4509	THURSDAY	EVEN	2194	2	62
4512	MONDAY	ODD	2461	1	53
4513	MONDAY	ODD	2462	1	53
4514	MONDAY	EVEN	2463	1	53
4515	MONDAY	EVEN	2464	1	53
4516	MONDAY	EVEN	2452	2	53
4517	MONDAY	ODD	2452	2	53
4510	TUESDAY	ODD	2195	4	61
4511	TUESDAY	EVEN	2195	4	61
4181	WEDNESDAY	ODD	2219	2	65
4180	WEDNESDAY	ODD	2218	2	65
4182	WEDNESDAY	ODD	2220	2	65
4538	WEDNESDAY	ODD	2447	3	54
4525	WEDNESDAY	ODD	2458	1	54
4462	FRIDAY	EVEN	2403	2	64
4463	FRIDAY	EVEN	2404	2	64
4541	WEDNESDAY	EVEN	2450	3	54
4495	WEDNESDAY	EVEN	2427	1	57
4496	WEDNESDAY	EVEN	2428	1	57
3789	MONDAY	ODD	2019	3	57
4419	MONDAY	EVEN	2389	2	51
4420	MONDAY	EVEN	2390	2	51
4421	MONDAY	EVEN	2391	2	51
4444	WEDNESDAY	ODD	2382	3	62
4445	WEDNESDAY	EVEN	2382	3	62
4467	WEDNESDAY	ODD	2409	3	59
4469	WEDNESDAY	EVEN	2409	3	59
4471	WEDNESDAY	ODD	2411	4	59
4446	WEDNESDAY	ODD	2381	4	62
4530	WEDNESDAY	ODD	2443	2	54
4464	FRIDAY	EVEN	2403	3	67
4531	WEDNESDAY	ODD	2444	2	54
4532	WEDNESDAY	ODD	2445	2	54
4533	WEDNESDAY	ODD	2446	2	54
4529	WEDNESDAY	EVEN	2459	1	51
4534	WEDNESDAY	EVEN	2443	2	58
4535	WEDNESDAY	EVEN	2444	2	58
4536	WEDNESDAY	EVEN	2445	2	58
4537	WEDNESDAY	EVEN	2446	2	58
4468	WEDNESDAY	ODD	2410	3	59
4470	WEDNESDAY	EVEN	2410	3	59
4472	WEDNESDAY	ODD	2412	4	59
4465	FRIDAY	EVEN	2404	3	67
4518	TUESDAY	ODD	2467	1	53
4519	TUESDAY	EVEN	2466	1	54
4520	TUESDAY	ODD	2439	2	62
4522	TUESDAY	EVEN	2441	2	62
4521	TUESDAY	ODD	2440	2	62
4523	TUESDAY	EVEN	2442	2	62
4540	WEDNESDAY	EVEN	2449	3	54
4561	MONDAY	EVEN	2455	2	53
4569	MONDAY	EVEN	2456	2	53
4576	WEDNESDAY	EVEN	2483	1	58
4605	THURSDAY	ODD	2512	3	54
4606	THURSDAY	ODD	2513	3	54
4611	THURSDAY	EVEN	2510	2	54
4612	THURSDAY	EVEN	2511	2	54
4571	TUESDAY	EVEN	2484	2	110
4559	FRIDAY	EVEN	2475	3	57
4558	FRIDAY	EVEN	2474	3	57
4594	TUESDAY	ODD	2507	2	54
4593	TUESDAY	ODD	2506	2	54
4542	THURSDAY	ODD	2465	2	63
4613	WEDNESDAY	ODD	2523	2	64
4614	WEDNESDAY	EVEN	2524	2	64
4552	FRIDAY	ODD	2472	2	60
4554	FRIDAY	EVEN	2470	2	60
4553	FRIDAY	ODD	2473	2	60
4555	FRIDAY	EVEN	2471	2	60
4577	WEDNESDAY	ODD	2492	3	51
4578	WEDNESDAY	EVEN	2492	3	51
4595	TUESDAY	ODD	2498	3	57
4596	TUESDAY	ODD	2499	3	57
4563	TUESDAY	EVEN	2468	1	54
4562	TUESDAY	ODD	2469	1	53
4579	THURSDAY	ODD	2491	3	110
4560	MONDAY	ODD	2453	2	53
4568	MONDAY	ODD	2454	2	53
4572	TUESDAY	ODD	2482	3	58
4573	TUESDAY	EVEN	2482	3	58
4575	WEDNESDAY	ODD	2483	1	58
4570	TUESDAY	ODD	2484	2	110
4592	TUESDAY	EVEN	2520	2	54
4581	THURSDAY	ODD	2486	4	57
4582	THURSDAY	EVEN	2487	4	57
4564	WEDNESDAY	EVEN	2460	1	51
4574	TUESDAY	EVEN	2493	4	56
4580	THURSDAY	EVEN	2490	3	110
4620	MONDAY	ODD	2060	4	56
4621	MONDAY	EVEN	2060	4	56
4625	WEDNESDAY	ODD	1678	1	61
4626	WEDNESDAY	ODD	1677	1	61
4629	THURSDAY	ODD	2218	1	66
4630	THURSDAY	ODD	2219	1	66
4631	THURSDAY	ODD	2220	1	66
4632	MONDAY	ODD	1950	7	52
4633	MONDAY	EVEN	1950	7	52
4638	TUESDAY	ODD	1956	7	52
4639	TUESDAY	EVEN	1956	7	52
4650	MONDAY	ODD	2101	7	55
4651	MONDAY	EVEN	2101	7	55
4149	MONDAY	ODD	2240	2	58
4152	MONDAY	EVEN	2240	2	58
4652	TUESDAY	EVEN	2224	3	59
4653	TUESDAY	EVEN	2225	3	59
4654	TUESDAY	EVEN	2226	3	59
4661	MONDAY	ODD	2313	2	60
4662	MONDAY	EVEN	2313	2	60
4663	MONDAY	ODD	2366	1	55
4664	MONDAY	EVEN	2366	1	55
4665	MONDAY	EVEN	2358	4	59
4666	MONDAY	EVEN	2359	4	59
4667	THURSDAY	EVEN	2372	2	67
4668	THURSDAY	EVEN	2373	2	67
4669	THURSDAY	EVEN	2372	3	54
4524	WEDNESDAY	ODD	2457	1	54
4676	FRIDAY	EVEN	2490	3	63
4677	WEDNESDAY	ODD	2517	1	57
4678	WEDNESDAY	EVEN	2517	1	57
4681	TUESDAY	EVEN	2504	4	54
4682	TUESDAY	EVEN	2505	4	54
4683	THURSDAY	EVEN	2521	3	64
4684	THURSDAY	EVEN	2516	1	66
4685	THURSDAY	ODD	2514	7	109
4686	THURSDAY	EVEN	2514	7	109
4671	THURSDAY	EVEN	2441	2	111
4724	WEDNESDAY	EVEN	1878	3	53
4691	WEDNESDAY	ODD	1849	3	57
4702	WEDNESDAY	ODD	1850	3	57
4703	WEDNESDAY	ODD	1857	2	58
4706	WEDNESDAY	ODD	1855	2	58
4707	WEDNESDAY	ODD	1840	3	58
4708	WEDNESDAY	ODD	1841	3	58
4726	WEDNESDAY	ODD	1908	4	53
4711	WEDNESDAY	ODD	1755	3	67
4713	WEDNESDAY	ODD	1859	3	67
4727	THURSDAY	ODD	1765	1	61
4728	THURSDAY	EVEN	1765	1	61
4729	THURSDAY	ODD	1735	3	67
4730	THURSDAY	EVEN	1735	3	67
4735	THURSDAY	ODD	1760	3	67
4736	THURSDAY	EVEN	1760	3	67
4737	MONDAY	ODD	1938	4	52
4738	MONDAY	EVEN	1938	4	52
4739	MONDAY	ODD	1997	1	52
4656	TUESDAY	EVEN	2255	4	67
4657	MONDAY	ODD	2529	3	62
4658	MONDAY	EVEN	2529	3	62
4659	MONDAY	ODD	2530	4	62
4660	MONDAY	EVEN	2530	4	62
4583	THURSDAY	ODD	2486	7	57
4647	WEDNESDAY	EVEN	1955	3	68
4646	WEDNESDAY	EVEN	1954	3	68
4645	WEDNESDAY	EVEN	1953	3	68
4644	WEDNESDAY	EVEN	1952	3	68
4272	TUESDAY	EVEN	2289	4	68
4275	TUESDAY	EVEN	2292	4	68
4623	THURSDAY	ODD	2510	2	54
4670	THURSDAY	EVEN	2373	3	54
4624	THURSDAY	ODD	2511	2	54
4672	THURSDAY	EVEN	2442	2	111
4539	WEDNESDAY	ODD	2448	3	54
4687	THURSDAY	ODD	2522	4	61
4688	THURSDAY	EVEN	2522	4	61
4720	WEDNESDAY	ODD	1891	2	53
4722	WEDNESDAY	ODD	1878	3	53
4721	WEDNESDAY	ODD	1892	2	53
4723	WEDNESDAY	ODD	1879	3	53
4725	WEDNESDAY	EVEN	1879	3	53
4719	WEDNESDAY	ODD	1907	1	65
4648	THURSDAY	ODD	2061	4	63
4649	THURSDAY	EVEN	2061	4	63
4636	TUESDAY	ODD	1951	4	58
4637	TUESDAY	EVEN	1951	4	58
4740	MONDAY	EVEN	1997	1	52
4764	THURSDAY	ODD	2342	2	60
4765	THURSDAY	EVEN	2342	2	60
4772	WEDNESDAY	ODD	2323	4	63
4790	MONDAY	ODD	2103	7	55
4791	MONDAY	EVEN	2103	7	55
4797	FRIDAY	ODD	2472	1	58
4798	FRIDAY	ODD	2473	1	58
4800	WEDNESDAY	ODD	2456	4	54
4771	WEDNESDAY	EVEN	2343	2	60
4774	WEDNESDAY	ODD	2344	2	60
4741	TUESDAY	ODD	1989	1	63
4742	TUESDAY	EVEN	1989	1	63
4743	WEDNESDAY	ODD	2184	4	55
4744	WEDNESDAY	ODD	2185	4	55
4745	WEDNESDAY	EVEN	2184	4	55
4746	WEDNESDAY	EVEN	2185	4	55
4749	TUESDAY	ODD	2193	2	64
4750	TUESDAY	EVEN	2193	2	64
4759	TUESDAY	EVEN	2541	3	62
4761	THURSDAY	ODD	2368	3	64
4762	THURSDAY	ODD	2369	3	64
4768	WEDNESDAY	ODD	2350	4	52
4777	WEDNESDAY	EVEN	2325	4	63
4784	MONDAY	EVEN	2386	4	65
4788	FRIDAY	ODD	2401	2	64
4789	FRIDAY	ODD	2402	2	64
4793	THURSDAY	ODD	2104	4	52
4794	THURSDAY	EVEN	2104	4	52
4799	WEDNESDAY	ODD	2451	4	54
4766	WEDNESDAY	ODD	2322	2	56
4767	WEDNESDAY	EVEN	2322	2	56
4897	THURSDAY	ODD	2088	4	53
4751	TUESDAY	ODD	2123	1	52
4752	TUESDAY	EVEN	2123	1	52
4655	TUESDAY	ODD	2255	4	67
4898	THURSDAY	EVEN	2088	4	53
4757	TUESDAY	ODD	2541	3	62
4769	WEDNESDAY	EVEN	2350	4	52
4773	WEDNESDAY	EVEN	2323	4	63
4776	WEDNESDAY	ODD	2325	4	63
4781	THURSDAY	EVEN	2533	7	63
4782	THURSDAY	EVEN	2534	7	63
4783	THURSDAY	EVEN	2535	7	63
4785	MONDAY	EVEN	2387	4	65
4786	MONDAY	EVEN	2388	4	65
4795	FRIDAY	EVEN	2476	4	57
4796	FRIDAY	EVEN	2477	4	57
4801	MONDAY	ODD	2478	3	57
4802	MONDAY	ODD	2479	3	57
4805	MONDAY	EVEN	2481	4	67
4806	MONDAY	EVEN	2480	4	67
4808	MONDAY	ODD	2192	7	57
4830	WEDNESDAY	EVEN	1840	3	58
4831	WEDNESDAY	EVEN	1841	3	58
4832	WEDNESDAY	EVEN	1859	3	67
4833	WEDNESDAY	EVEN	1755	3	67
4834	WEDNESDAY	ODD	2558	7	58
4835	WEDNESDAY	ODD	2559	7	58
4836	WEDNESDAY	ODD	2560	7	58
4837	WEDNESDAY	ODD	2561	7	58
4838	WEDNESDAY	EVEN	2554	7	58
4839	WEDNESDAY	EVEN	2555	7	58
4840	WEDNESDAY	EVEN	2556	7	58
4841	WEDNESDAY	EVEN	2557	7	58
4842	THURSDAY	ODD	2562	7	112
4843	THURSDAY	ODD	2563	7	112
4844	THURSDAY	ODD	2564	7	112
4845	THURSDAY	EVEN	2553	7	112
4846	THURSDAY	EVEN	2551	7	112
4847	THURSDAY	EVEN	2552	7	112
4848	WEDNESDAY	ODD	2566	7	113
4849	WEDNESDAY	EVEN	2565	7	113
4850	THURSDAY	ODD	2569	7	114
4851	THURSDAY	ODD	2570	7	114
4852	THURSDAY	EVEN	2567	7	114
4853	THURSDAY	EVEN	2568	7	114
4770	WEDNESDAY	ODD	2343	2	60
4775	WEDNESDAY	EVEN	2344	2	60
4854	TUESDAY	ODD	2571	3	66
4855	TUESDAY	EVEN	2571	3	66
4856	TUESDAY	ODD	2247	1	59
4857	TUESDAY	ODD	2248	1	59
4858	TUESDAY	ODD	2572	3	66
4859	TUESDAY	EVEN	2572	3	66
4860	THURSDAY	EVEN	2378	3	59
4861	THURSDAY	EVEN	2379	3	59
4862	THURSDAY	ODD	2380	7	62
4863	THURSDAY	ODD	2573	4	115
4864	THURSDAY	EVEN	2573	4	115
4803	MONDAY	EVEN	2478	3	57
4804	MONDAY	EVEN	2479	3	57
4867	TUESDAY	EVEN	2498	3	57
4868	TUESDAY	EVEN	2499	3	57
4869	MONDAY	ODD	2250	1	57
4870	MONDAY	ODD	2249	1	57
4871	MONDAY	EVEN	2250	1	57
4872	MONDAY	EVEN	2249	1	57
4875	TUESDAY	ODD	2232	4	55
4876	TUESDAY	ODD	2233	4	55
4878	TUESDAY	EVEN	2233	4	55
4877	TUESDAY	EVEN	2232	4	55
4879	THURSDAY	ODD	2574	8	116
4880	THURSDAY	ODD	2575	8	116
4881	THURSDAY	EVEN	2574	8	116
4882	THURSDAY	EVEN	2575	8	116
4889	THURSDAY	ODD	2579	7	114
4822	TUESDAY	ODD	2545	7	59
4826	TUESDAY	EVEN	2545	7	59
4823	TUESDAY	ODD	2546	7	59
4827	TUESDAY	EVEN	2546	7	59
4824	TUESDAY	ODD	2547	7	59
4828	TUESDAY	EVEN	2547	7	59
4825	TUESDAY	ODD	2548	7	59
4829	TUESDAY	EVEN	2548	7	59
4890	TUESDAY	EVEN	2059	1	53
4891	TUESDAY	EVEN	2058	1	53
4883	THURSDAY	ODD	2576	8	117
4886	THURSDAY	EVEN	2576	8	117
4884	THURSDAY	ODD	2577	8	117
4887	THURSDAY	EVEN	2577	8	117
4885	THURSDAY	ODD	2578	8	117
4888	THURSDAY	EVEN	2578	8	117
4866	TUESDAY	ODD	2507	1	67
4865	TUESDAY	ODD	2506	1	67
4779	THURSDAY	EVEN	2537	4	66
4778	THURSDAY	EVEN	2536	4	66
4780	THURSDAY	EVEN	2538	4	66
4809	MONDAY	EVEN	2192	7	57
4819	TUESDAY	ODD	2550	1	65
4821	TUESDAY	EVEN	2550	1	65
4818	TUESDAY	ODD	2549	1	65
4820	TUESDAY	EVEN	2549	1	65
4919	MONDAY	EVEN	1891	4	59
4948	WEDNESDAY	EVEN	1868	2	61
4938	THURSDAY	ODD	1911	2	58
4941	THURSDAY	EVEN	1912	3	52
4946	FRIDAY	ODD	1865	2	67
4947	WEDNESDAY	EVEN	1867	2	61
4926	TUESDAY	EVEN	1899	3	68
4927	TUESDAY	EVEN	1900	3	68
4923	TUESDAY	ODD	1901	3	68
4928	TUESDAY	EVEN	1901	3	68
4917	MONDAY	EVEN	1896	3	59
4918	MONDAY	EVEN	1897	3	59
4925	MONDAY	EVEN	1911	4	61
4932	WEDNESDAY	EVEN	1924	2	53
4929	WEDNESDAY	ODD	1915	1	66
4944	THURSDAY	ODD	1898	4	55
4945	THURSDAY	EVEN	1898	4	55
4939	THURSDAY	EVEN	1911	2	58
4940	THURSDAY	ODD	1912	3	52
4807	THURSDAY	EVEN	2459	3	111
4942	THURSDAY	ODD	1903	3	66
4949	FRIDAY	ODD	1866	2	67
4952	MONDAY	ODD	2496	4	64
4920	MONDAY	EVEN	1892	4	59
4930	WEDNESDAY	ODD	1914	2	66
4950	MONDAY	ODD	2497	3	64
4951	MONDAY	EVEN	2496	3	64
4954	WEDNESDAY	EVEN	2520	1	54
4955	TUESDAY	ODD	2257	1	64
5009	FRIDAY	ODD	2020	3	55
5011	FRIDAY	EVEN	2020	3	55
5008	FRIDAY	ODD	2021	3	55
5010	FRIDAY	EVEN	2021	3	55
5035	TUESDAY	ODD	1861	3	54
5037	TUESDAY	EVEN	1861	3	54
5034	TUESDAY	ODD	1860	3	54
4963	THURSDAY	ODD	2251	7	58
4964	THURSDAY	ODD	2252	7	58
4965	THURSDAY	EVEN	2251	7	58
4966	THURSDAY	EVEN	2252	7	58
4967	TUESDAY	ODD	2250	8	53
4968	TUESDAY	ODD	2249	8	53
4969	TUESDAY	EVEN	2251	8	53
4970	TUESDAY	EVEN	2252	8	53
4971	THURSDAY	EVEN	2414	1	58
4972	THURSDAY	ODD	2250	8	58
4973	THURSDAY	ODD	2249	8	58
4974	FRIDAY	ODD	2594	1	64
4975	FRIDAY	EVEN	2594	1	64
4976	FRIDAY	ODD	2594	2	64
4977	FRIDAY	EVEN	2594	2	64
4978	FRIDAY	EVEN	2594	3	64
5036	TUESDAY	EVEN	1860	3	54
4984	FRIDAY	ODD	2093	3	68
4985	FRIDAY	ODD	2094	3	68
4986	FRIDAY	ODD	2095	3	68
4987	FRIDAY	ODD	2096	3	68
4943	THURSDAY	EVEN	1904	3	66
4992	MONDAY	ODD	2398	4	61
4993	MONDAY	ODD	2400	4	61
4994	MONDAY	ODD	2399	4	61
4995	THURSDAY	EVEN	2416	3	64
4996	WEDNESDAY	ODD	1939	3	68
4997	WEDNESDAY	ODD	1940	3	68
4998	WEDNESDAY	ODD	1941	3	68
4999	WEDNESDAY	ODD	1942	3	68
5000	WEDNESDAY	ODD	1943	3	68
5001	WEDNESDAY	ODD	1944	3	68
5003	FRIDAY	EVEN	1995	4	55
5028	TUESDAY	ODD	1709	3	61
5029	TUESDAY	EVEN	1709	3	61
5030	TUESDAY	ODD	1744	3	57
5031	TUESDAY	EVEN	1744	3	57
5032	TUESDAY	ODD	1734	3	57
5033	TUESDAY	EVEN	1734	3	57
5038	MONDAY	ODD	1799	2	73
5039	MONDAY	ODD	1800	2	73
5040	MONDAY	ODD	1801	2	73
5041	MONDAY	ODD	1802	2	73
5042	MONDAY	ODD	1803	2	73
5043	MONDAY	ODD	1804	2	73
5044	MONDAY	ODD	1798	2	73
5045	MONDAY	ODD	1805	2	73
5046	MONDAY	EVEN	1799	2	73
5047	MONDAY	EVEN	1800	2	73
5048	MONDAY	EVEN	1801	2	73
5049	MONDAY	EVEN	1802	2	73
5050	MONDAY	EVEN	1803	2	73
5051	MONDAY	EVEN	1804	2	73
5052	MONDAY	EVEN	1798	2	73
5053	MONDAY	EVEN	1805	2	73
5054	MONDAY	ODD	1829	4	73
5055	MONDAY	ODD	1827	4	73
5056	MONDAY	ODD	1828	4	73
5057	MONDAY	ODD	1830	4	73
5058	MONDAY	ODD	1831	4	73
5059	MONDAY	ODD	1832	4	73
5060	MONDAY	ODD	1833	4	73
5061	MONDAY	ODD	1826	4	73
5062	MONDAY	EVEN	1663	4	73
5063	MONDAY	EVEN	1664	4	73
5064	MONDAY	EVEN	1665	4	73
5065	MONDAY	EVEN	1666	4	73
5066	MONDAY	EVEN	1667	4	73
5067	MONDAY	EVEN	1668	4	73
5068	MONDAY	EVEN	1669	4	73
5069	MONDAY	EVEN	1670	4	73
5070	MONDAY	ODD	1663	7	73
5071	MONDAY	ODD	1664	7	73
5072	MONDAY	ODD	1665	7	73
5073	MONDAY	ODD	1666	7	73
5074	MONDAY	ODD	1667	7	73
5075	MONDAY	ODD	1668	7	73
5076	MONDAY	ODD	1669	7	73
5077	MONDAY	ODD	1670	7	73
5078	MONDAY	ODD	1893	1	68
5079	MONDAY	ODD	1894	1	68
5080	MONDAY	ODD	1895	1	68
5081	MONDAY	EVEN	1893	1	68
5082	MONDAY	EVEN	1894	1	68
5083	MONDAY	EVEN	1895	1	68
5084	MONDAY	ODD	1899	2	68
5085	MONDAY	ODD	1900	2	68
5086	MONDAY	ODD	1901	2	68
5087	MONDAY	EVEN	1899	2	68
5088	MONDAY	EVEN	1900	2	68
5089	MONDAY	EVEN	1901	2	68
4921	TUESDAY	ODD	1899	3	68
4922	TUESDAY	ODD	1900	3	68
4924	MONDAY	EVEN	1915	3	61
4933	WEDNESDAY	EVEN	1925	2	53
4931	WEDNESDAY	EVEN	1916	2	66
5090	FRIDAY	ODD	1880	1	68
5091	FRIDAY	ODD	1881	1	68
5092	FRIDAY	ODD	1882	1	68
5093	FRIDAY	EVEN	1880	1	68
5094	FRIDAY	EVEN	1881	1	68
5095	FRIDAY	EVEN	1882	1	68
5096	FRIDAY	ODD	1875	2	68
5097	FRIDAY	ODD	1877	2	68
5098	FRIDAY	ODD	1876	2	68
5099	FRIDAY	EVEN	1875	2	68
4980	FRIDAY	ODD	2089	3	73
4981	FRIDAY	ODD	2090	3	73
4982	FRIDAY	ODD	2091	3	73
4983	FRIDAY	ODD	2092	3	73
4936	THURSDAY	ODD	1907	2	59
4937	THURSDAY	EVEN	1907	2	59
4934	THURSDAY	ODD	1910	3	59
4935	THURSDAY	EVEN	1910	3	59
5100	FRIDAY	EVEN	1877	2	68
5101	FRIDAY	EVEN	1876	2	68
5103	FRIDAY	ODD	1946	1	73
5104	FRIDAY	ODD	1947	1	73
5105	FRIDAY	ODD	1948	1	73
5106	FRIDAY	ODD	1949	1	73
5107	FRIDAY	EVEN	1946	1	73
5108	FRIDAY	EVEN	1947	1	73
5109	FRIDAY	EVEN	1948	1	73
5111	FRIDAY	ODD	1952	2	73
5112	FRIDAY	ODD	1953	2	73
5113	FRIDAY	ODD	1954	2	73
5114	FRIDAY	ODD	1955	2	73
5119	THURSDAY	ODD	1927	2	65
5120	THURSDAY	ODD	1928	2	65
5121	THURSDAY	ODD	1929	2	65
5122	THURSDAY	EVEN	1927	2	65
5123	THURSDAY	EVEN	1928	2	65
5124	THURSDAY	EVEN	1929	2	65
5102	FRIDAY	ODD	1922	3	68
5110	FRIDAY	EVEN	1949	1	73
5115	FRIDAY	EVEN	1952	2	73
5116	FRIDAY	EVEN	1953	2	73
5117	FRIDAY	EVEN	1954	2	73
5118	FRIDAY	EVEN	1955	2	73
5143	MONDAY	EVEN	2111	2	53
5144	MONDAY	EVEN	2109	2	53
5134	THURSDAY	EVEN	2106	1	68
5135	THURSDAY	EVEN	2107	1	68
5136	THURSDAY	EVEN	2108	1	68
5137	THURSDAY	ODD	2106	1	68
5138	THURSDAY	ODD	2107	1	68
5139	THURSDAY	ODD	2108	1	68
5140	MONDAY	ODD	2111	2	53
5141	MONDAY	ODD	2109	2	53
5142	MONDAY	ODD	2110	2	53
5145	MONDAY	EVEN	2110	2	53
5146	MONDAY	ODD	2086	1	53
5147	MONDAY	ODD	2087	1	53
5148	MONDAY	EVEN	2086	1	53
5149	MONDAY	EVEN	2087	1	53
\.


--
-- Data for Name: semester_day; Type: TABLE DATA; Schema: public; Owner: -
--

COPY public.semester_day (semester_id, day) FROM stdin;
12	THURSDAY
12	FRIDAY
12	WEDNESDAY
46	THURSDAY
46	MONDAY
46	WEDNESDAY
46	TUESDAY
47	MONDAY
47	THURSDAY
47	TUESDAY
47	WEDNESDAY
47	FRIDAY
9	FRIDAY
9	WEDNESDAY
9	THURSDAY
9	MONDAY
9	TUESDAY
12	MONDAY
12	TUESDAY
49	MONDAY
50	MONDAY
50	FRIDAY
50	SATURDAY
51	MONDAY
51	FRIDAY
51	TUESDAY
51	WEDNESDAY
51	THURSDAY
53	WEDNESDAY
53	THURSDAY
53	TUESDAY
53	MONDAY
53	FRIDAY
\.


--
-- Data for Name: semester_group; Type: TABLE DATA; Schema: public; Owner: -
--

COPY public.semester_group (semester_id, group_id) FROM stdin;
9	15
9	1
9	3
9	4
9	5
9	6
9	7
9	9
9	10
9	14
9	11
9	17
9	18
47	52
9	25
9	26
9	27
9	28
9	29
9	30
9	31
9	32
9	33
9	36
9	37
9	38
9	39
9	40
9	41
9	42
9	43
9	44
9	45
9	46
9	47
9	48
9	49
9	50
9	51
9	52
9	53
9	54
9	55
9	56
9	57
9	58
9	59
9	60
9	61
9	62
9	64
9	65
9	66
9	67
9	68
9	69
9	70
9	71
9	72
9	73
9	84
9	85
9	86
9	87
47	57
47	36
47	37
47	53
47	40
47	43
47	44
47	45
47	46
47	50
47	68
47	58
47	60
47	59
47	61
47	62
47	38
47	41
47	49
47	51
47	29
47	27
47	26
47	70
47	33
47	31
47	28
47	84
47	55
47	56
47	39
47	42
47	71
47	85
47	5
47	86
47	32
47	87
47	54
47	73
47	72
47	30
51	30
49	52
49	57
49	37
49	53
49	40
49	43
49	44
49	45
49	46
49	50
49	68
49	60
49	59
49	61
49	62
49	63
49	65
49	64
49	66
49	67
49	38
49	41
49	49
49	51
49	29
49	26
49	70
49	33
49	84
49	55
49	56
49	39
49	42
49	71
49	85
49	5
49	86
49	32
49	87
49	54
49	73
49	72
50	30
50	29
50	85
53	52
53	57
53	36
53	37
53	53
53	40
53	43
53	44
53	45
53	46
53	50
53	68
53	58
53	60
53	59
53	61
53	62
53	38
53	41
53	49
53	51
53	29
53	27
53	26
53	70
53	33
53	31
53	28
53	84
53	55
53	56
53	39
53	42
53	71
53	85
53	5
53	86
53	32
53	87
53	54
53	73
53	72
53	30
12	52
12	57
12	37
12	53
12	40
12	43
12	44
12	45
12	46
12	50
12	68
12	58
12	60
12	59
12	61
12	62
12	63
12	65
12	64
12	66
12	67
12	38
12	41
12	49
12	51
12	29
12	27
12	26
12	70
12	33
12	84
12	55
12	56
12	39
12	42
12	71
12	85
12	5
12	86
12	32
12	87
12	54
12	73
12	72
\.


--
-- Data for Name: semester_period; Type: TABLE DATA; Schema: public; Owner: -
--

COPY public.semester_period (semester_id, period_id) FROM stdin;
12	3
12	4
12	7
12	8
46	1
46	2
47	1
47	2
47	3
47	4
47	7
47	8
9	1
9	2
9	3
9	4
9	7
9	8
12	1
12	2
49	8
50	7
50	8
50	4
51	1
51	2
51	3
51	4
53	1
53	2
53	3
53	4
53	7
53	8
\.


--
-- Data for Name: semesters; Type: TABLE DATA; Schema: public; Owner: -
--

COPY public.semesters (id, current_semester, description, disable, end_day, start_day, year, default_semester) FROM stdin;
50	f	2021-2022-25	t	2021-09-03	2021-08-27	2025	f
51	f	2021-2022-33	t	2021-09-03	2021-08-27	2033	f
49	f	2021-2022-22	t	2021-09-03	2021-08-27	2022	f
12	f	2 2020- 2021	t	2021-05-15	2021-02-01	2021	f
9	f	1 2020- 2021	t	2020-12-31	2020-08-31	2020	f
46	f	1	t	2021-12-30	2021-09-01	2021	f
47	f	1 2021- 2022	f	2021-12-30	2021-09-01	2021	t
53	t	2	f	2022-05-19	2022-02-01	2022	f
\.


--
-- Data for Name: students; Type: TABLE DATA; Schema: public; Owner: -
--

COPY public.students (id, email, name, patronymic, surname, group_id) FROM stdin;
3	boyshuk5555998@bigmir.net	Олександр	Іванович	Бойчук	32
5	hasyuk.mariia@chnu.edu.ua	hasyuk.mariia@chnu.edu.ua	hasyuk.mariia@chnu.edu.ua	hasyuk.mariia@chnu.edu.ua	39
6	skorokhod.volodymyr@chnu.edu.ua	Володимир	Батькович	Скороход	39
7	puzenko.yevhen@chnu.edu.ua	Євген	Батькович	Пузенко	39
\.


--
-- Data for Name: subjects; Type: TABLE DATA; Schema: public; Owner: -
--

COPY public.subjects (id, disable, name) FROM stdin;
7	t	Pain
8	t	sadfsdf
12	t	test1
9	t	asdasd34
10	t	IOS
1	t	Computer Science
6	t	Lombok
11	t	new subject
4	t	Node.js
5	t	Servlets
3	t	Бекенд
2	t	Фронтенд
169	f	Українська  мова (за професійним спрямуванням)
15	f	Програмування
14	f	Алгебра і геометрія
13	f	Фізичне виховання
18	f	Іноземна мова
65	f	Вибрані розділи математичної фізики
170	f	Архітектура комп'ютерів
70	f	Інформаційні системи обліку
17	f	Дискретна математика
57	f	Диференціальна геометрія
114	f	Суч.ймовірн.задачі оптим.керув.та їх реалізація на ПК
32	f	Технології програмування на Java
38	t	Економетрика
29	t	Економіка
58	f	Комплексний аналіз
86	f	Математична логіка
89	f	Мат.статистика з елементами теорії випадкових процесів
79	f	Методика викладання інформатики в початковій школі
33	f	Моделювання жорстких систем
93	f	Основи криптології
62	f	Основи медичний знань
67	f	Платформи корпоративних інформаційних систем
48	f	Програмування мовою Python
52	f	Психологія (загальна, вікова, педагогічна)
35	f	Сучасні СУБД
257	f	Актуальні питання історії та культури України
90	f	Теоретична механіка
22	f	Лінійна алгебра
24	f	Аналітична геометрія
25	f	Вступ до спеціальності
26	f	Бази даниих та інформаційні системи
27	f	Операційні системи
28	f	Професійна іноземна мова
30	f	Теорія ймовірностей та математична статистика
31	f	Теорія програмування
36	f	Теорія алгоритмів
37	f	Основи теорії систем
39	f	Числові методи
40	f	Основи інтернет-технологгій
41	f	Математична теорія ризиків
42	f	Комп'ютерна математика
43	f	Іноземна мова (за професійним спрямуванням)
44	f	Алгоритми і структури даних
45	f	Диференціальні рівняння
46	f	Об'єктно-орієнтоване програмування
47	f	Web-технології та Web-програмування
77	f	Технології програмування мовою Python
50	f	Комп'ютерні мережі
51	f	Прикладний функціональний аналіз
53	f	Основи інформаційних технологій
54	f	Математичний аналіз2
16	f	Математичний аналіз1
55	f	Математичний аналіз
56	f	Алгебра і теорія чисел
60	f	Рівняння математичної фізики
61	f	Елементарна математика і методика викладання математики
63	f	Методика викладання математики
64	f	Методика викладання інформатики
66	f	Методи оптимізації та дослідження операцій
68	f	Проектування програмних систем
69	f	Системи та методи прийняття рішень
72	f	Теорія керування
73	f	Системний аналіз та теорія прийняття рішень
74	f	Випадкові процеси
75	f	Методи оптимізації
76	f	Основи математичного моделювання та системного аналізу
80	f	Інформаційно-комунікаційні технології в освіті
59	f	Теорія міри та інтеграла
83	f	Методи обчислень
84	f	Методика впровадження дослідних робіт з інформатики
87	f	Спец.курс (за вибором)4
88	f	Спец.курс
91	f	Теоретична фізика
92	f	Топологічні векторні простори
178	f	Обчислювальні методи
179	f	Філософія
82	f	Методика розв'язування олімп. задач з ІТ
94	f	Науковий семінар
99	f	Маг.семінар "Сучасні інформаційні технології"
102	f	Основи наукових досліджень
103	f	Математичний аналіз*
104	f	Методика викладання інформатики*
106	f	Інф.системи і техн.створення та управління проектами
107	f	Математичне моделювання динамічних систем і процесів
108	f	Мережеві інформаційні технології
109	f	Обробка структурованих та нестрктурованих даних BigData
110	f	Системи штучного інтелекту
111	f	Програмні засоби управління проектами
116	f	Розробка професійного програмного забезпечення
119	f	Системи і методи захисту інформації
121	f	Професійне та особистісне становлення вчителя ЗНЗ
122	f	Технології викладання математики у закладах освіти
123	f	Теорія функцій багатьох змінних
171	f	Математична логіка та теорія алгоритмів
128	f	Диференц.моделі соціальних та природничих процесів
129	f	Зображення геометричних фігур у просторі
78	f	Frontend-розробка Web-додатків
132	f	Англійська мова
133	f	Німецька мова
134	f	Французька мова
135	f	Математичний аналіз (консультація)
136	f	Програмування (консультація)
100	f	Філософія освіти і науки
173	f	Архітектура обчислювальних систем
174	f	Пакети прикладних програм
175	f	Олімпіадні задачі з інформаційних технологій
124	f	Інноваційні технології навчання в сучасній школі
120	f	Інтелектуальні системи екологічного моніторингу
81	f	Хмарні технології в освіті
130	f	Конфліктно-керовані процеси та нелінійні моделі
97	f	Інтелектуальна власність в ІТ-галузі
98	f	Інтелектуальні системи еколог.монітор.
96	f	Комунікації та теорії конфліктів
125	f	Основи інклюзивної педагогіки (Соціальна педагогіка)
117	t	Методи Data Science
105	f	Педагогіка і психологія вищої школи
95	f	Охорона праці в ІТ-галузі
113	f	Інтелектуальні системи прийняття рішень
118	f	Розробка крос-платформених додатків
258	f	Використання MS Excel y BigData
101	f	Охорона праці в галузі та цивільний захист
127	f	Соціальна педагогіка
131	f	Системи та методи захисту інформації
115	f	Технології розробки розподілених баз даних
126	f	Геометрія мас
180	f	Теорія алгоритмів (обчислювальні алгоритми)
181	f	Поглиблена 3D графіка
182	f	Інформаційні технології менеджменту
183	f	Бібліотеки мови Python
184	f	Бази даних та знань
49	f	Громадське здоров'я та медицина порятунку
185	f	Програмування у Visual Studio NET
186	f	Математичне моделювання еволюційних процесів
187	f	Розробка UI/UX дизайну
188	f	Педагогіка з основами педмайстерності
189	f	Комп'ютерні мережі та Інтернет
190	f	Програмно-педагогічні засоби навчання
191	f	Векторна та растрова графіка
192	f	Обчислювальна геометрія
193	f	Топологія
194	f	Обробка зображень та мультимедяя
196	f	Захист інформації
197	f	Платформи корпоративних інформ.систем
198	f	Програмування та підтримка Веб-застосунків
199	f	Системне програмування
201	f	Основи інформаційної безпеки
202	f	Теорія інформації та кодування
203	f	Серверна мова РНР
204	f	Контроль якості та тестування програмного забезпечення
205	f	Web-дизайн
207	f	Інтерпретована динамічна візуальна мова програмування
208	f	Функціональний аналіз
209	f	Нестандартні задачі математики та методи їх розв'язання
71	f	Комунікаційні технології в управлінні проектами
210	f	Узагальнені функції та їх застосування до ЗМФ
211	f	Загальна теорія функцій
212	f	Сучасні інформаційні технології
213	f	Теорія ймовірностей
214	f	Інтелектуальні інформаційні системи
215	f	Аналіз даних
216	f	Комунікації та теорія конфліктів
218	f	Розробка комп'ютерних ігор
219	f	Актуарна математика
220	f	Теорія компіляції
221	f	Математичне моделювання природничих процесів
222	f	Варіаційне числення і методи оптимізації
223	f	Управління навчальними процесами
224	f	Базові алгоритми олімпіадних задач з інформатики
225	f	Методика розв'язування олімпіадних задач з математики
226	f	Інформаційні технології у підготовці дидакт.матеріалів
227	f	Релігієзнавство
228	f	Основи геометрії
229	f	Лінійні оператори в просторах аналітичних функцій
230	f	Методологія та організація наукових досліджень
231	f	Багатопроцесорні машини та техн.паралельного прогр.
232	f	Маркетингові комунікації в інформаційному суспільстві
233	f	Методика викладання комп.наук у вищій школі
235	f	Комунікаційні технології аналітичних систем
236	f	Інтелект.системи прийняття рішень
237	f	Системи машинного навчання
238	f	Програмні засоби в системному аналізі
239	f	Технології паралельного програмування
240	f	Моделювання соціальних та кризових явищ
243	f	Розробка мобільних додатків для ОС Android
244	f	Java-технології в клієнт-серверних системах
245	f	Паралельне програмування
246	f	Магістерський семінар 1
247	f	Чисельні методи для розв'язування КЗ для РМФ
248	f	Задачі з параметрами
249	f	Сучасні технології в дистанційній освіті
250	f	ППЗН
251	f	Класифікація методів розв'язування олімпіадних задач
252	f	Гіперкомплексні системи числення
253	f	Методика викладання математики у закладах вищої освіти
254	f	Теорія наближень
255	f	Комунікаційні техн.в управлінні проектами
241	f	Сучасні клієнтські Web-технології
256	f	Вибрані питання теорії операторів у прост.аналіт.ф-цій
19	t	Актуальні питання історії та кул.України
259	f	Алгебра і геометрія*
260	f	Лінійна алгебра*
261	f	Диференціальні рівняння.
262	f	Ств.веб-додатків з вик.фреймворку Django мови Python
263	f	Здоров'язбережувальні техн.та домедична допомога
264	f	Основи інклюзивної освіти
266	f	Методи оптимізації та дослідження операцій.
217	f	Розробка програмних додатків для мобільних пристроїв
112	f	Сіткове планування
267	f	Історія математики
268	f	Задачі прикладного характеру
85	f	Геометричні перетворення
269	f	Стереометрія в задачах
271	f	Олімпіадні задачі з алгебри і теорії чисел
272	f	Прогнозування в системному аналізі
273	f	Стохаст.задачі оптим.керув.та їх реалізація на ПК
274	f	Методи DataScience
275	f	Теорія імпульсних систем
277	f	Партнерство і професійна комунікація вчителя
278	f	Технології викладання інформатики у закладах освіти
200	f	Математичні моделі макро- і мікроекономіки
242	f	Комп'ютерне моделювання еколого-економ.систем
176	f	Обчислювальна геометрія та комп'ютерна графіка
276	f	Інклюзивна педагогіка
234	f	Моделювання соціального-економічних та еколог.процесів
265	f	Вибрані питання Ріманової геометрії
206	f	Методика соціально-виховної роботи в сучасних умовах
279	f	Розподілені інформаційно-аналітичні системи
280	f	Безпека кіберпростору
282	f	Стратегії успішного бізнесу
283	f	Логіка та критичне мислення
284	f	Економічна психологія та етика бізнесу
285	f	Teambuilding (командоутворення)
286	f	Фінансова грамотність
287	f	Гендер і сексуальність
281	f	Практика особистої та ділової комунікації іноземною мовою
288	f	Ознайомлювальна практика
289	f	Вибіркова дисципліна із загальноуніверситетського переліку
\.


--
-- Data for Name: teachers; Type: TABLE DATA; Schema: public; Owner: -
--

COPY public.teachers (id, disable, name, patronymic, "position", surname, user_id, department_id) FROM stdin;
102	f	Наталія	Михайлівна	доцент	Попович	\N	\N
19	f	Ігор	Дмитрович	асистент	Скутар	\N	\N
21	f	Володимир	Васильович	професор	Михайлюк	\N	\N
23	f	Тарас	Іванович	доцент	Звоздецький	\N	\N
25	f	Михайло	Михайлович	професор	Попов	\N	\N
26	f	Василь	Володимирович	доцент	Нестеренко	\N	\N
7	t	Олександр	Петровичd	Професор	Рурський	44	\N
28	f	Олена	Георгіївна	асистент	Фотій	\N	\N
29	f	Олександр	Васильович	доцент	Собчук	\N	\N
30	f	Ігор	Михайлович	професор	Черевко	\N	\N
31	f	Наталія	Іллівна	асистент	Фонарюк	\N	\N
32	f	Тоня	Михайлівна	доцент	Фратавчан	\N	\N
34	f	Лариса	Андріївна	доцент	Піддубна	\N	\N
36	f	Ігор	Валерійович	доцент	Юрченко	\N	\N
38	f	Тарас	Олегович	доцент	Лукашів	\N	\N
5	t	Дмитро	Святославович	Юніті	Савостьянов	13	\N
40	f	Василь	Йосипович	доцент	Кушнірчук	\N	\N
41	f	Тетяна	Петрівна	доцент	Караванова	\N	\N
42	f	Андрій	Богданович	асистент	Дорош	\N	\N
43	f	Руслана	Степанівна	доцент	Колісник	\N	\N
44	f	Вадим	Ілліч	доцент	Мироник	\N	\N
45	f	Вікторія	Сергіївна	асистент	Лучко	\N	\N
46	f	Віра	Степанівна	доцент	Сікора	\N	\N
47	f	Наталія	Михайлівна	асистент	Шевчук	\N	\N
48	f	Ольга	Василівна	професор	Мартинюк	\N	\N
49	f	Світлана	Богданівна	доцент	Боднарук	\N	\N
50	f	Жана	Ілінічна	асистент	Довгей	\N	\N
52	f	Микола	Петрович	доцент	Філіпчук	\N	\N
53	f	Олександра	Володимирівна	асистент	Мудра	\N	\N
3	t	Денисs	Павлович	Помічник	Чікар	8	\N
20	f	Олександр	Володимирович	професор	Маслюченко	\N	\N
108	f	Владислав	Антонович	професор	Літовченко	\N	\N
66	f	Галина	Василівна	доцент	Мельник	\N	\N
67	f	Богдан	Дмитрович	доцент	Шепетюк	\N	\N
70	f	Олександр	Васильович	доцент	Матвій	\N	\N
71	f	Тетяна	Миколаївна	доцент	Сопронюк	\N	\N
37	f	Іван	Іванович	професор	Клевчук	\N	\N
96	f	Аліна	Андріївна	асистент	Плегуца	\N	\N
109	f	Ярослав	Ігорович	професор	Виклюк	\N	\N
153	f	Олександр	Михайлович	професор	Маханець	\N	\N
4	t	Anton	Petrovych	Cool	Shevchuk	38	\N
11	t	Tetiana	Tanasiivna	teacher	Vykliuk	48	\N
10	t	Макійaaaaaa	Іванович	Сейморв	Джудуж	\N	\N
1	t	Бамбіно	Брусте	Професор	Діно	14	\N
6	t	Дмитро	Васильович	Помічник	Колодюк	21	\N
111	f	Оксана	Леонідівна	доцент	Даскалюк	\N	\N
112	f	Наталія	Іванівна	доцент	Куб'як	\N	\N
145	f	Інна	Владиславівна	доцент	Ковальчук	\N	\N
147	f	Ірина	Ярославівна	доцент	Лісавенко	\N	\N
106	f	Тетяна	Іванівна	доцент	Радзиняк	\N	\N
149	f	Наталія	Олександрівна	асистент	Мельничук	\N	\N
150	f	Світлана	Володимирівна	асистент	Козубська	\N	\N
151	f	Ванда	Феліксівна	асистент	Комаровська-Воловик	\N	\N
152	f	Леонід	Вікторович	доцент	Гіков	\N	\N
101	t	Валентина	Візіторівна	професор	Балахтар	\N	\N
60	f	Іван	Михайлович	асистент	Данилюк	\N	\N
63	f	Світлана	Анатоліївна	асистент	Іліка	\N	\N
68	f	Роман	Іванович	професор	Петришин	\N	\N
69	f	Степан	Григорович	доцент	Блажевський	\N	\N
72	f	Лідія	Миколаївна	асистент	Сергєєва	\N	\N
73	f	Тетяна	Іванівна	доцент	Готинчан	\N	\N
77	f	Володимир	Миколайович	доцент	Лучко	\N	\N
78	f	Олег	Михайлович	доцент	Ленюк	\N	\N
75	f	Анастасія	Олександрівна	асистент	Юрійчук	\N	\N
79	f	Лілія	Михайлівна	доцент	Мельничук	\N	\N
80	f	Микола	Юрійович	асистент	Горбатенко	\N	\N
61	f	Андрій	Сергійович	доцент	Перцов	\N	\N
81	f	Василь	Григорович	доцент	Маценко	\N	\N
33	f	Галина	Петрівна	доцент	Івасюк	\N	1
35	f	Галина	Савеліївна	доцент	Пасічник	\N	\N
65	f	Ярослав	Йосипович	професор	Бігун	\N	\N
97	f	Ганна	Павлівна	доцент	Бигар	\N	\N
64	f	Ірина	Вікторівна	доцент	Дорошенко	\N	\N
51	f	Лілія	Миколаївна	асистент	Дробіна	\N	\N
22	f	Олена	Олексіївна	професор	Карлова	\N	\N
82	f	Галина	Михайлівна	доцент	Перун	\N	\N
83	f	Іван	Васильович	професор	Житарюк	\N	\N
84	f	Ірина	Іванівна	асистент	Тузик	\N	\N
85	f	Олена	Миколаївна	асистент	Гусак	\N	\N
87	f	Лілія	Вікторівна	асистент	Маковійчук	\N	\N
89	f	Руслан	Володимирович	асистент	Вакарюк	\N	\N
90	f	Ірина	Олександрівна	асистент	Захарчук	\N	\N
91	f	Тетяна	Василівна	асистент	Тоненчук	\N	\N
95	f	Лариса	Броніславівна	доцент	Платаш	\N	\N
100	f	Інна	Владиславівна	доцент	Ковальчук	\N	\N
99	t	Василь	Сергійович	асистент	Мельник	\N	\N
98	t	Ольга	Сергіївна	доцент	Шестобуз	\N	\N
105	f	Денис	Павлович	асистент	Онипа	\N	\N
107	f	Дмитро	Валерійович	асистент	Шкільнюк	\N	\N
110	f	Ірина	Петрівна	доцент	Лусте	\N	\N
146	f	Тетяна	Олександрівна	асистент	Ільчук	\N	\N
94	f	Оксана	Євгенівна	доцент	Гордійчук	\N	\N
76	f	Світлана	Сільвестрівна	доцент	Доскач	\N	\N
93	f	Лариса	Василівна	доцент	Мафтин	\N	\N
92	f	Ірина	Іванівна	доцент	Никифорак	\N	\N
74	f	Людмила	Вікторівна	доцент	Романів	\N	\N
161	f	Наталія	Вікторівна	асистент	Цинтар	\N	\N
162	f	Оксана	Мирославівна	асистент	Яцько	\N	6
163	f	Василь	Іванович	асистент	Гуцул 	\N	3
54	t	Олександр	Олександрович	асистент	Блажевський	\N	\N
164	f	Тарас	Васильович	доцент	Палагнюк	\N	\N
165	f	Маргарита	Григорівна	доцент	Рождественська	\N	\N
166	f	Ігор	Володимирович	доцент	Малик	\N	\N
88	f	Мирослава 	Миколаївна	асистент	Шенько	\N	\N
168	f	Михайло	Михайлович	професор	Попович	\N	\N
169	f	Олена	Олегівна	асистент	Лусте	\N	\N
170	f	Ігор	Генадійович	асистент	Руснак	\N	\N
171	f	Тетяна	Вячеславівна	доцент	Медіна	\N	\N
172	f	Вікторія	Іванівна	доцент	Кіфяк	\N	\N
173	f	Наталія	Василівна	доцент	Філіпчук	\N	\N
175	f	Оксана	Михайлівна	доцент	Грубляк	\N	\N
178	f	Марина	Романівна	доцент	Смірнова	\N	\N
62	f	Наталія	Вікторівна	асистент	Романенко	\N	4
180	f	Людмила	Іванівна	професор	Тимчук	\N	\N
183	f	Викладач	Викладач	асистент	Викладач	\N	\N
\.


--
-- Data for Name: temporary_schedule; Type: TABLE DATA; Schema: public; Owner: -
--

COPY public.temporary_schedule (id, date, grouped, lesson_id, lessontype, subject_for_site, teacher_for_site, vacation, group_id, period_id, room_id, semester_id, subject_id, teacher_id, notification, schedule_id, link_to_meeting) FROM stdin;
\.


--
-- Data for Name: users; Type: TABLE DATA; Schema: public; Owner: -
--

COPY public.users (id, email, password, role, token) FROM stdin;
11	test41@test.com	$2a$10$JY/bzDg4cY6Am1R1RPkk2.JieH0DRKSjQ1FwAUt9BMSnIp/H4bNzC	ROLE_USER	33dd9cb6-75db-4222-b036-66f235a787c1
12	test50@test.com	$2a$10$.RGmFapkahytT9xtgnJspOUmzeVRyXtrHtxY1hdybyNSX7U33XrPK	ROLE_USER	f6abe608-6381-4f87-b9c8-139ec5892be5
15	test410@test.com	$2a$10$bpJDasyJxm.ltw5ZMZYZHe0hmddKKAqvYP4CQMzRkZYaL.2jionQG	ROLE_USER	a6b56362-6170-4d5b-a1d8-1a7067a75c69
17	das@mail.com	$2a$10$.kRighywghveMzRXAPC.r.muVm5jh.sZb5nhlm871LF2.oqV.9fZ6	ROLE_USER	918b5320-81c2-4883-819c-bf1fdc44ba94
1	folf_test@test.com	$2a$10$a/wpHr7KA8.gvk8kmOvIr.wCK2mZUp0Jv46MzIoVW4Y/PYMS/pmcC	ROLE_MANAGER	\N
3	Fedir_@i.ua	$2a$10$a/wpHr7KA8.gvk8kmOvIr.wCK2mZUp0Jv46MzIoVW4Y/PYMS/pmcC	ROLE_MANAGER	\N
9	test4@test.com	$2a$10$fwBnMzbASCdAHaeiwlNji.Y9EnitJevRdHOrwIEYjlBbPBl7sq4ea	ROLE_TEACHER	0bbb3631-be44-4bc2-930e-4d377c4da9ff
20	oleksandrkravets1995@gmail.com	$2a$10$PgvbsX9gmvBDcXcWcU0Ak.RcluITm77XQCrsvZZsHMGlA4nY3wFye	ROLE_MANAGER	\N
6	test@test.com	$2a$10$J7mqEk43IlKMZD72NqaYi.IcCi/fNFYqpjNyed/aVpiQCr17.cIVe	ROLE_USER	3bf11b95-3771-4533-9fa5-0311e2fea7d8
22	aaaaasdfcvgtbhj7ku@gmail.com	adsfdvgftjhgn	ROLE_USER	\N
23	noname@gmail.com	adsfdvgftjhgn	ROLE_USER	\N
25	noname2@gmail.com	adsfdvgftjhgn	ROLE_USER	\N
2	vasja.mazuryk@gmail.com	$2a$04$SpUhTZ/SjkDQop/Zvx1.seftJdqvOploGce/wau247zQhpEvKtz9.	ROLE_MANAGER	\N
26	Fedir_@email.ua	$2a$10$KxihjeqGUUUoEf7WrOEjbu77C8VTfEWK5kDnDVNkGkKA8C1fZ2QZK	ROLE_USER	d906f12c-4a7d-478f-9fd5-08e57efac2ad
32	test4021312312312312@test.com	$2a$10$hqtQdFER6EXsDsbLaWw6g.e92lGob99jwImkLSNCMlVrE0LAbRFYO	ROLE_USER	3625ca8c-d2b0-49fa-a35c-a9896f5b69ee
10	test40@test.com	$2a$10$HrN7h.UlANnxyNlgvHQ7eOKI4RGWoqfzCiAt4RLq649rsSLsSNaGq	ROLE_TEACHER	5ae335bc-cc26-491e-a366-cc532e892a7c
4	aaaaqewdf@gmail.com	string	ROLE_USER	\N
19	aaaaqewdfaaa@gmail.com	string	ROLE_USER	\N
18	degvtawsfdgnf@gmail.com	string	ROLE_USER	\N
28	jowiti1173@emailhost99.com	$2a$10$0c/pG/8U/yjhFNBniCyYHOAas4gOF.O9b8ZJTsDEvjn4xQ338J3M6	ROLE_USER	\N
34	oleksandrkravets1995123213312@gmail.com	$2a$10$x38zos8srXPYtM1HrkRVtOzWf9lRQKmmLvzRccf9A7/6TiZAd87WO	ROLE_USER	d5d9cf02-0b8e-4a17-b223-67d492f3e5ff
30	aaaassssssasqewdf@gmail.com	string	ROLE_USER	\N
29	aaaasssssaasasqewdf@gmail.com	string	ROLE_USER	\N
33	mitrobaz91@gmail.com	$2a$10$AkdUxFiC.NUS7nC1S4wrh.5HOU8s5Hqev2ZVvNlhvxrU6GKCrrgui	ROLE_USER	\N
35	toxa13.01@ukr.net	$2a$10$gGqAlAo4jXtdUw6fQHFsDuy19lDz9fcnEfQ4JCkzTd/ucs61zJPpu	ROLE_USER	dedf6dc2-d603-4605-987e-c30fb27475f0
36	toxa13.02@ukr.net	$2a$10$n42piLaPdPXrjztMBqkaJurcKRRD0yZodW.S282aY1vS3GbKtgqhS	ROLE_USER	893b2551-8610-49d3-9613-d8652a31da65
27	aaaaaa@gmail.com	aaaavregtdrfhberb	ROLE_USER	\N
37	sdfsdvsdvdv@gmail.com	stringsssss	ROLE_USER	\N
8	test_user	$2a$04$SpUhTZ/SjkDQop/Zvx1.seftJdqvOploGce/wau247zQhpEvKtz9.	ROLE_TEACHER	\N
42	test540123@test.com	$2a$10$gj3wgw2LcEBqEZlvWj1TO.F4lW0UZ9Hmp2Wi2jdWiD3uk2HDAkHQW	ROLE_USER	c6d151b1-8535-4fd5-933e-1a2c69099656
43	gafowe1087@coalamails.com	$2a$10$8hKpi/Vj5vMwqdVPcSVArOMlXw/L7lz/QWXYGgMHsooiqEG5G177G	ROLE_TEACHER	\N
50	notice.board1221@gmail.com	$2a$10$U1QB090zQBtbWKVb0dBLT.E1Y9KH1tddOcfAYLUZHvx/Q1aWs1IkK	ROLE_USER	\N
40	stringsds@gmail.com	stringsdsd	ROLE_USER	\N
45	stringsds111@gmail.com	stringsdsd	ROLE_USER	\N
47	stringsdcfervedb@gmail.com	string	ROLE_USER	\N
46	stringaasasq@gmail.com	string	ROLE_USER	\N
49	stringasdfvsrg@gmail.com	$2a$10$/gCJFc6ithNWbZuj9EGFSO1Wb2hJCQP.EJhS.ettiCTFTpxYLeNXO	ROLE_USER	8cfb8c81-4025-457c-881b-8cf2193838e3
44	toxa13.00@ukr.net	$2a$10$WQT0t7ql5JkRoEqG7D7jMeRqjbtyAwLkBKHiz7Ect.X/FSQTfVWHO	ROLE_USER	\N
13	test45@test.com	$2a$10$zmLW/J700eouFqK3f9BThep2ca0caPFRDrEPEijInUSD/ngIbqxCC	ROLE_USER	c496655b-37e2-40fd-8661-7decaecf631b
38	mnepohuinanickname@gmail.com	$2a$10$5fbAftld306o4Ug84Pe6IOTYoW9ITGTgosP6Otvj4YCMKKbZ5SpTe	ROLE_USER	\N
48	tanya.vykliuk@gmail.com	$2a$10$rrFW0heVYunJFJwfLvggl.VresUzyJKZgc79.MRrfGB6XwitjLQKe	ROLE_USER	\N
14	test80@test.com	$2a$10$x7KDBNenz3PLeaXdYjXyFuHL/9GRmMpVzrqh1AZ9NUyyokCpEQysS	ROLE_USER	14fe6942-85da-49cb-a14e-3b743820e36e
21	aaaa@gmail.com	$2a$04$zpA2SNu7WAjToGz5C6ZKKOCwYnOHpMQ1bEisxfwWtMTM3jJMugAkq	ROLE_USER	\N
7	i.masliuchenko@chnu.edu.ua	$2a$04$zpA2SNu7WAjToGz5C6ZKKOCwYnOHpMQ1bEisxfwWtMTM3jJMugAkq	ROLE_MANAGER	\N
16	petrofediuk004@gmail.com	$2a$04$zpA2SNu7WAjToGz5C6ZKKOCwYnOHpMQ1bEisxfwWtMTM3jJMugAkq	ROLE_TEACHER	\N
65	ivankozmulyak@gmail.com	$2a$10$yg9fyW242kM.Rz0tLa8LReYaQzskLOElilC.vonvxHU1yMIsKyFWy	ROLE_USER	fe814151-62a7-4745-96e5-34e29b45c52d
66	herasymchuk.anastasiia@chnu.edu.ua	$2a$10$5LAQW.cXwh6TkZncy9p8C.3DkOOM3WDquvfnliDYjdOTB0cMBpV8a	ROLE_USER	26dd3055-0639-474f-8a4a-be37edfd4e6f
68	admin@gmail.com	$2a$10$o.Q3V2u2TcRgMlup2E3m3OhQrK2jOuRhV5H3iBs5AEK6Oh1BSmy4G	ROLE_USER	b8b09edc-d141-4317-bd29-a01a08ba1694
67	offic6e@chnu.edu.ua	$2a$10$34kt/1Zt4SdxZCSg8tv8oei53REQgH6qZ/TDGU.7O19i61anT7yiK	ROLE_USER	d731d3df-30b0-422f-8cae-4551df03a216
73	gerasymchuk88888888@gmail.com	A&vbSdvSeук4му%ца349ІВмк432ем0!Qfdruevvb	ROLE_USER	\N
64	kondrserg1@gmail.com	$2a$10$VGyx651t21jGGx0aVVKK4uFvyV6nl6NYu4LJQJkWB5YUobrlF4zRu	ROLE_MANAGER	\N
78	yashchemskyio@gmail.com	A&vbSdvSeук4му%ца349ІВмк432ем0!Qfdruevvb	ROLE_USER	\N
77	ivan.demianchuk@kpk-lp.com.ua	A&vbSdvSeук4му%ца349ІВмк432ем0!Qfdruevvb	ROLE_USER	\N
79	akr1sdevelop@gmail.com	A&vbSdvSeук4му%ца349ІВмк432ем0!Qfdruevvb	ROLE_USER	\N
80	viktoriia.kosovan@gmail.com	A&vbSdvSeук4му%ца349ІВмк432ем0!Qfdruevvb	ROLE_USER	\N
\.


--
-- Name: department_id_seq; Type: SEQUENCE SET; Schema: public; Owner: -
--

SELECT pg_catalog.setval('public.department_id_seq', 8, true);


--
-- Name: groups_id_seq; Type: SEQUENCE SET; Schema: public; Owner: -
--

SELECT pg_catalog.setval('public.groups_id_seq', 91, true);


--
-- Name: lessons_group_id_seq; Type: SEQUENCE SET; Schema: public; Owner: -
--

SELECT pg_catalog.setval('public.lessons_group_id_seq', 1, false);


--
-- Name: lessons_id_seq; Type: SEQUENCE SET; Schema: public; Owner: -
--

SELECT pg_catalog.setval('public.lessons_id_seq', 2795, true);


--
-- Name: lessons_semester_id_seq; Type: SEQUENCE SET; Schema: public; Owner: -
--

SELECT pg_catalog.setval('public.lessons_semester_id_seq', 101, true);


--
-- Name: lessons_subject_id_seq; Type: SEQUENCE SET; Schema: public; Owner: -
--

SELECT pg_catalog.setval('public.lessons_subject_id_seq', 1, false);


--
-- Name: lessons_teacher_id_seq; Type: SEQUENCE SET; Schema: public; Owner: -
--

SELECT pg_catalog.setval('public.lessons_teacher_id_seq', 1, false);


--
-- Name: periods_id_seq; Type: SEQUENCE SET; Schema: public; Owner: -
--

SELECT pg_catalog.setval('public.periods_id_seq', 9, true);


--
-- Name: room_types_id_seq; Type: SEQUENCE SET; Schema: public; Owner: -
--

SELECT pg_catalog.setval('public.room_types_id_seq', 9, true);


--
-- Name: rooms_id_seq; Type: SEQUENCE SET; Schema: public; Owner: -
--

SELECT pg_catalog.setval('public.rooms_id_seq', 118, true);


--
-- Name: rooms_room_type_id_seq; Type: SEQUENCE SET; Schema: public; Owner: -
--

SELECT pg_catalog.setval('public.rooms_room_type_id_seq', 1, false);


--
-- Name: schedules_id_seq; Type: SEQUENCE SET; Schema: public; Owner: -
--

SELECT pg_catalog.setval('public.schedules_id_seq', 5186, true);


--
-- Name: schedules_lesson_id_seq; Type: SEQUENCE SET; Schema: public; Owner: -
--

SELECT pg_catalog.setval('public.schedules_lesson_id_seq', 1, false);


--
-- Name: schedules_period_id_seq; Type: SEQUENCE SET; Schema: public; Owner: -
--

SELECT pg_catalog.setval('public.schedules_period_id_seq', 1, false);


--
-- Name: schedules_room_id_seq; Type: SEQUENCE SET; Schema: public; Owner: -
--

SELECT pg_catalog.setval('public.schedules_room_id_seq', 1, false);


--
-- Name: semester_day_semester_id_seq; Type: SEQUENCE SET; Schema: public; Owner: -
--

SELECT pg_catalog.setval('public.semester_day_semester_id_seq', 1, false);


--
-- Name: semester_period_period_id_seq; Type: SEQUENCE SET; Schema: public; Owner: -
--

SELECT pg_catalog.setval('public.semester_period_period_id_seq', 1, false);


--
-- Name: semester_period_semester_id_seq; Type: SEQUENCE SET; Schema: public; Owner: -
--

SELECT pg_catalog.setval('public.semester_period_semester_id_seq', 1, false);


--
-- Name: semesters_id_seq; Type: SEQUENCE SET; Schema: public; Owner: -
--

SELECT pg_catalog.setval('public.semesters_id_seq', 54, true);


--
-- Name: students_id_seq; Type: SEQUENCE SET; Schema: public; Owner: -
--

SELECT pg_catalog.setval('public.students_id_seq', 12, true);


--
-- Name: subjects_id_seq; Type: SEQUENCE SET; Schema: public; Owner: -
--

SELECT pg_catalog.setval('public.subjects_id_seq', 289, true);


--
-- Name: teachers_id_seq; Type: SEQUENCE SET; Schema: public; Owner: -
--

SELECT pg_catalog.setval('public.teachers_id_seq', 183, true);


--
-- Name: temporary_schedule_group_id_seq; Type: SEQUENCE SET; Schema: public; Owner: -
--

SELECT pg_catalog.setval('public.temporary_schedule_group_id_seq', 1, false);


--
-- Name: temporary_schedule_id_seq; Type: SEQUENCE SET; Schema: public; Owner: -
--

SELECT pg_catalog.setval('public.temporary_schedule_id_seq', 1, true);


--
-- Name: temporary_schedule_period_id_seq; Type: SEQUENCE SET; Schema: public; Owner: -
--

SELECT pg_catalog.setval('public.temporary_schedule_period_id_seq', 1, false);


--
-- Name: temporary_schedule_room_id_seq; Type: SEQUENCE SET; Schema: public; Owner: -
--

SELECT pg_catalog.setval('public.temporary_schedule_room_id_seq', 1, false);


--
-- Name: temporary_schedule_semester_id_seq; Type: SEQUENCE SET; Schema: public; Owner: -
--

SELECT pg_catalog.setval('public.temporary_schedule_semester_id_seq', 1, false);


--
-- Name: temporary_schedule_subject_id_seq; Type: SEQUENCE SET; Schema: public; Owner: -
--

SELECT pg_catalog.setval('public.temporary_schedule_subject_id_seq', 1, false);


--
-- Name: temporary_schedule_teacher_id_seq; Type: SEQUENCE SET; Schema: public; Owner: -
--

SELECT pg_catalog.setval('public.temporary_schedule_teacher_id_seq', 1, false);


--
-- Name: users_id_seq; Type: SEQUENCE SET; Schema: public; Owner: -
--

SELECT pg_catalog.setval('public.users_id_seq', 84, true);


--
-- Name: department department_pkey; Type: CONSTRAINT; Schema: public; Owner: -
--

ALTER TABLE ONLY public.department
    ADD CONSTRAINT department_pkey PRIMARY KEY (id);


--
-- Name: groups groups_pkey; Type: CONSTRAINT; Schema: public; Owner: -
--

ALTER TABLE ONLY public.groups
    ADD CONSTRAINT groups_pkey PRIMARY KEY (id);


--
-- Name: lessons lessons_pkey; Type: CONSTRAINT; Schema: public; Owner: -
--

ALTER TABLE ONLY public.lessons
    ADD CONSTRAINT lessons_pkey PRIMARY KEY (id);


--
-- Name: periods periods_pkey; Type: CONSTRAINT; Schema: public; Owner: -
--

ALTER TABLE ONLY public.periods
    ADD CONSTRAINT periods_pkey PRIMARY KEY (id);


--
-- Name: room_types room_types_pkey; Type: CONSTRAINT; Schema: public; Owner: -
--

ALTER TABLE ONLY public.room_types
    ADD CONSTRAINT room_types_pkey PRIMARY KEY (id);


--
-- Name: rooms rooms_pkey; Type: CONSTRAINT; Schema: public; Owner: -
--

ALTER TABLE ONLY public.rooms
    ADD CONSTRAINT rooms_pkey PRIMARY KEY (id);


--
-- Name: schedules schedules_pkey; Type: CONSTRAINT; Schema: public; Owner: -
--

ALTER TABLE ONLY public.schedules
    ADD CONSTRAINT schedules_pkey PRIMARY KEY (id);


--
-- Name: semester_group semester_group_pkey; Type: CONSTRAINT; Schema: public; Owner: -
--

ALTER TABLE ONLY public.semester_group
    ADD CONSTRAINT semester_group_pkey PRIMARY KEY (semester_id, group_id);


--
-- Name: semester_period semester_period_pkey; Type: CONSTRAINT; Schema: public; Owner: -
--

ALTER TABLE ONLY public.semester_period
    ADD CONSTRAINT semester_period_pkey PRIMARY KEY (semester_id, period_id);


--
-- Name: semesters semesters_pkey; Type: CONSTRAINT; Schema: public; Owner: -
--

ALTER TABLE ONLY public.semesters
    ADD CONSTRAINT semesters_pkey PRIMARY KEY (id);


--
-- Name: students students_pkey; Type: CONSTRAINT; Schema: public; Owner: -
--

ALTER TABLE ONLY public.students
    ADD CONSTRAINT students_pkey PRIMARY KEY (id);


--
-- Name: subjects subjects_pkey; Type: CONSTRAINT; Schema: public; Owner: -
--

ALTER TABLE ONLY public.subjects
    ADD CONSTRAINT subjects_pkey PRIMARY KEY (id);


--
-- Name: teachers teachers_pkey; Type: CONSTRAINT; Schema: public; Owner: -
--

ALTER TABLE ONLY public.teachers
    ADD CONSTRAINT teachers_pkey PRIMARY KEY (id);


--
-- Name: temporary_schedule temporary_schedule_pkey; Type: CONSTRAINT; Schema: public; Owner: -
--

ALTER TABLE ONLY public.temporary_schedule
    ADD CONSTRAINT temporary_schedule_pkey PRIMARY KEY (id);


--
-- Name: users uk_6dotkott2kjsp8vw4d0m25fb7; Type: CONSTRAINT; Schema: public; Owner: -
--

ALTER TABLE ONLY public.users
    ADD CONSTRAINT uk_6dotkott2kjsp8vw4d0m25fb7 UNIQUE (email);


--
-- Name: subjects uk_aodt3utnw0lsov4k9ta88dbpr; Type: CONSTRAINT; Schema: public; Owner: -
--

ALTER TABLE ONLY public.subjects
    ADD CONSTRAINT uk_aodt3utnw0lsov4k9ta88dbpr UNIQUE (name);


--
-- Name: periods uk_bgj9vbqf54b7iryxqu895bggh; Type: CONSTRAINT; Schema: public; Owner: -
--

ALTER TABLE ONLY public.periods
    ADD CONSTRAINT uk_bgj9vbqf54b7iryxqu895bggh UNIQUE (name);


--
-- Name: department uk_biw7tevwc07g3iutlbmkes0cm; Type: CONSTRAINT; Schema: public; Owner: -
--

ALTER TABLE ONLY public.department
    ADD CONSTRAINT uk_biw7tevwc07g3iutlbmkes0cm UNIQUE (name);


--
-- Name: groups uk_ct3jhny5hfe6uj2osyn8a4p83; Type: CONSTRAINT; Schema: public; Owner: -
--

ALTER TABLE ONLY public.groups
    ADD CONSTRAINT uk_ct3jhny5hfe6uj2osyn8a4p83 UNIQUE (title);


--
-- Name: students uk_e2rndfrsx22acpq2ty1caeuyw; Type: CONSTRAINT; Schema: public; Owner: -
--

ALTER TABLE ONLY public.students
    ADD CONSTRAINT uk_e2rndfrsx22acpq2ty1caeuyw UNIQUE (email);


--
-- Name: room_types uk_gunh6313ruq1dghti9p00529u; Type: CONSTRAINT; Schema: public; Owner: -
--

ALTER TABLE ONLY public.room_types
    ADD CONSTRAINT uk_gunh6313ruq1dghti9p00529u UNIQUE (description);


--
-- Name: users users_pkey; Type: CONSTRAINT; Schema: public; Owner: -
--

ALTER TABLE ONLY public.users
    ADD CONSTRAINT users_pkey PRIMARY KEY (id);


--
-- Name: schedules fk34r5t4jexlcas19pleifb8ihv; Type: FK CONSTRAINT; Schema: public; Owner: -
--

ALTER TABLE ONLY public.schedules
    ADD CONSTRAINT fk34r5t4jexlcas19pleifb8ihv FOREIGN KEY (room_id) REFERENCES public.rooms(id);


--
-- Name: semester_day fk36f17dewxqjhb23rhlmc7slk3; Type: FK CONSTRAINT; Schema: public; Owner: -
--

ALTER TABLE ONLY public.semester_day
    ADD CONSTRAINT fk36f17dewxqjhb23rhlmc7slk3 FOREIGN KEY (semester_id) REFERENCES public.semesters(id);


--
-- Name: temporary_schedule fk3hid2313ah5gjqqye9d3eik2g; Type: FK CONSTRAINT; Schema: public; Owner: -
--

ALTER TABLE ONLY public.temporary_schedule
    ADD CONSTRAINT fk3hid2313ah5gjqqye9d3eik2g FOREIGN KEY (room_id) REFERENCES public.rooms(id);


--
-- Name: schedules fk4g2p59v3jm7hk6a9ufdufy8ie; Type: FK CONSTRAINT; Schema: public; Owner: -
--

ALTER TABLE ONLY public.schedules
    ADD CONSTRAINT fk4g2p59v3jm7hk6a9ufdufy8ie FOREIGN KEY (period_id) REFERENCES public.periods(id);


--
-- Name: semester_group fk4j15tivie8ttfhl0s7x3o3syv; Type: FK CONSTRAINT; Schema: public; Owner: -
--

ALTER TABLE ONLY public.semester_group
    ADD CONSTRAINT fk4j15tivie8ttfhl0s7x3o3syv FOREIGN KEY (semester_id) REFERENCES public.semesters(id);


--
-- Name: schedules fk7f954gltrwny6pe4see76kpw8; Type: FK CONSTRAINT; Schema: public; Owner: -
--

ALTER TABLE ONLY public.schedules
    ADD CONSTRAINT fk7f954gltrwny6pe4see76kpw8 FOREIGN KEY (lesson_id) REFERENCES public.lessons(id);


--
-- Name: semester_period fk94poii1rmjhoevjx7bsymtbtd; Type: FK CONSTRAINT; Schema: public; Owner: -
--

ALTER TABLE ONLY public.semester_period
    ADD CONSTRAINT fk94poii1rmjhoevjx7bsymtbtd FOREIGN KEY (semester_id) REFERENCES public.semesters(id);


--
-- Name: temporary_schedule fka1bsm9fsuxn5t098i2cb7nncu; Type: FK CONSTRAINT; Schema: public; Owner: -
--

ALTER TABLE ONLY public.temporary_schedule
    ADD CONSTRAINT fka1bsm9fsuxn5t098i2cb7nncu FOREIGN KEY (group_id) REFERENCES public.groups(id);


--
-- Name: temporary_schedule fkaqmj2bajc0ud8wproqn4843pk; Type: FK CONSTRAINT; Schema: public; Owner: -
--

ALTER TABLE ONLY public.temporary_schedule
    ADD CONSTRAINT fkaqmj2bajc0ud8wproqn4843pk FOREIGN KEY (semester_id) REFERENCES public.semesters(id);


--
-- Name: lessons fkbr76cuebuufbbltujpfq04tto; Type: FK CONSTRAINT; Schema: public; Owner: -
--

ALTER TABLE ONLY public.lessons
    ADD CONSTRAINT fkbr76cuebuufbbltujpfq04tto FOREIGN KEY (teacher_id) REFERENCES public.teachers(id);


--
-- Name: lessons fke94a0k21xpi7glv89af90lwjv; Type: FK CONSTRAINT; Schema: public; Owner: -
--

ALTER TABLE ONLY public.lessons
    ADD CONSTRAINT fke94a0k21xpi7glv89af90lwjv FOREIGN KEY (subject_id) REFERENCES public.subjects(id);


--
-- Name: rooms fkh9m2n1paq5hmd3u0klfl7wsfv; Type: FK CONSTRAINT; Schema: public; Owner: -
--

ALTER TABLE ONLY public.rooms
    ADD CONSTRAINT fkh9m2n1paq5hmd3u0klfl7wsfv FOREIGN KEY (room_type_id) REFERENCES public.room_types(id);


--
-- Name: lessons fkil1jt6gri8x6yfaa3ijf7d6d9; Type: FK CONSTRAINT; Schema: public; Owner: -
--

ALTER TABLE ONLY public.lessons
    ADD CONSTRAINT fkil1jt6gri8x6yfaa3ijf7d6d9 FOREIGN KEY (semester_id) REFERENCES public.semesters(id);


--
-- Name: teachers fkl19hwymwn2ra2gwwty5trvyas; Type: FK CONSTRAINT; Schema: public; Owner: -
--

ALTER TABLE ONLY public.teachers
    ADD CONSTRAINT fkl19hwymwn2ra2gwwty5trvyas FOREIGN KEY (department_id) REFERENCES public.department(id);


--
-- Name: semester_period fkm237asf73ugk3vvw47aq266kl; Type: FK CONSTRAINT; Schema: public; Owner: -
--

ALTER TABLE ONLY public.semester_period
    ADD CONSTRAINT fkm237asf73ugk3vvw47aq266kl FOREIGN KEY (period_id) REFERENCES public.periods(id);


--
-- Name: students fkmsev1nou0j86spuk5jrv19mss; Type: FK CONSTRAINT; Schema: public; Owner: -
--

ALTER TABLE ONLY public.students
    ADD CONSTRAINT fkmsev1nou0j86spuk5jrv19mss FOREIGN KEY (group_id) REFERENCES public.groups(id);


--
-- Name: temporary_schedule fko7tild8vhrqlodd3oaf8acvyw; Type: FK CONSTRAINT; Schema: public; Owner: -
--

ALTER TABLE ONLY public.temporary_schedule
    ADD CONSTRAINT fko7tild8vhrqlodd3oaf8acvyw FOREIGN KEY (teacher_id) REFERENCES public.teachers(id);


--
-- Name: semester_group fkpf19s66cmi8qpqc0iaeigbrhh; Type: FK CONSTRAINT; Schema: public; Owner: -
--

ALTER TABLE ONLY public.semester_group
    ADD CONSTRAINT fkpf19s66cmi8qpqc0iaeigbrhh FOREIGN KEY (group_id) REFERENCES public.groups(id);


--
-- Name: temporary_schedule fkqn6ufkok0nhqdkn46ctqckb76; Type: FK CONSTRAINT; Schema: public; Owner: -
--

ALTER TABLE ONLY public.temporary_schedule
    ADD CONSTRAINT fkqn6ufkok0nhqdkn46ctqckb76 FOREIGN KEY (subject_id) REFERENCES public.subjects(id);


--
-- Name: temporary_schedule fkr76lbhlv0di8ix7iviixs0p4g; Type: FK CONSTRAINT; Schema: public; Owner: -
--

ALTER TABLE ONLY public.temporary_schedule
    ADD CONSTRAINT fkr76lbhlv0di8ix7iviixs0p4g FOREIGN KEY (period_id) REFERENCES public.periods(id);


--
-- Name: lessons fktdolsaotaqlwxbxwaxt00kimk; Type: FK CONSTRAINT; Schema: public; Owner: -
--

ALTER TABLE ONLY public.lessons
    ADD CONSTRAINT fktdolsaotaqlwxbxwaxt00kimk FOREIGN KEY (group_id) REFERENCES public.groups(id);


--
-- Name: SCHEMA public; Type: ACL; Schema: -; Owner: -
--

GRANT ALL ON SCHEMA public TO PUBLIC;


--
-- Name: LANGUAGE plpgsql; Type: ACL; Schema: -; Owner: -
--

GRANT ALL ON LANGUAGE plpgsql TO postgres;


--
-- PostgreSQL database dump complete
--

